mc	mn	quarterbeats	quarterbeats_all_endings	duration_qb	volta	mc_onset	mn_onset	timesig	staff	voice	duration	gracenote	nominal_duration	scalar	tied	tpc	midi	name	octave	chord_id
1	1	1	1	1.0		1/4	1/4	2/2	1	1	1/4		1/4	1		5	59	B3	3	0
1	1	2	2	1.0		1/2	1/2	2/2	1	1	1/4		1/4	1		7	61	C#4	4	1
1	1	2	2	1.0		1/2	1/2	2/2	1	1	1/4		1/4	1		4	64	E4	4	1
1	1	3	3	1.0		3/4	3/4	2/2	1	1	1/4		1/4	1		0	60	C4	4	2
1	1	3	3	1.0		3/4	3/4	2/2	1	1	1/4		1/4	1		6	66	F#4	4	2
2	2	4	4	1.0		0	0	2/2	2	1	1/4		1/4	1		4	40	E2	2	12
2	2	4	4	1.0		0	0	2/2	2	1	1/4		1/4	1		5	47	B2	2	12
2	2	4	4	4.0		0	0	2/2	1	2	1		1	1		5	59	B3	3	11
2	2	4	4	0.75		0	0	2/2	1	1	3/16		1/8	3/2		1	67	G4	4	3
2	2	19/4	19/4	0.25		3/16	3/16	2/2	1	1	1/16		1/16	1		-2	70	Bb4	4	4
2	2	5	5	1.0		1/4	1/4	2/2	2	1	1/4		1/4	1		8	56	G#3	3	13
2	2	5	5	1.0		1/4	1/4	2/2	2	1	1/4		1/4	1		7	61	C#4	4	13
2	2	5	5	1.0		1/4	1/4	2/2	2	1	1/4		1/4	1		2	62	D4	4	13
2	2	5	5	0.75		1/4	1/4	2/2	1	1	3/16		1/8	3/2		4	64	E4	4	5
2	2	23/4	23/4	0.25		7/16	7/16	2/2	1	1	1/16		1/16	1		6	66	F#4	4	6
2	2	6	6	1.0		1/2	1/2	2/2	2	1	1/4		1/4	1		4	40	E2	2	14
2	2	6	6	1.0		1/2	1/2	2/2	2	1	1/4		1/4	1		5	47	B2	2	14
2	2	6	6	0.75		1/2	1/2	2/2	1	1	3/16		1/8	3/2		1	67	G4	4	7
2	2	27/4	27/4	0.25		11/16	11/16	2/2	1	1	1/16		1/16	1		-2	70	Bb4	4	8
2	2	7	7	1.0		3/4	3/4	2/2	2	1	1/4		1/4	1		8	56	G#3	3	15
2	2	7	7	1.0		3/4	3/4	2/2	2	1	1/4		1/4	1		7	61	C#4	4	15
2	2	7	7	1.0		3/4	3/4	2/2	2	1	1/4		1/4	1		2	62	D4	4	15
2	2	7	7	0.75		3/4	3/4	2/2	1	1	3/16		1/8	3/2		4	64	E4	4	9
2	2	31/4	31/4	0.25		15/16	15/16	2/2	1	1	1/16		1/16	1		6	66	F#4	4	10
3	3	8	8	1.0		0	0	2/2	2	1	1/4		1/4	1		-5	37	Db2	2	27
3	3	8	8	1.0		0	0	2/2	2	1	1/4		1/4	1		-4	44	Ab2	2	27
3	3	8	8	1.0		0	0	2/2	2	1	1/4		1/4	1		-1	53	F3	3	27
3	3	8	8	0.75		0	0	2/2	1	2	3/16		1/8	3/2		0	60	C4	4	19
3	3	8	8	3.0		0	0	2/2	1	1	3/4		1/2	3/2		1	67	G4	4	16
3	3	35/4	35/4	0.25		3/16	3/16	2/2	1	2	1/16		1/16	1		0	60	C4	4	20
3	3	9	9	1.0		1/4	1/4	2/2	2	1	1/4		1/4	1		-4	56	Ab3	3	28
3	3	9	9	1.0		1/4	1/4	2/2	2	1	1/4		1/4	1		-2	58	Bb3	3	28
3	3	9	9	0.3333333333333333		1/4	1/4	2/2	1	2	1/12		1/8	2/3		0	60	C4	4	21
3	3	28/3	28/3	0.3333333333333333		1/3	1/3	2/2	1	2	1/12		1/8	2/3		0	60	C4	4	22
3	3	29/3	29/3	0.3333333333333333		5/12	5/12	2/2	1	2	1/12		1/8	2/3		-3	63	Eb4	4	23
3	3	10	10	1.0		1/2	1/2	2/2	2	1	1/4		1/4	1		-5	37	Db2	2	29
3	3	10	10	1.0		1/2	1/2	2/2	2	1	1/4		1/4	1		-4	44	Ab2	2	29
3	3	10	10	1.0		1/2	1/2	2/2	2	1	1/4		1/4	1		-1	53	F3	3	29
3	3	10	10	0.75		1/2	1/2	2/2	1	2	3/16		1/8	3/2		0	60	C4	4	24
3	3	43/4	43/4	0.25		11/16	11/16	2/2	1	2	1/16		1/16	1		5	59	B3	3	25
3	3	11	11	1.0		3/4	3/4	2/2	2	1	1/4		1/4	1		-4	56	Ab3	3	30
3	3	11	11	1.0		3/4	3/4	2/2	2	1	1/4		1/4	1		-2	58	Bb3	3	30
3	3	11	11	1.0		3/4	3/4	2/2	1	2	1/4		1/4	1		0	60	C4	4	26
3	3	11	11	0.75		3/4	3/4	2/2	1	1	3/16		1/8	3/2		4	64	E4	4	17
3	3	47/4	47/4	0.25		15/16	15/16	2/2	1	1	1/16		1/16	1		6	66	F#4	4	18
4	4	12	12	1.0		0	0	2/2	2	1	1/4		1/4	1		4	40	E2	2	41
4	4	12	12	1.0		0	0	2/2	2	1	1/4		1/4	1		5	47	B2	2	41
4	4	12	12	2.0		0	0	2/2	1	2	1/2		1/2	1		5	59	B3	3	40
4	4	12	12	0.75		0	0	2/2	1	1	3/16		1/8	3/2		1	67	G4	4	31
4	4	51/4	51/4	0.25		3/16	3/16	2/2	1	1	1/16		1/16	1		-2	70	Bb4	4	32
4	4	13	13	1.0		1/4	1/4	2/2	2	1	1/4		1/4	1		8	56	G#3	3	42
4	4	13	13	1.0		1/4	1/4	2/2	2	1	1/4		1/4	1		7	61	C#4	4	42
4	4	13	13	1.0		1/4	1/4	2/2	2	1	1/4		1/4	1		2	62	D4	4	42
4	4	13	13	0.75		1/4	1/4	2/2	1	1	3/16		1/8	3/2		4	64	E4	4	33
4	4	55/4	55/4	0.25		7/16	7/16	2/2	1	1	1/16		1/16	1		6	66	F#4	4	34
4	4	14	14	1.0		1/2	1/2	2/2	2	1	1/4		1/4	1		4	40	E2	2	43
4	4	14	14	1.0		1/2	1/2	2/2	2	1	1/4		1/4	1		5	47	B2	2	43
4	4	14	14	1.0		1/2	1/2	2/2	2	1	1/4		1/4	1		1	55	G3	3	43
4	4	14	14	0.3333333333333333		1/2	1/2	2/2	1	1	1/12		1/8	2/3		1	67	G4	4	35
4	4	43/3	43/3	0.3333333333333333		7/12	7/12	2/2	1	1	1/12		1/8	2/3		10	70	A#4	4	36
4	4	44/3	44/3	0.3333333333333333		2/3	2/3	2/2	1	1	1/12		1/8	2/3		5	71	B4	4	37
4	4	15	15	1.0		3/4	3/4	2/2	2	1	1/4		1/4	1		1	55	G3	3	44
4	4	15	15	1.0		3/4	3/4	2/2	2	1	1/4		1/4	1		7	61	C#4	4	44
4	4	15	15	1.0		3/4	3/4	2/2	2	1	1/4		1/4	1		2	62	D4	4	44
4	4	15	15	0.75		3/4	3/4	2/2	1	1	3/16		1/8	3/2		2	74	D5	5	38
4	4	15	15	0.75		3/4	3/4	2/2	1	1	3/16		1/8	3/2		4	76	E5	5	38
4	4	63/4	63/4	0.25		15/16	15/16	2/2	1	1	1/16		1/16	1		7	73	C#5	5	39
4	4	63/4	63/4	0.25		15/16	15/16	2/2	1	1	1/16		1/16	1		6	78	F#5	5	39
5	5	16	16	1.0		0	0	2/2	2	1	1/4		1/4	1		-5	37	Db2	2	51
5	5	16	16	1.0		0	0	2/2	2	1	1/4		1/4	1		-4	44	Ab2	2	51
5	5	16	16	1.0		0	0	2/2	2	1	1/4		1/4	1		-1	53	F3	3	51
5	5	16	16	0.75		0	0	2/2	1	1	3/16		1/8	3/2		0	72	C5	5	45
5	5	16	16	0.75		0	0	2/2	1	1	3/16		1/8	3/2		1	79	G5	5	45
5	5	67/4	67/4	0.25		3/16	3/16	2/2	1	1	1/16		1/16	1		5	71	B4	4	46
5	5	67/4	67/4	0.25		3/16	3/16	2/2	1	1	1/16		1/16	1		10	82	A#5	5	46
5	5	17	17	1.0		1/4	1/4	2/2	2	1	1/4		1/4	1		-4	56	Ab3	3	52
5	5	17	17	1.0		1/4	1/4	2/2	2	1	1/4		1/4	1		-2	58	Bb3	3	52
5	5	17	17	1.0		1/4	1/4	2/2	2	1	1/4		1/4	1		-3	63	Eb4	4	52
5	5	17	17	1.0		1/4	1/4	2/2	2	1	1/4		1/4	1		-1	65	F4	4	52
5	5	17	17	2.0		1/4	1/4	2/2	1	1	1/2		1/2	1		0	72	C5	5	47
5	5	17	17	2.0		1/4	1/4	2/2	1	1	1/2		1/2	1		1	79	G5	5	47
5	5	18	18	1.0		1/2	1/2	2/2	2	1	1/4		1/4	1		-5	37	Db2	2	53
5	5	18	18	1.0		1/2	1/2	2/2	2	1	1/4		1/4	1		-4	44	Ab2	2	53
5	5	18	18	1.0		1/2	1/2	2/2	2	1	1/4		1/4	1		-1	53	F3	3	53
5	5	19	19	1.0		3/4	3/4	2/2	2	1	1/4		1/4	1		-4	56	Ab3	3	54
5	5	19	19	1.0		3/4	3/4	2/2	2	1	1/4		1/4	1		-2	58	Bb3	3	54
5	5	19	19	1.0		3/4	3/4	2/2	2	1	1/4		1/4	1		-3	63	Eb4	4	54
5	5	19	19	1.0		3/4	3/4	2/2	2	1	1/4		1/4	1		-1	65	F4	4	54
5	5	19	19	0.3333333333333333		3/4	3/4	2/2	1	1	1/12		1/8	2/3		-1	77	F5	5	48
5	5	58/3	58/3	0.3333333333333333		5/6	5/6	2/2	1	1	1/12		1/8	2/3		-3	75	Eb5	5	49
5	5	59/3	59/3	0.3333333333333333		11/12	11/12	2/2	1	1	1/12		1/8	2/3		0	72	C5	5	50
6	6	20	20	1.0		0	0	2/2	2	1	1/4		1/4	1		-4	44	Ab2	2	63
6	6	20	20	1.0		0	0	2/2	2	1	1/4		1/4	1		-6	54	Gb3	3	63
6	6	20	20	0.75		0	0	2/2	1	1	3/16		1/8	3/2		5	71	B4	4	55
6	6	83/4	83/4	0.25		3/16	3/16	2/2	1	1	1/16		1/16	1		2	74	D5	5	56
6	6	21	21	1.0		1/4	1/4	2/2	2	1	1/4		1/4	1		-4	56	Ab3	3	64
6	6	21	21	1.0		1/4	1/4	2/2	2	1	1/4		1/4	1		0	60	C4	4	64
6	6	21	21	1.0		1/4	1/4	2/2	2	1	1/4		1/4	1		-6	66	Gb4	4	64
6	6	21	21	0.75		1/4	1/4	2/2	1	1	3/16		1/8	3/2		5	71	B4	4	57
6	6	87/4	87/4	0.25		7/16	7/16	2/2	1	1	1/16		1/16	1		3	69	A4	4	58
6	6	22	22	1.0		1/2	1/2	2/2	2	1	1/4		1/4	1		-1	41	F2	2	65
6	6	22	22	1.0		1/2	1/2	2/2	2	1	1/4		1/4	1		-3	51	Eb3	3	65
6	6	22	22	1.0		1/2	1/2	2/2	2	1	1/4		1/4	1		3	57	A3	3	65
6	6	22	22	0.75		1/2	1/2	2/2	1	1	3/16		1/8	3/2		6	66	F#4	4	59
6	6	91/4	91/4	0.25		11/16	11/16	2/2	1	1	1/16		1/16	1		2	62	D4	4	60
6	6	23	23	1.0		3/4	3/4	2/2	2	1	1/4		1/4	1		3	57	A3	3	66
6	6	23	23	1.0		3/4	3/4	2/2	2	1	1/4		1/4	1		-3	63	Eb4	4	66
6	6	23	23	0.75		3/4	3/4	2/2	1	1	3/16		1/8	3/2		1	67	G4	4	61
6	6	95/4	95/4	0.25		15/16	15/16	2/2	1	1	1/16		1/16	1		8	68	G#4	4	62
7	7	24	24	1.0		0	0	2/2	2	1	1/4		1/4	1		4	40	E2	2	77
7	7	24	24	1.0		0	0	2/2	2	1	1/4		1/4	1		5	47	B2	2	77
7	7	24	24	1.0		0	0	2/2	2	1	1/4		1/4	1		8	56	G#3	3	77
7	7	24	24	0.3333333333333333		0	0	2/2	1	1	1/12		1/8	2/3		6	66	F#4	4	67
7	7	24	24	0.3333333333333333		0	0	2/2	1	1	1/12		1/8	2/3		5	71	B4	4	67
7	7	73/3	73/3	0.3333333333333333		1/12	1/12	2/2	1	1	1/12		1/8	2/3		6	66	F#4	4	68
7	7	73/3	73/3	0.3333333333333333		1/12	1/12	2/2	1	1	1/12		1/8	2/3		5	71	B4	4	68
7	7	74/3	74/3	0.3333333333333333		1/6	1/6	2/2	1	1	1/12		1/8	2/3		-1	65	F4	4	69
7	7	74/3	74/3	0.3333333333333333		1/6	1/6	2/2	1	1	1/12		1/8	2/3		2	74	D5	5	69
7	7	25	25	1.0		1/4	1/4	2/2	2	1	1/4		1/4	1		8	56	G#3	3	78
7	7	25	25	1.0		1/4	1/4	2/2	2	1	1/4		1/4	1		2	62	D4	4	78
7	7	25	25	0.75		1/4	1/4	2/2	1	1	3/16		1/8	3/2		4	64	E4	4	70
7	7	25	25	0.75		1/4	1/4	2/2	1	1	3/16		1/8	3/2		5	71	B4	4	70
7	7	103/4	103/4	0.25		7/16	7/16	2/2	1	1	1/16		1/16	1		-3	63	Eb4	4	71
7	7	103/4	103/4	0.25		7/16	7/16	2/2	1	1	1/16		1/16	1		-2	70	Bb4	4	71
7	7	26	26	1.0		1/2	1/2	2/2	2	1	1/4		1/4	1		7	37	C#2	2	79
7	7	26	26	1.0		1/2	1/2	2/2	2	1	1/4		1/4	1		8	44	G#2	2	79
7	7	26	26	1.0		1/2	1/2	2/2	2	1	1/4		1/4	1		11	53	E#3	3	79
7	7	26	26	0.6666666666666666		1/2	1/2	2/2	1	1	1/6		1/4	2/3		2	62	D4	4	72
7	7	26	26	0.6666666666666666		1/2	1/2	2/2	1	1	1/6		1/4	2/3		1	67	G4	4	72
7	7	80/3	80/3	0.3333333333333333		2/3	2/3	2/2	1	1	1/12		1/8	2/3		4	64	E4	4	73
7	7	27	27	1.0		3/4	3/4	2/2	2	1	1/4		1/4	1		5	59	B3	3	80
7	7	27	27	1.0		3/4	3/4	2/2	2	1	1/4		1/4	1		9	63	D#4	4	80
7	7	27	27	0.3333333333333333		3/4	3/4	2/2	1	1	1/12		1/8	2/3		-1	65	F4	4	74
7	7	82/3	82/3	0.3333333333333333		5/6	5/6	2/2	1	1	1/12		1/8	2/3		1	67	G4	4	75
7	7	83/3	83/3	0.3333333333333333		11/12	11/12	2/2	1	1	1/12		1/8	2/3		-2	70	Bb4	4	76
8	8	28	28	0.5		0	0	2/2	2	1	1/8		1/8	1		4	52	E3	3	92
8	8	28	28	0.25		0	0	2/2	1	1	1/16		1/16	1		0	72	C5	5	81
8	8	28	28	0.25		0	0	2/2	1	1	1/16		1/16	1		4	76	E5	5	81
8	8	113/4	113/4	0.5		1/16	1/16	2/2	1	1	1/8		1/8	1		5	71	B4	4	82
8	8	113/4	113/4	0.5		1/16	1/16	2/2	1	1	1/8		1/8	1		1	79	G5	5	82
8	8	57/2	57/2	0.5		1/8	1/8	2/2	2	1	1/8		1/8	1		2	62	D4	4	93
8	8	57/2	57/2	0.5		1/8	1/8	2/2	2	1	1/8		1/8	1		8	68	G#4	4	93
8	8	115/4	115/4	0.25		3/16	3/16	2/2	1	1	1/16		1/16	1		-2	70	Bb4	4	83
8	8	115/4	115/4	0.25		3/16	3/16	2/2	1	1	1/16		1/16	1		4	76	E5	5	83
8	8	29	29	0.5		1/4	1/4	2/2	2	1	1/8		1/8	1		5	59	B3	3	94
8	8	29	29	0.5		1/4	1/4	2/2	2	1	1/8		1/8	1		-1	65	F4	4	94
8	8	29	29	0.25		1/4	1/4	2/2	1	1	1/16		1/16	1		3	69	A4	4	84
8	8	29	29	0.25		1/4	1/4	2/2	1	1	1/16		1/16	1		2	74	D5	5	84
8	8	59/2	59/2	0.5		3/8	3/8	2/2	2	1	1/8		1/8	1		-4	56	Ab3	3	95
8	8	59/2	59/2	0.5		3/8	3/8	2/2	2	1	1/8		1/8	1		2	62	D4	4	95
8	8	59/2	59/2	0.25		3/8	3/8	2/2	1	1	1/16		1/16	1		-4	68	Ab4	4	85
8	8	59/2	59/2	0.25		3/8	3/8	2/2	1	1	1/16		1/16	1		0	72	C5	5	85
8	8	119/4	119/4	0.5		7/16	7/16	2/2	1	1	1/8		1/8	1		1	67	G4	4	86
8	8	119/4	119/4	0.5		7/16	7/16	2/2	1	1	1/8		1/8	1		4	76	E5	5	86
8	8	30	30	0.5		1/2	1/2	2/2	2	1	1/8		1/8	1		-2	46	Bb2	2	96
8	8	121/4	121/4	0.25		9/16	9/16	2/2	1	1	1/16		1/16	1		-6	66	Gb4	4	87
8	8	121/4	121/4	0.25		9/16	9/16	2/2	1	1	1/16		1/16	1		0	72	C5	5	87
8	8	61/2	61/2	0.5		5/8	5/8	2/2	2	1	1/8		1/8	1		1	55	G3	3	97
8	8	61/2	61/2	0.5		5/8	5/8	2/2	2	1	1/8		1/8	1		-5	61	Db4	4	97
8	8	61/2	61/2	0.25		5/8	5/8	2/2	1	1	1/16		1/16	1		-1	65	F4	4	88
8	8	61/2	61/2	0.25		5/8	5/8	2/2	1	1	1/16		1/16	1		3	69	A4	4	88
8	8	31	31	0.5		3/4	3/4	2/2	2	1	1/8		1/8	1		3	45	A2	2	98
8	8	31	31	0.25		3/4	3/4	2/2	1	1	1/16		1/16	1		0	72	C5	5	89
8	8	31	31	0.25		3/4	3/4	2/2	1	1	1/16		1/16	1		4	76	E5	5	89
8	8	125/4	125/4	0.5		13/16	13/16	2/2	1	1	1/8		1/8	1		5	71	B4	4	90
8	8	125/4	125/4	0.5		13/16	13/16	2/2	1	1	1/8		1/8	1		1	79	G5	5	90
8	8	63/2	63/2	0.5		7/8	7/8	2/2	2	1	1/8		1/8	1		1	55	G3	3	99
8	8	63/2	63/2	0.5		7/8	7/8	2/2	2	1	1/8		1/8	1		7	61	C#4	4	99
8	8	127/4	127/4	0.25		15/16	15/16	2/2	1	1	1/16		1/16	1		-2	70	Bb4	4	91
8	8	127/4	127/4	0.25		15/16	15/16	2/2	1	1	1/16		1/16	1		4	76	E5	5	91
9	9	32	32	0.5		0	0	2/2	2	1	1/8		1/8	1		6	54	F#3	3	109
9	9	32	32	0.5		0	0	2/2	2	1	1/8		1/8	1		0	60	C4	4	109
9	9	32	32	0.25		0	0	2/2	1	1	1/16		1/16	1		3	69	A4	4	100
9	9	32	32	0.25		0	0	2/2	1	1	1/16		1/16	1		2	74	D5	5	100
9	9	65/2	65/2	0.5		1/8	1/8	2/2	2	1	1/8		1/8	1		-1	53	F3	3	110
9	9	65/2	65/2	0.5		1/8	1/8	2/2	2	1	1/8		1/8	1		5	59	B3	3	110
9	9	65/2	65/2	0.25		1/8	1/8	2/2	1	1	1/16		1/16	1		4	64	E4	4	101
9	9	65/2	65/2	0.25		1/8	1/8	2/2	1	1	1/16		1/16	1		3	69	A4	4	101
9	9	131/4	131/4	0.5		3/16	3/16	2/2	1	1	1/8		1/8	1		2	74	D5	5	102
9	9	33	33	0.5		1/4	1/4	2/2	2	1	1/8		1/8	1		5	47	B2	2	111
9	9	133/4	133/4	0.25		5/16	5/16	2/2	1	1	1/16		1/16	1		-3	63	Eb4	4	103
9	9	133/4	133/4	0.25		5/16	5/16	2/2	1	1	1/16		1/16	1		-4	68	Ab4	4	103
9	9	67/2	67/2	0.5		3/8	3/8	2/2	2	1	1/8		1/8	1		4	52	E3	3	112
9	9	67/2	67/2	0.5		3/8	3/8	2/2	2	1	1/8		1/8	1		-2	58	Bb3	3	112
9	9	67/2	67/2	0.25		3/8	3/8	2/2	1	1	1/16		1/16	1		2	62	D4	4	104
9	9	67/2	67/2	0.25		3/8	3/8	2/2	1	1	1/16		1/16	1		1	67	G4	4	104
9	9	34	34	0.5		1/2	1/2	2/2	2	1	1/8		1/8	1		6	42	F#2	2	113
9	9	34	34	0.25		1/2	1/2	2/2	1	1	1/16		1/16	1		3	69	A4	4	105
9	9	34	34	0.25		1/2	1/2	2/2	1	1	1/16		1/16	1		2	74	D5	5	105
9	9	137/4	137/4	0.5		9/16	9/16	2/2	1	1	1/8		1/8	1		1	79	G5	5	106
9	9	69/2	69/2	0.5		5/8	5/8	2/2	2	1	1/8		1/8	1		4	52	E3	3	114
9	9	69/2	69/2	0.5		5/8	5/8	2/2	2	1	1/8		1/8	1		10	58	A#3	3	114
9	9	139/4	139/4	0.25		11/16	11/16	2/2	1	1	1/16		1/16	1		-4	68	Ab4	4	107
9	9	139/4	139/4	0.25		11/16	11/16	2/2	1	1	1/16		1/16	1		-5	73	Db5	5	107
9	9	35	35	0.25		3/4	3/4	2/2	1	1	1/16		1/16	1		1	67	G4	4	108
9	9	35	35	0.25		3/4	3/4	2/2	1	1	1/16		1/16	1		0	72	C5	5	108
9	9	141/4	141/4	0.25		13/16	13/16	2/2	2	1	1/16		1/16	1		7	61	C#4	4	115
9	9	141/4	141/4	0.25		13/16	13/16	2/2	2	1	1/16		1/16	1		6	66	F#4	4	115
9	9	71/2	71/2	0.25		7/8	7/8	2/2	2	1	1/16		1/16	1		10	58	A#3	3	116
9	9	71/2	71/2	0.25		7/8	7/8	2/2	2	1	1/16		1/16	1		4	64	E4	4	116
10	10	36	36	1.0		0	0	2/2	2	1	1/4		1/4	1		4	40	E2	2	117
10	10	36	36	1.0		0	0	2/2	2	1	1/4		1/4	1		5	47	B2	2	117
10	10	36	36	1.0		0	0	2/2	2	1	1/4		1/4	1		1	55	G3	3	117
10	10	37	37	1.0		1/4	1/4	2/2	2	1	1/4		1/4	1		8	56	G#3	3	118
10	10	37	37	1.0		1/4	1/4	2/2	2	1	1/4		1/4	1		7	61	C#4	4	118
10	10	37	37	1.0		1/4	1/4	2/2	2	1	1/4		1/4	1		2	62	D4	4	118
10	10	38	38	1.0		1/2	1/2	2/2	2	1	1/4		1/4	1		4	40	E2	2	119
10	10	38	38	1.0		1/2	1/2	2/2	2	1	1/4		1/4	1		5	47	B2	2	119
10	10	38	38	1.0		1/2	1/2	2/2	2	1	1/4		1/4	1		1	55	G3	3	119
10	10	39	39	1.0		3/4	3/4	2/2	2	1	1/4		1/4	1		8	56	G#3	3	120
10	10	39	39	1.0		3/4	3/4	2/2	2	1	1/4		1/4	1		7	61	C#4	4	120
10	10	39	39	1.0		3/4	3/4	2/2	2	1	1/4		1/4	1		2	62	D4	4	120
11	11	40	40	0.0		0	0	2/2	1	1	0	grace16	1/16	1		5	71	B4	4	121
11	11	40	40	0.0		0	0	2/2	1	1	0	grace16	1/16	1		4	76	E5	5	122
11	11	40	40	0.0		0	0	2/2	1	1	0	grace16	1/16	1		6	78	F#5	5	123
11	11	40	40	1.0		0	0	2/2	2	1	1/4		1/4	1		4	40	E2	2	133
11	11	40	40	1.0		0	0	2/2	2	1	1/4		1/4	1		5	47	B2	2	133
11	11	40	40	1.0		0	0	2/2	2	1	1/4		1/4	1		1	55	G3	3	133
11	11	40	40	4.0		0	0	2/2	1	2	1		1	1		5	71	B4	4	132
11	11	40	40	0.75		0	0	2/2	1	1	3/16		1/8	3/2		1	79	G5	5	124
11	11	163/4	163/4	0.25		3/16	3/16	2/2	1	1	1/16		1/16	1		-2	82	Bb5	5	125
11	11	41	41	1.0		1/4	1/4	2/2	2	1	1/4		1/4	1		8	56	G#3	3	134
11	11	41	41	1.0		1/4	1/4	2/2	2	1	1/4		1/4	1		7	61	C#4	4	134
11	11	41	41	1.0		1/4	1/4	2/2	2	1	1/4		1/4	1		2	62	D4	4	134
11	11	41	41	0.75		1/4	1/4	2/2	1	1	3/16		1/8	3/2		4	76	E5	5	126
11	11	167/4	167/4	0.25		7/16	7/16	2/2	1	1	1/16		1/16	1		6	78	F#5	5	127
11	11	42	42	1.0		1/2	1/2	2/2	2	1	1/4		1/4	1		4	40	E2	2	135
11	11	42	42	1.0		1/2	1/2	2/2	2	1	1/4		1/4	1		5	47	B2	2	135
11	11	42	42	1.0		1/2	1/2	2/2	2	1	1/4		1/4	1		1	55	G3	3	135
11	11	42	42	0.75		1/2	1/2	2/2	1	1	3/16		1/8	3/2		1	79	G5	5	128
11	11	171/4	171/4	0.25		11/16	11/16	2/2	1	1	1/16		1/16	1		-2	82	Bb5	5	129
11	11	43	43	1.0		3/4	3/4	2/2	2	1	1/4		1/4	1		8	56	G#3	3	136
11	11	43	43	1.0		3/4	3/4	2/2	2	1	1/4		1/4	1		7	61	C#4	4	136
11	11	43	43	1.0		3/4	3/4	2/2	2	1	1/4		1/4	1		2	62	D4	4	136
11	11	43	43	0.75		3/4	3/4	2/2	1	1	3/16		1/8	3/2		4	76	E5	5	130
11	11	175/4	175/4	0.25		15/16	15/16	2/2	1	1	1/16		1/16	1		6	78	F#5	5	131
12	12	44	44	1.0		0	0	2/2	2	1	1/4		1/4	1		-5	37	Db2	2	148
12	12	44	44	1.0		0	0	2/2	2	1	1/4		1/4	1		-4	44	Ab2	2	148
12	12	44	44	1.0		0	0	2/2	2	1	1/4		1/4	1		-1	53	F3	3	148
12	12	44	44	0.75		0	0	2/2	1	2	3/16		1/8	3/2		0	72	C5	5	143
12	12	44	44	2.0		0	0	2/2	1	1	1/2		1/2	1	1	1	79	G5	5	137
12	12	179/4	179/4	0.25		3/16	3/16	2/2	1	2	1/16		1/16	1		0	72	C5	5	144
12	12	45	45	1.0		1/4	1/4	2/2	2	1	1/4		1/4	1		-4	56	Ab3	3	149
12	12	45	45	1.0		1/4	1/4	2/2	2	1	1/4		1/4	1		-2	58	Bb3	3	149
12	12	45	45	1.0		1/4	1/4	2/2	2	1	1/4		1/4	1		-3	63	Eb4	4	149
12	12	45	45	1.0		1/4	1/4	2/2	2	1	1/4		1/4	1		-1	65	F4	4	149
12	12	45	45	0.3333333333333333		1/4	1/4	2/2	1	2	1/12		1/8	2/3		0	72	C5	5	145
12	12	136/3	136/3	0.3333333333333333		1/3	1/3	2/2	1	2	1/12		1/8	2/3		0	72	C5	5	146
12	12	137/3	137/3	0.3333333333333333		5/12	5/12	2/2	1	2	1/12		1/8	2/3		-3	75	Eb5	5	147
12	12	46	46	1.0		1/2	1/2	2/2	2	1	1/4		1/4	1		-5	37	Db2	2	150
12	12	46	46	1.0		1/2	1/2	2/2	2	1	1/4		1/4	1		-4	44	Ab2	2	150
12	12	46	46	1.0		1/2	1/2	2/2	2	1	1/4		1/4	1		-1	53	F3	3	150
12	12	46	46	0.3333333333333333		1/2	1/2	2/2	1	1	1/12		1/8	2/3		0	72	C5	5	138
12	12	46	46	0.3333333333333333		1/2	1/2	2/2	1	1	1/12		1/8	2/3	-1	1	79	G5	5	138
12	12	140/3	140/3	0.3333333333333333		2/3	2/3	2/2	1	1	1/12		1/8	2/3		5	71	B4	4	139
12	12	140/3	140/3	0.3333333333333333		2/3	2/3	2/2	1	1	1/12		1/8	2/3		6	78	F#5	5	139
12	12	47	47	1.0		3/4	3/4	2/2	2	1	1/4		1/4	1		-4	56	Ab3	3	151
12	12	47	47	1.0		3/4	3/4	2/2	2	1	1/4		1/4	1		-2	58	Bb3	3	151
12	12	47	47	1.0		3/4	3/4	2/2	2	1	1/4		1/4	1		-3	63	Eb4	4	151
12	12	47	47	1.0		3/4	3/4	2/2	2	1	1/4		1/4	1		-1	65	F4	4	151
12	12	47	47	0.3333333333333333		3/4	3/4	2/2	1	1	1/12		1/8	2/3		-2	70	Bb4	4	140
12	12	47	47	0.3333333333333333		3/4	3/4	2/2	1	1	1/12		1/8	2/3		-1	77	F5	5	140
12	12	142/3	142/3	0.3333333333333333		5/6	5/6	2/2	1	1	1/12		1/8	2/3		1	67	G4	4	141
12	12	142/3	142/3	0.3333333333333333		5/6	5/6	2/2	1	1	1/12		1/8	2/3		2	74	D5	5	141
12	12	143/3	143/3	0.3333333333333333		11/12	11/12	2/2	1	1	1/12		1/8	2/3		6	66	F#4	4	142
12	12	143/3	143/3	0.3333333333333333		11/12	11/12	2/2	1	1	1/12		1/8	2/3		7	73	C#5	5	142
13	13	48	48	1.0		0	0	2/2	2	1	1/4		1/4	1		4	40	E2	2	162
13	13	48	48	1.0		0	0	2/2	2	1	1/4		1/4	1		5	47	B2	2	162
13	13	48	48	2.0		0	0	2/2	1	2	1/2		1/2	1		5	59	B3	3	161
13	13	48	48	0.75		0	0	2/2	1	1	3/16		1/8	3/2		1	67	G4	4	152
13	13	195/4	195/4	0.25		3/16	3/16	2/2	1	1	1/16		1/16	1		-2	70	Bb4	4	153
13	13	49	49	1.0		1/4	1/4	2/2	2	1	1/4		1/4	1		8	56	G#3	3	163
13	13	49	49	1.0		1/4	1/4	2/2	2	1	1/4		1/4	1		7	61	C#4	4	163
13	13	49	49	1.0		1/4	1/4	2/2	2	1	1/4		1/4	1		9	63	D#4	4	163
13	13	49	49	0.75		1/4	1/4	2/2	1	1	3/16		1/8	3/2		4	64	E4	4	154
13	13	199/4	199/4	0.25		7/16	7/16	2/2	1	1	1/16		1/16	1		6	66	F#4	4	155
13	13	50	50	1.0		1/2	1/2	2/2	2	1	1/4		1/4	1		4	40	E2	2	164
13	13	50	50	1.0		1/2	1/2	2/2	2	1	1/4		1/4	1		5	47	B2	2	164
13	13	50	50	0.3333333333333333		1/2	1/2	2/2	1	1	1/12		1/8	2/3		5	59	B3	3	156
13	13	50	50	0.3333333333333333		1/2	1/2	2/2	1	1	1/12		1/8	2/3		1	67	G4	4	156
13	13	151/3	151/3	0.3333333333333333		7/12	7/12	2/2	1	1	1/12		1/8	2/3		5	71	B4	4	157
13	13	152/3	152/3	0.3333333333333333		2/3	2/3	2/2	1	1	1/12		1/8	2/3		-2	70	Bb4	4	158
13	13	152/3	152/3	0.3333333333333333		2/3	2/3	2/2	1	1	1/12		1/8	2/3		2	74	D5	5	158
13	13	51	51	1.0		3/4	3/4	2/2	2	1	1/4		1/4	1		8	56	G#3	3	165
13	13	51	51	1.0		3/4	3/4	2/2	2	1	1/4		1/4	1		7	61	C#4	4	165
13	13	51	51	1.0		3/4	3/4	2/2	2	1	1/4		1/4	1		9	63	D#4	4	165
13	13	51	51	0.75		3/4	3/4	2/2	1	1	3/16		1/8	3/2		3	69	A4	4	159
13	13	51	51	0.75		3/4	3/4	2/2	1	1	3/16		1/8	3/2		7	73	C#5	5	159
13	13	207/4	207/4	0.25		15/16	15/16	2/2	1	1	1/16		1/16	1		-6	66	Gb4	4	160
13	13	207/4	207/4	0.25		15/16	15/16	2/2	1	1	1/16		1/16	1		-2	70	Bb4	4	160
14	14	52	52	1.0		0	0	2/2	2	1	1/4		1/4	1		-5	37	Db2	2	172
14	14	52	52	1.0		0	0	2/2	2	1	1/4		1/4	1		3	45	A2	2	172
14	14	52	52	1.0		0	0	2/2	2	1	1/4		1/4	1		-1	53	F3	3	172
14	14	52	52	0.75		0	0	2/2	1	1	3/16		1/8	3/2		0	60	C4	4	166
14	14	52	52	0.75		0	0	2/2	1	1	3/16		1/8	3/2		1	67	G4	4	166
14	14	211/4	211/4	0.25		3/16	3/16	2/2	1	1	1/16		1/16	1		5	59	B3	3	167
14	14	211/4	211/4	0.25		3/16	3/16	2/2	1	1	1/16		1/16	1		10	70	A#4	4	167
14	14	53	53	1.0		1/4	1/4	2/2	2	1	1/4		1/4	1		-4	56	Ab3	3	173
14	14	53	53	1.0		1/4	1/4	2/2	2	1	1/4		1/4	1		-2	58	Bb3	3	173
14	14	53	53	2.0		1/4	1/4	2/2	1	1	1/2		1/2	1		0	60	C4	4	168
14	14	53	53	1.0		1/4	1/4	2/2	2	1	1/4		1/4	1		-3	63	Eb4	4	173
14	14	53	53	2.0		1/4	1/4	2/2	1	1	1/2		1/2	1		1	67	G4	4	168
14	14	54	54	1.0		1/2	1/2	2/2	2	1	1/4		1/4	1		-5	37	Db2	2	174
14	14	54	54	1.0		1/2	1/2	2/2	2	1	1/4		1/4	1		3	45	A2	2	174
14	14	54	54	1.0		1/2	1/2	2/2	2	1	1/4		1/4	1		-1	53	F3	3	174
14	14	55	55	1.0		3/4	3/4	2/2	2	1	1/4		1/4	1		-4	56	Ab3	3	175
14	14	55	55	1.0		3/4	3/4	2/2	2	1	1/4		1/4	1		-2	58	Bb3	3	175
14	14	55	55	1.0		3/4	3/4	2/2	2	1	1/4		1/4	1		-3	63	Eb4	4	175
14	14	55	55	0.3333333333333333		3/4	3/4	2/2	1	1	1/12		1/8	2/3		-1	65	F4	4	169
14	14	166/3	166/3	0.3333333333333333		5/6	5/6	2/2	1	1	1/12		1/8	2/3		1	67	G4	4	170
14	14	167/3	167/3	0.3333333333333333		11/12	11/12	2/2	1	1	1/12		1/8	2/3		-2	70	Bb4	4	171
15	15	56	56	1.0		0	0	2/2	2	1	1/4		1/4	1		2	50	D3	3	188
15	15	56	56	1.0		0	0	2/2	2	1	1/4		1/4	1		1	55	G3	3	188
15	15	56	56	1.0		0	0	2/2	2	1	1/4		1/4	1		0	60	C4	4	188
15	15	56	56	1.0		0	0	2/2	1	2	1/4		1/4	1		4	64	E4	4	186
15	15	56	56	0.75		0	0	2/2	1	1	3/16		1/8	3/2		5	71	B4	4	176
15	15	227/4	227/4	0.25		3/16	3/16	2/2	1	1	1/16		1/16	1		2	74	D5	5	177
15	15	57	57	1.0		1/4	1/4	2/2	2	1	1/4		1/4	1		7	49	C#3	3	189
15	15	57	57	1.0		1/4	1/4	2/2	2	1	1/4		1/4	1		6	54	F#3	3	189
15	15	57	57	1.0		1/4	1/4	2/2	2	1	1/4		1/4	1		5	59	B3	3	189
15	15	57	57	1.0		1/4	1/4	2/2	1	2	1/4		1/4	1		-3	63	Eb4	4	187
15	15	57	57	0.75		1/4	1/4	2/2	1	1	3/16		1/8	3/2		5	71	B4	4	178
15	15	231/4	231/4	0.25		7/16	7/16	2/2	1	1	1/16		1/16	1		3	69	A4	4	179
15	15	58	58	1.0		1/2	1/2	2/2	2	1	1/4		1/4	1		0	48	C3	3	190
15	15	58	58	1.0		1/2	1/2	2/2	2	1	1/4		1/4	1		-1	53	F3	3	190
15	15	58	58	1.0		1/2	1/2	2/2	2	1	1/4		1/4	1		5	59	B3	3	190
15	15	58	58	0.3333333333333333		1/2	1/2	2/2	1	1	1/12		1/8	2/3		2	62	D4	4	180
15	15	58	58	0.3333333333333333		1/2	1/2	2/2	1	1	1/12		1/8	2/3		6	66	F#4	4	180
15	15	175/3	175/3	0.3333333333333333		7/12	7/12	2/2	1	1	1/12		1/8	2/3		-3	63	Eb4	4	181
15	15	176/3	176/3	0.3333333333333333		2/3	2/3	2/2	1	1	1/12		1/8	2/3		1	67	G4	4	182
15	15	59	59	1.0		3/4	3/4	2/2	2	1	1/4		1/4	1		5	47	B2	2	191
15	15	59	59	1.0		3/4	3/4	2/2	2	1	1/4		1/4	1		4	52	E3	3	191
15	15	59	59	1.0		3/4	3/4	2/2	2	1	1/4		1/4	1		5	59	B3	3	191
15	15	59	59	0.3333333333333333		3/4	3/4	2/2	1	1	1/12		1/8	2/3		7	73	C#5	5	183
15	15	178/3	178/3	0.3333333333333333		5/6	5/6	2/2	1	1	1/12		1/8	2/3		2	74	D5	5	184
15	15	179/3	179/3	0.3333333333333333		11/12	11/12	2/2	1	1	1/12		1/8	2/3		1	79	G5	5	185
16	16	60	60	1.0		0	0	2/2	2	1	1/4		1/4	1		4	40	E2	2	203
16	16	60	60	1.0		0	0	2/2	2	1	1/4		1/4	1		5	47	B2	2	203
16	16	60	60	1.0		0	0	2/2	2	1	1/4		1/4	1		1	55	G3	3	203
16	16	60	60	0.3333333333333333		0	0	2/2	1	1	1/12		1/8	2/3		6	78	F#5	5	192
16	16	60	60	0.3333333333333333		0	0	2/2	1	1	1/12		1/8	2/3		10	82	A#5	5	192
16	16	181/3	181/3	0.3333333333333333		1/12	1/12	2/2	1	1	1/12		1/8	2/3		5	83	B5	5	193
16	16	182/3	182/3	0.3333333333333333		1/6	1/6	2/2	1	1	1/12		1/8	2/3		-1	77	F5	5	194
16	16	182/3	182/3	0.3333333333333333		1/6	1/6	2/2	1	1	1/12		1/8	2/3		2	86	D6	6	194
16	16	61	61	1.0		1/4	1/4	2/2	2	1	1/4		1/4	1		8	56	G#3	3	204
16	16	61	61	1.0		1/4	1/4	2/2	2	1	1/4		1/4	1		2	62	D4	4	204
16	16	61	61	1.0		1/4	1/4	2/2	2	1	1/4		1/4	1		4	64	E4	4	204
16	16	61	61	0.75		1/4	1/4	2/2	1	1	3/16		1/8	3/2		4	76	E5	5	195
16	16	61	61	0.75		1/4	1/4	2/2	1	1	3/16		1/8	3/2		5	83	B5	5	195
16	16	247/4	247/4	0.25		7/16	7/16	2/2	1	1	1/16		1/16	1		-3	75	Eb5	5	196
16	16	247/4	247/4	0.25		7/16	7/16	2/2	1	1	1/16		1/16	1		-2	82	Bb5	5	196
16	16	62	62	1.0		1/2	1/2	2/2	2	1	1/4		1/4	1		7	37	C#2	2	205
16	16	62	62	1.0		1/2	1/2	2/2	2	1	1/4		1/4	1		8	44	G#2	2	205
16	16	62	62	1.0		1/2	1/2	2/2	2	1	1/4		1/4	1		11	53	E#3	3	205
16	16	62	62	0.3333333333333333		1/2	1/2	2/2	1	1	1/12		1/8	2/3		2	74	D5	5	197
16	16	62	62	0.3333333333333333		1/2	1/2	2/2	1	1	1/12		1/8	2/3		1	79	G5	5	197
16	16	187/3	187/3	0.3333333333333333		7/12	7/12	2/2	1	1	1/12		1/8	2/3		4	76	E5	5	198
16	16	188/3	188/3	0.3333333333333333		2/3	2/3	2/2	1	1	1/12		1/8	2/3		8	80	G#5	5	199
16	16	63	63	1.0		3/4	3/4	2/2	2	1	1/4		1/4	1		8	56	G#3	3	206
16	16	63	63	1.0		3/4	3/4	2/2	2	1	1/4		1/4	1		5	59	B3	3	206
16	16	63	63	1.0		3/4	3/4	2/2	2	1	1/4		1/4	1		9	63	D#4	4	206
16	16	63	63	1.0		3/4	3/4	2/2	2	1	1/4		1/4	1		11	65	E#4	4	206
16	16	63	63	0.3333333333333333		3/4	3/4	2/2	1	1	1/12		1/8	2/3		-2	82	Bb5	5	200
16	16	190/3	190/3	0.3333333333333333		5/6	5/6	2/2	1	1	1/12		1/8	2/3		7	85	C#6	6	201
16	16	191/3	191/3	0.3333333333333333		11/12	11/12	2/2	1	1	1/12		1/8	2/3		2	86	D6	6	202
17	17	64	64	0.5		0	0	2/2	1	2	1/8		1/8	1		4	64	E4	4	218
17	17	64	64	0.25		0	0	2/2	1	1	1/16		1/16	1		0	84	C6	6	207
17	17	64	64	0.25		0	0	2/2	1	1	1/16		1/16	1		4	88	E6	6	207
17	17	257/4	257/4	0.5		1/16	1/16	2/2	1	1	1/8		1/8	1		5	83	B5	5	208
17	17	257/4	257/4	0.5		1/16	1/16	2/2	1	1	1/8		1/8	1		1	91	G6	6	208
17	17	129/2	129/2	0.5		1/8	1/8	2/2	1	2	1/8		1/8	1		2	74	D5	5	219
17	17	129/2	129/2	0.5		1/8	1/8	2/2	1	2	1/8		1/8	1		8	80	G#5	5	219
17	17	259/4	259/4	0.25		3/16	3/16	2/2	1	1	1/16		1/16	1		-2	82	Bb5	5	209
17	17	259/4	259/4	0.25		3/16	3/16	2/2	1	1	1/16		1/16	1		4	88	E6	6	209
17	17	65	65	0.5		1/4	1/4	2/2	1	2	1/8		1/8	1		5	71	B4	4	220
17	17	65	65	0.5		1/4	1/4	2/2	1	2	1/8		1/8	1		-1	77	F5	5	220
17	17	65	65	0.25		1/4	1/4	2/2	1	1	1/16		1/16	1		3	81	A5	5	210
17	17	65	65	0.25		1/4	1/4	2/2	1	1	1/16		1/16	1		2	86	D6	6	210
17	17	131/2	131/2	0.5		3/8	3/8	2/2	1	2	1/8		1/8	1		-4	68	Ab4	4	221
17	17	131/2	131/2	0.5		3/8	3/8	2/2	1	2	1/8		1/8	1		2	74	D5	5	221
17	17	131/2	131/2	0.25		3/8	3/8	2/2	1	1	1/16		1/16	1		-4	80	Ab5	5	211
17	17	131/2	131/2	0.25		3/8	3/8	2/2	1	1	1/16		1/16	1		0	84	C6	6	211
17	17	263/4	263/4	0.5		7/16	7/16	2/2	1	1	1/8		1/8	1		8	80	G#5	5	212
17	17	263/4	263/4	0.5		7/16	7/16	2/2	1	1	1/8		1/8	1		4	88	E6	6	212
17	17	66	66	0.5		1/2	1/2	2/2	1	2	1/8		1/8	1		-2	58	Bb3	3	222
17	17	265/4	265/4	0.25		9/16	9/16	2/2	1	1	1/16		1/16	1		-6	78	Gb5	5	213
17	17	265/4	265/4	0.25		9/16	9/16	2/2	1	1	1/16		1/16	1		0	84	C6	6	213
17	17	133/2	133/2	0.5		5/8	5/8	2/2	1	2	1/8		1/8	1		1	67	G4	4	223
17	17	133/2	133/2	0.5		5/8	5/8	2/2	1	2	1/8		1/8	1		-5	73	Db5	5	223
17	17	133/2	133/2	0.25		5/8	5/8	2/2	1	1	1/16		1/16	1		-1	77	F5	5	214
17	17	133/2	133/2	0.25		5/8	5/8	2/2	1	1	1/16		1/16	1		3	81	A5	5	214
17	17	67	67	0.5		3/4	3/4	2/2	1	2	1/8		1/8	1		8	56	G#3	3	224
17	17	67	67	0.5		3/4	3/4	2/2	1	2	1/8		1/8	1		6	66	F#4	4	224
17	17	67	67	0.25		3/4	3/4	2/2	1	1	1/16		1/16	1		0	72	C5	5	215
17	17	67	67	0.25		3/4	3/4	2/2	1	1	1/16		1/16	1		4	76	E5	5	215
17	17	269/4	269/4	0.5		13/16	13/16	2/2	1	1	1/8		1/8	1		5	71	B4	4	216
17	17	269/4	269/4	0.5		13/16	13/16	2/2	1	1	1/8		1/8	1		1	79	G5	5	216
17	17	135/2	135/2	0.5		7/8	7/8	2/2	1	2	1/8		1/8	1		1	55	G3	3	225
17	17	135/2	135/2	0.5		7/8	7/8	2/2	1	2	1/8		1/8	1		-1	65	F4	4	225
17	17	271/4	271/4	0.25		15/16	15/16	2/2	1	1	1/16		1/16	1		-2	70	Bb4	4	217
17	17	271/4	271/4	0.25		15/16	15/16	2/2	1	1	1/16		1/16	1		4	76	E5	5	217
18	18	68	68	0.5		0	0	2/2	2	1	1/8		1/8	1		6	54	F#3	3	237
18	18	68	68	0.5		0	0	2/2	2	1	1/8		1/8	1		4	64	E4	4	237
18	18	68	68	0.25		0	0	2/2	1	1	1/16		1/16	1		3	69	A4	4	226
18	18	68	68	0.25		0	0	2/2	1	1	1/16		1/16	1		2	74	D5	5	226
18	18	137/2	137/2	0.5		1/8	1/8	2/2	2	1	1/8		1/8	1		-1	53	F3	3	238
18	18	137/2	137/2	0.5		1/8	1/8	2/2	2	1	1/8		1/8	1		5	59	B3	3	238
18	18	137/2	137/2	0.25		1/8	1/8	2/2	1	1	1/16		1/16	1		4	64	E4	4	227
18	18	137/2	137/2	0.25		1/8	1/8	2/2	1	1	1/16		1/16	1		3	69	A4	4	227
18	18	275/4	275/4	0.5		3/16	3/16	2/2	1	1	1/8		1/8	1		2	74	D5	5	228
18	18	69	69	0.5		1/4	1/4	2/2	2	1	1/8		1/8	1		1	43	G2	2	239
18	18	277/4	277/4	0.25		5/16	5/16	2/2	1	1	1/16		1/16	1		-3	63	Eb4	4	229
18	18	277/4	277/4	0.25		5/16	5/16	2/2	1	1	1/16		1/16	1		-4	68	Ab4	4	229
18	18	139/2	139/2	0.5		3/8	3/8	2/2	2	1	1/8		1/8	1		4	52	E3	3	240
18	18	139/2	139/2	0.5		3/8	3/8	2/2	2	1	1/8		1/8	1		-2	58	Bb3	3	240
18	18	139/2	139/2	0.25		3/8	3/8	2/2	1	1	1/16		1/16	1		2	62	D4	4	230
18	18	139/2	139/2	0.25		3/8	3/8	2/2	1	1	1/16		1/16	1		1	67	G4	4	230
18	18	70	70	0.5		1/2	1/2	2/2	2	1	1/8		1/8	1		6	42	F#2	2	241
18	18	70	70	0.25		1/2	1/2	2/2	1	1	1/16		1/16	1		3	69	A4	4	231
18	18	70	70	1.0		1/2	1/2	2/2	1	2	1/4		1/4	1		3	69	A4	4	236
18	18	70	70	0.25		1/2	1/2	2/2	1	1	1/16		1/16	1		2	74	D5	5	231
18	18	281/4	281/4	0.5		9/16	9/16	2/2	1	1	1/8		1/8	1		1	79	G5	5	232
18	18	141/2	141/2	0.5		5/8	5/8	2/2	2	1	1/8		1/8	1		4	52	E3	3	242
18	18	141/2	141/2	0.5		5/8	5/8	2/2	2	1	1/8		1/8	1		10	58	A#3	3	242
18	18	283/4	283/4	0.25		11/16	11/16	2/2	1	1	1/16		1/16	1		-4	68	Ab4	4	233
18	18	283/4	283/4	0.25		11/16	11/16	2/2	1	1	1/16		1/16	1		-5	73	Db5	5	233
18	18	71	71	0.25		3/4	3/4	2/2	1	1	1/16		1/16	1		1	67	G4	4	234
18	18	71	71	0.25		3/4	3/4	2/2	1	1	1/16		1/16	1		0	72	C5	5	234
18	18	285/4	285/4	0.25		13/16	13/16	2/2	2	1	1/16		1/16	1		7	61	C#4	4	243
18	18	285/4	285/4	0.25		13/16	13/16	2/2	2	1	1/16		1/16	1		-1	65	F4	4	243
18	18	143/2	143/2	0.25		7/8	7/8	2/2	2	1	1/16		1/16	1		10	58	A#3	3	244
18	18	143/2	143/2	0.25		7/8	7/8	2/2	2	1	1/16		1/16	1		4	64	E4	4	244
18	18	287/4	287/4	0.25		15/16	15/16	2/2	1	1	1/16		1/16	1	1	9	75	D#5	5	235
18	18	287/4	287/4	0.25		15/16	15/16	2/2	1	1	1/16		1/16	1	1	8	80	G#5	5	235
18	18	287/4	287/4	0.25		15/16	15/16	2/2	1	1	1/16		1/16	1	1	7	85	C#6	6	235
19	19	72	72	1.0		0	0	2/2	2	1	1/4		1/4	1		4	40	E2	2	252
19	19	72	72	1.0		0	0	2/2	2	1	1/4		1/4	1		5	47	B2	2	252
19	19	72	72	1.0		0	0	2/2	2	1	1/4		1/4	1		8	56	G#3	3	252
19	19	72	72	0.5		0	0	2/2	1	1	1/8		1/8	1	-1	9	75	D#5	5	245
19	19	72	72	0.5		0	0	2/2	1	1	1/8		1/8	1	-1	8	80	G#5	5	245
19	19	72	72	0.5		0	0	2/2	1	1	1/8		1/8	1	-1	7	85	C#6	6	245
19	19	145/2	145/2	0.5		1/8	1/8	2/2	1	1	1/8		1/8	1		2	74	D5	5	246
19	19	145/2	145/2	0.5		1/8	1/8	2/2	1	1	1/8		1/8	1		1	79	G5	5	246
19	19	73	73	1.0		1/4	1/4	2/2	2	1	1/4		1/4	1		1	55	G3	3	253
19	19	73	73	1.0		1/4	1/4	2/2	2	1	1/4		1/4	1		5	59	B3	3	253
19	19	73	73	1.0		1/4	1/4	2/2	2	1	1/4		1/4	1		7	61	C#4	4	253
19	19	73	73	1.0		1/4	1/4	2/2	2	1	1/4		1/4	1		4	64	E4	4	253
19	19	73	73	0.5		1/4	1/4	2/2	1	1	1/8		1/8	1		7	73	C#5	5	247
19	19	73	73	0.5		1/4	1/4	2/2	1	1	1/8		1/8	1		6	78	F#5	5	247
19	19	73	73	0.5		1/4	1/4	2/2	1	1	1/8		1/8	1		5	83	B5	5	247
19	19	147/2	147/2	0.5		3/8	3/8	2/2	1	1	1/8		1/8	1	1	-2	70	Bb4	4	248
19	19	147/2	147/2	0.5		3/8	3/8	2/2	1	1	1/8		1/8	1	1	-3	75	Eb5	5	248
19	19	147/2	147/2	0.5		3/8	3/8	2/2	1	1	1/8		1/8	1	1	-4	80	Ab5	5	248
19	19	74	74	1.0		1/2	1/2	2/2	2	1	1/4		1/4	1		-3	39	Eb2	2	254
19	19	74	74	1.0		1/2	1/2	2/2	2	1	1/4		1/4	1		-4	44	Ab2	2	254
19	19	74	74	1.0		1/2	1/2	2/2	2	1	1/4		1/4	1		0	48	C3	3	254
19	19	74	74	1.0		1/2	1/2	2/2	2	1	1/4		1/4	1		-6	54	Gb3	3	254
19	19	74	74	0.5		1/2	1/2	2/2	1	1	1/8		1/8	1	-1	-2	70	Bb4	4	249
19	19	74	74	0.5		1/2	1/2	2/2	1	1	1/8		1/8	1	-1	-3	75	Eb5	5	249
19	19	74	74	0.5		1/2	1/2	2/2	1	1	1/8		1/8	1	-1	-4	80	Ab5	5	249
19	19	149/2	149/2	0.5		5/8	5/8	2/2	1	1	1/8		1/8	1		3	69	A4	4	250
19	19	149/2	149/2	0.5		5/8	5/8	2/2	1	1	1/8		1/8	1		2	74	D5	5	250
19	19	149/2	149/2	0.5		5/8	5/8	2/2	1	1	1/8		1/8	1		-6	78	Gb5	5	250
19	19	75	75	1.0		3/4	3/4	2/2	2	1	1/4		1/4	1		-4	56	Ab3	3	255
19	19	75	75	1.0		3/4	3/4	2/2	2	1	1/4		1/4	1		0	60	C4	4	255
19	19	75	75	1.0		3/4	3/4	2/2	2	1	1/4		1/4	1		-6	66	Gb4	4	255
19	19	75	75	1.0		3/4	3/4	2/2	1	1	1/4		1/4	1		-4	68	Ab4	4	251
19	19	75	75	1.0		3/4	3/4	2/2	1	1	1/4		1/4	1		-3	75	Eb5	5	251
19	19	75	75	1.0		3/4	3/4	2/2	1	1	1/4		1/4	1		-4	80	Ab5	5	251
20	20	76	76	1.0		0	0	2/2	2	1	1/4		1/4	1		-5	37	Db2	2	261
20	20	76	76	1.0		0	0	2/2	2	1	1/4		1/4	1		-4	44	Ab2	2	261
20	20	76	76	1.0		0	0	2/2	2	1	1/4		1/4	1		-1	53	F3	3	261
20	20	76	76	0.5		0	0	2/2	1	1	1/8		1/8	1		-1	65	F4	4	256
20	20	76	76	0.5		0	0	2/2	1	1	1/8		1/8	1		-2	70	Bb4	4	256
20	20	76	76	0.5		0	0	2/2	1	1	1/8		1/8	1		-3	75	Eb5	5	256
20	20	77	77	1.0		1/4	1/4	2/2	2	1	1/4		1/4	1		-4	56	Ab3	3	262
20	20	77	77	1.0		1/4	1/4	2/2	2	1	1/4		1/4	1		-7	59	Cb4	4	262
20	20	77	77	1.0		1/4	1/4	2/2	2	1	1/4		1/4	1		-3	63	Eb4	4	262
20	20	77	77	1.0		1/4	1/4	2/2	2	1	1/4		1/4	1		-1	65	F4	4	262
20	20	155/2	155/2	0.5		3/8	3/8	2/2	1	1	1/8		1/8	1	1	-2	70	Bb4	4	257
20	20	155/2	155/2	0.5		3/8	3/8	2/2	1	1	1/8		1/8	1	1	-3	75	Eb5	5	257
20	20	155/2	155/2	0.5		3/8	3/8	2/2	1	1	1/8		1/8	1	1	-4	80	Ab5	5	257
20	20	78	78	1.0		1/2	1/2	2/2	2	1	1/4		1/4	1		0	36	C2	2	263
20	20	78	78	1.0		1/2	1/2	2/2	2	1	1/4		1/4	1		1	43	G2	2	263
20	20	78	78	1.0		1/2	1/2	2/2	2	1	1/4		1/4	1		4	52	E3	3	263
20	20	78	78	0.5		1/2	1/2	2/2	1	1	1/8		1/8	1	-1	-2	70	Bb4	4	258
20	20	78	78	0.5		1/2	1/2	2/2	1	1	1/8		1/8	1	-1	-3	75	Eb5	5	258
20	20	78	78	0.5		1/2	1/2	2/2	1	1	1/8		1/8	1	-1	-4	80	Ab5	5	258
20	20	157/2	157/2	0.5		5/8	5/8	2/2	1	1	1/8		1/8	1		1	67	G4	4	259
20	20	157/2	157/2	0.5		5/8	5/8	2/2	1	1	1/8		1/8	1		7	73	C#5	5	259
20	20	157/2	157/2	0.5		5/8	5/8	2/2	1	1	1/8		1/8	1		6	78	F#5	5	259
20	20	79	79	1.0		3/4	3/4	2/2	2	1	1/4		1/4	1		-2	58	Bb3	3	264
20	20	79	79	1.0		3/4	3/4	2/2	2	1	1/4		1/4	1		0	60	C4	4	264
20	20	79	79	1.0		3/4	3/4	2/2	2	1	1/4		1/4	1		4	64	E4	4	264
20	20	79	79	0.5		3/4	3/4	2/2	1	1	1/8		1/8	1		6	66	F#4	4	260
20	20	79	79	0.5		3/4	3/4	2/2	1	1	1/8		1/8	1		2	74	D5	5	260
20	20	79	79	0.5		3/4	3/4	2/2	1	1	1/8		1/8	1		-4	80	Ab5	5	260
21	21	80	80	1.0		0	0	2/2	2	1	1/4		1/4	1		5	35	B1	1	271
21	21	80	80	1.0		0	0	2/2	2	1	1/4		1/4	1		6	42	F#2	2	271
21	21	80	80	1.0		0	0	2/2	2	1	1/4		1/4	1		9	51	D#3	3	271
21	21	161/2	161/2	0.5		1/8	1/8	2/2	1	1	1/8		1/8	1		9	63	D#4	4	265
21	21	161/2	161/2	0.5		1/8	1/8	2/2	1	1	1/8		1/8	1		3	69	A4	4	265
21	21	161/2	161/2	0.5		1/8	1/8	2/2	1	1	1/8		1/8	1		9	75	D#5	5	265
21	21	81	81	1.0		1/4	1/4	2/2	2	1	1/4		1/4	1		3	57	A3	3	272
21	21	81	81	1.0		1/4	1/4	2/2	2	1	1/4		1/4	1		5	59	B3	3	272
21	21	81	81	1.0		1/4	1/4	2/2	2	1	1/4		1/4	1		9	63	D#4	4	272
21	21	163/2	163/2	0.5		3/8	3/8	2/2	1	1	1/8		1/8	1	1	8	68	G#4	4	266
21	21	163/2	163/2	0.5		3/8	3/8	2/2	1	1	1/8		1/8	1	1	9	75	D#5	5	266
21	21	163/2	163/2	0.5		3/8	3/8	2/2	1	1	1/8		1/8	1	1	8	80	G#5	5	266
21	21	82	82	1.0		1/2	1/2	2/2	2	1	1/4		1/4	1		-2	34	Bb1	1	273
21	21	82	82	1.0		1/2	1/2	2/2	2	1	1/4		1/4	1		-1	41	F2	2	273
21	21	82	82	1.0		1/2	1/2	2/2	2	1	1/4		1/4	1		2	50	D3	3	273
21	21	82	82	0.5		1/2	1/2	2/2	1	1	1/8		1/8	1	-1	8	68	G#4	4	267
21	21	82	82	0.5		1/2	1/2	2/2	1	1	1/8		1/8	1	-1	9	75	D#5	5	267
21	21	82	82	0.5		1/2	1/2	2/2	1	1	1/8		1/8	1	-1	8	80	G#5	5	267
21	21	165/2	165/2	0.5		5/8	5/8	2/2	1	1	1/8		1/8	1		1	67	G4	4	268
21	21	165/2	165/2	0.5		5/8	5/8	2/2	1	1	1/8		1/8	1		2	74	D5	5	268
21	21	165/2	165/2	0.5		5/8	5/8	2/2	1	1	1/8		1/8	1		6	78	F#5	5	268
21	21	83	83	1.0		3/4	3/4	2/2	2	1	1/4		1/4	1		-4	56	Ab3	3	274
21	21	83	83	1.0		3/4	3/4	2/2	2	1	1/4		1/4	1		-2	58	Bb3	3	274
21	21	83	83	1.0		3/4	3/4	2/2	2	1	1/4		1/4	1		2	62	D4	4	274
21	21	83	83	0.5		3/4	3/4	2/2	1	1	1/8		1/8	1		6	66	F#4	4	269
21	21	83	83	0.5		3/4	3/4	2/2	1	1	1/8		1/8	1		7	73	C#5	5	269
21	21	83	83	0.5		3/4	3/4	2/2	1	1	1/8		1/8	1		8	80	G#5	5	269
21	21	167/2	167/2	0.5		7/8	7/8	2/2	1	2	1/8		1/8	1	1	1	67	G4	4	270
21	21	167/2	167/2	0.5		7/8	7/8	2/2	1	2	1/8		1/8	1	1	2	74	D5	5	270
22	22	84	84	1.0		0	0	2/2	2	1	1/4		1/4	1		-3	39	Eb2	2	284
22	22	84	84	1.0		0	0	2/2	2	1	1/4		1/4	1		-2	46	Bb2	2	284
22	22	84	84	1.0		0	0	2/2	2	1	1/4		1/4	1		1	55	G3	3	284
22	22	84	84	0.5		0	0	2/2	1	2	1/8		1/8	1	-1	1	67	G4	4	276
22	22	84	84	0.5		0	0	2/2	1	2	1/8		1/8	1		2	74	D5	5	276
22	22	84	84	2.0		0	0	2/2	1	1	1/2		1/2	1	-1	2	74	D5	5	275
22	22	169/2	169/2	0.5		1/8	1/8	2/2	1	2	1/8		1/8	1		6	66	F#4	4	277
22	22	169/2	169/2	0.5		1/8	1/8	2/2	1	2	1/8		1/8	1		7	73	C#5	5	277
22	22	85	85	1.0		1/4	1/4	2/2	2	1	1/4		1/4	1		-2	58	Bb3	3	285
22	22	85	85	1.0		1/4	1/4	2/2	2	1	1/4		1/4	1		0	60	C4	4	285
22	22	85	85	1.0		1/4	1/4	2/2	2	1	1/4		1/4	1		-3	63	Eb4	4	285
22	22	85	85	0.5		1/4	1/4	2/2	1	2	1/8		1/8	1		-1	65	F4	4	278
22	22	85	85	0.5		1/4	1/4	2/2	1	2	1/8		1/8	1		0	72	C5	5	278
22	22	171/2	171/2	0.5		3/8	3/8	2/2	1	2	1/8		1/8	1		2	62	D4	4	279
22	22	171/2	171/2	0.5		3/8	3/8	2/2	1	2	1/8		1/8	1		3	69	A4	4	279
22	22	86	86	1.0		1/2	1/2	2/2	2	1	1/4		1/4	1		5	35	B1	1	286
22	22	86	86	1.0		1/2	1/2	2/2	2	1	1/4		1/4	1		5	47	B2	2	286
22	22	86	86	0.5		1/2	1/2	2/2	1	2	1/8		1/8	1		-5	61	Db4	4	280
22	22	86	86	0.5		1/2	1/2	2/2	1	2	1/8		1/8	1		-4	68	Ab4	4	280
22	22	173/2	173/2	0.5		5/8	5/8	2/2	1	2	1/8		1/8	1		0	60	C4	4	281
22	22	173/2	173/2	0.5		5/8	5/8	2/2	1	2	1/8		1/8	1		1	67	G4	4	281
22	22	87	87	1.0		3/4	3/4	2/2	2	1	1/4		1/4	1		3	57	A3	3	287
22	22	87	87	0.5		3/4	3/4	2/2	1	2	1/8		1/8	1		2	62	D4	4	282
22	22	87	87	1.0		3/4	3/4	2/2	2	1	1/4		1/4	1		9	63	D#4	4	287
22	22	87	87	1.0		3/4	3/4	2/2	2	1	1/4		1/4	1		8	68	G#4	4	287
22	22	175/2	175/2	0.5		7/8	7/8	2/2	1	2	1/8		1/8	1		-5	61	Db4	4	283
23	23	88	88	1.0		0	0	2/2	2	1	1/4		1/4	1		-2	34	Bb1	1	301
23	23	88	88	1.0		0	0	2/2	2	1	1/4		1/4	1		-1	41	F2	2	301
23	23	88	88	1.0		0	0	2/2	2	1	1/4		1/4	1		2	50	D3	3	301
23	23	88	88	1.5		0	0	2/2	1	2	3/8		1/4	3/2		0	60	C4	4	296
23	23	88	88	0.5		0	0	2/2	1	1	1/8		1/8	1		1	67	G4	4	288
23	23	177/2	177/2	0.5		1/8	1/8	2/2	1	1	1/8		1/8	1		3	69	A4	4	289
23	23	89	89	1.0		1/4	1/4	2/2	2	1	1/4		1/4	1		-1	53	F3	3	302
23	23	89	89	1.0		1/4	1/4	2/2	2	1	1/4		1/4	1		1	55	G3	3	302
23	23	89	89	0.5		1/4	1/4	2/2	1	1	1/8		1/8	1		2	74	D5	5	290
23	23	179/2	179/2	1.0		3/8	3/8	2/2	1	2	1/4		1/4	1		7	61	C#4	4	297
23	23	179/2	179/2	0.5		3/8	3/8	2/2	1	1	1/8		1/8	1		1	67	G4	4	291
23	23	90	90	1.0		1/2	1/2	2/2	2	1	1/4		1/4	1		3	33	A1	1	303
23	23	90	90	1.0		1/2	1/2	2/2	2	1	1/4		1/4	1		4	40	E2	2	303
23	23	90	90	1.0		1/2	1/2	2/2	2	1	1/4		1/4	1		7	49	C#3	3	303
23	23	90	90	0.5		1/2	1/2	2/2	1	1	1/8		1/8	1		3	69	A4	4	292
23	23	181/2	181/2	0.5		5/8	5/8	2/2	1	2	1/8		1/8	1		2	62	D4	4	298
23	23	181/2	181/2	0.5		5/8	5/8	2/2	1	1	1/8		1/8	1		2	74	D5	5	293
23	23	91	91	1.0		3/4	3/4	2/2	2	1	1/4		1/4	1		1	55	G3	3	304
23	23	91	91	1.0		3/4	3/4	2/2	2	1	1/4		1/4	1		3	57	A3	3	304
23	23	91	91	0.5		3/4	3/4	2/2	1	2	1/8		1/8	1		9	63	D#4	4	299
23	23	91	91	0.5		3/4	3/4	2/2	1	1	1/8		1/8	1		1	67	G4	4	294
23	23	183/2	183/2	0.5		7/8	7/8	2/2	1	2	1/8		1/8	1		4	64	E4	4	300
23	23	183/2	183/2	0.5		7/8	7/8	2/2	1	1	1/8		1/8	1		3	69	A4	4	295
24	24	92	92	1.0		0	0	2/2	2	1	1/4		1/4	1		-4	32	Ab1	1	312
24	24	92	92	1.0		0	0	2/2	2	1	1/4		1/4	1		-3	39	Eb2	2	312
24	24	92	92	1.0		0	0	2/2	2	1	1/4		1/4	1		0	48	C3	3	312
24	24	92	92	0.5		0	0	2/2	1	1	1/8		1/8	1		11	65	E#4	4	305
24	24	92	92	0.5		0	0	2/2	1	1	1/8		1/8	1		7	73	C#5	5	305
24	24	185/2	185/2	0.5		1/8	1/8	2/2	1	1	1/8		1/8	1		6	66	F#4	4	306
24	24	185/2	185/2	0.5		1/8	1/8	2/2	1	1	1/8		1/8	1		2	74	D5	5	306
24	24	93	93	1.0		1/4	1/4	2/2	2	1	1/4		1/4	1		1	31	G1	1	313
24	24	93	93	1.0		1/4	1/4	2/2	2	1	1/4		1/4	1		2	38	D2	2	313
24	24	93	93	1.0		1/4	1/4	2/2	2	1	1/4		1/4	1		5	47	B2	2	313
24	24	187/2	187/2	0.5		3/8	3/8	2/2	1	1	1/8		1/8	1	1	4	76	E5	5	307
24	24	187/2	187/2	0.5		3/8	3/8	2/2	1	1	1/8		1/8	1	1	3	81	A5	5	307
24	24	94	94	1.0		1/2	1/2	2/2	2	1	1/4		1/4	1		-1	53	F3	3	314
24	24	94	94	1.0		1/2	1/2	2/2	2	1	1/4		1/4	1		5	59	B3	3	314
24	24	94	94	1.0		1/2	1/2	2/2	2	1	1/4		1/4	1		4	64	E4	4	314
24	24	94	94	0.5		1/2	1/2	2/2	1	1	1/8		1/8	1	-1	4	76	E5	5	308
24	24	94	94	0.5		1/2	1/2	2/2	1	1	1/8		1/8	1	-1	3	81	A5	5	308
24	24	189/2	189/2	0.5		5/8	5/8	2/2	1	1	1/8		1/8	1		9	75	D#5	5	309
24	24	189/2	189/2	0.5		5/8	5/8	2/2	1	1	1/8		1/8	1		8	80	G#5	5	309
24	24	95	95	1.0		3/4	3/4	2/2	1	2	1/4		1/4	1		-3	63	Eb4	4	311
24	24	95	95	1.0		3/4	3/4	2/2	1	2	1/4		1/4	1		1	67	G4	4	311
24	24	95	95	1.0		3/4	3/4	2/2	1	2	1/4		1/4	1		5	71	B4	4	311
24	24	95	95	0.5		3/4	3/4	2/2	1	1	1/8		1/8	1		2	74	D5	5	310
24	24	95	95	0.5		3/4	3/4	2/2	1	1	1/8		1/8	1		3	81	A5	5	310
25	25	96	96	1.0		0	0	2/2	2	1	1/4		1/4	1		6	42	F#2	2	321
25	25	96	96	1.0		0	0	2/2	2	1	1/4		1/4	1		4	52	E3	3	321
25	25	96	96	1.0		0	0	2/2	2	1	1/4		1/4	1		10	58	A#3	3	321
25	25	96	96	0.5		0	0	2/2	1	1	1/8		1/8	1		8	68	G#4	4	315
25	25	96	96	0.5		0	0	2/2	1	1	1/8		1/8	1		7	73	C#5	5	315
25	25	193/2	193/2	0.5		1/8	1/8	2/2	1	1	1/8		1/8	1		3	69	A4	4	316
25	25	193/2	193/2	0.5		1/8	1/8	2/2	1	1	1/8		1/8	1		2	74	D5	5	316
25	25	97	97	1.0		1/4	1/4	2/2	2	1	1/4		1/4	1		10	58	A#3	3	322
25	25	97	97	1.0		1/4	1/4	2/2	2	1	1/4		1/4	1		4	64	E4	4	322
25	25	97	97	1.0		1/4	1/4	2/2	2	1	1/4		1/4	1		6	66	F#4	4	322
25	25	195/2	195/2	0.5		3/8	3/8	2/2	1	1	1/8		1/8	1	1	4	76	E5	5	317
25	25	195/2	195/2	0.5		3/8	3/8	2/2	1	1	1/8		1/8	1	1	3	81	A5	5	317
25	25	98	98	1.0		1/2	1/2	2/2	2	1	1/4		1/4	1		-1	41	F2	2	323
25	25	98	98	1.0		1/2	1/2	2/2	2	1	1/4		1/4	1		-3	51	Eb3	3	323
25	25	98	98	1.0		1/2	1/2	2/2	2	1	1/4		1/4	1		3	57	A3	3	323
25	25	98	98	0.5		1/2	1/2	2/2	1	1	1/8		1/8	1	-1	4	76	E5	5	318
25	25	98	98	0.5		1/2	1/2	2/2	1	1	1/8		1/8	1	-1	3	81	A5	5	318
25	25	197/2	197/2	0.5		5/8	5/8	2/2	1	1	1/8		1/8	1		9	75	D#5	5	319
25	25	197/2	197/2	0.5		5/8	5/8	2/2	1	1	1/8		1/8	1		8	80	G#5	5	319
25	25	99	99	1.0		3/4	3/4	2/2	2	1	1/4		1/4	1		3	57	A3	3	324
25	25	99	99	1.0		3/4	3/4	2/2	2	1	1/4		1/4	1		-3	63	Eb4	4	324
25	25	99	99	1.0		3/4	3/4	2/2	2	1	1/4		1/4	1		1	67	G4	4	324
25	25	99	99	0.5		3/4	3/4	2/2	1	1	1/8		1/8	1		2	74	D5	5	320
25	25	99	99	0.5		3/4	3/4	2/2	1	1	1/8		1/8	1		3	81	A5	5	320
26	26	100	100	0.5		0	0	2/2	2	1	1/8		1/8	1		-2	58	Bb3	3	333
26	26	100	100	0.5		0	0	2/2	2	1	1/8		1/8	1		2	62	D4	4	333
26	26	100	100	0.5		0	0	2/2	1	1	1/8		1/8	1		-4	68	Ab4	4	325
26	26	100	100	0.5		0	0	2/2	1	1	1/8		1/8	1		2	74	D5	5	325
26	26	201/2	201/2	1.0		1/8	1/8	2/2	2	1	1/4		1/4	1		1	43	G2	2	334
26	26	201/2	201/2	1.0		1/8	1/8	2/2	2	1	1/4		1/4	1		-1	53	F3	3	334
26	26	201/2	201/2	0.5		1/8	1/8	2/2	1	1	1/8		1/8	1		5	59	B3	3	326
26	26	201/2	201/2	0.5		1/8	1/8	2/2	1	1	1/8		1/8	1		1	67	G4	4	326
26	26	101	101	0.5		1/4	1/4	2/2	1	1	1/8		1/8	1		4	64	E4	4	327
26	26	203/2	203/2	1.0		3/8	3/8	2/2	2	1	1/4		1/4	1		-4	44	Ab2	2	335
26	26	203/2	203/2	1.0		3/8	3/8	2/2	2	1	1/4		1/4	1		-6	54	Gb3	3	335
26	26	203/2	203/2	0.5		3/8	3/8	2/2	1	1	1/8		1/8	1		-3	63	Eb4	4	328
26	26	102	102	0.5		1/2	1/2	2/2	1	1	1/8		1/8	1		0	60	C4	4	329
26	26	205/2	205/2	1.5		5/8	5/8	2/2	2	1	3/8		1/4	3/2		-1	41	F2	2	336
26	26	205/2	205/2	1.5		5/8	5/8	2/2	2	1	3/8		1/4	3/2		-3	51	Eb3	3	336
26	26	205/2	205/2	0.5		5/8	5/8	2/2	1	1	1/8		1/8	1		5	59	B3	3	330
26	26	103	103	0.5		3/4	3/4	2/2	1	1	1/8		1/8	1		-2	58	Bb3	3	331
26	26	207/2	207/2	0.5		7/8	7/8	2/2	1	1	1/8		1/8	1		3	57	A3	3	332
27	27	104	104	1.0		0	0	2/2	2	1	1/4		1/4	1		4	40	E2	2	344
27	27	104	104	1.0		0	0	2/2	2	1	1/4		1/4	1		5	47	B2	2	344
27	27	104	104	1.0		0	0	2/2	2	1	1/4		1/4	1		8	56	G#3	3	344
27	27	104	104	0.5		0	0	2/2	1	1	1/8		1/8	1		9	75	D#5	5	337
27	27	104	104	0.5		0	0	2/2	1	1	1/8		1/8	1		8	80	G#5	5	337
27	27	104	104	0.5		0	0	2/2	1	1	1/8		1/8	1		7	85	C#6	6	337
27	27	209/2	209/2	0.5		1/8	1/8	2/2	1	1	1/8		1/8	1		2	74	D5	5	338
27	27	209/2	209/2	0.5		1/8	1/8	2/2	1	1	1/8		1/8	1		1	79	G5	5	338
27	27	105	105	1.0		1/4	1/4	2/2	2	1	1/4		1/4	1		1	55	G3	3	345
27	27	105	105	1.0		1/4	1/4	2/2	2	1	1/4		1/4	1		5	59	B3	3	345
27	27	105	105	1.0		1/4	1/4	2/2	2	1	1/4		1/4	1		7	61	C#4	4	345
27	27	105	105	1.0		1/4	1/4	2/2	2	1	1/4		1/4	1		4	64	E4	4	345
27	27	105	105	0.5		1/4	1/4	2/2	1	1	1/8		1/8	1		7	73	C#5	5	339
27	27	105	105	0.5		1/4	1/4	2/2	1	1	1/8		1/8	1		6	78	F#5	5	339
27	27	105	105	0.5		1/4	1/4	2/2	1	1	1/8		1/8	1		5	83	B5	5	339
27	27	211/2	211/2	0.5		3/8	3/8	2/2	1	1	1/8		1/8	1	1	-2	70	Bb4	4	340
27	27	211/2	211/2	0.5		3/8	3/8	2/2	1	1	1/8		1/8	1	1	-3	75	Eb5	5	340
27	27	211/2	211/2	0.5		3/8	3/8	2/2	1	1	1/8		1/8	1	1	-4	80	Ab5	5	340
27	27	106	106	1.0		1/2	1/2	2/2	2	1	1/4		1/4	1		-3	39	Eb2	2	346
27	27	106	106	1.0		1/2	1/2	2/2	2	1	1/4		1/4	1		-4	44	Ab2	2	346
27	27	106	106	1.0		1/2	1/2	2/2	2	1	1/4		1/4	1		0	48	C3	3	346
27	27	106	106	1.0		1/2	1/2	2/2	2	1	1/4		1/4	1		-6	54	Gb3	3	346
27	27	106	106	0.5		1/2	1/2	2/2	1	1	1/8		1/8	1	-1	-2	70	Bb4	4	341
27	27	106	106	0.5		1/2	1/2	2/2	1	1	1/8		1/8	1	-1	-3	75	Eb5	5	341
27	27	106	106	0.5		1/2	1/2	2/2	1	1	1/8		1/8	1	-1	-4	80	Ab5	5	341
27	27	213/2	213/2	0.5		5/8	5/8	2/2	1	1	1/8		1/8	1		3	69	A4	4	342
27	27	213/2	213/2	0.5		5/8	5/8	2/2	1	1	1/8		1/8	1		2	74	D5	5	342
27	27	213/2	213/2	0.5		5/8	5/8	2/2	1	1	1/8		1/8	1		-6	78	Gb5	5	342
27	27	107	107	1.0		3/4	3/4	2/2	2	1	1/4		1/4	1		3	57	A3	3	347
27	27	107	107	1.0		3/4	3/4	2/2	2	1	1/4		1/4	1		7	61	C#4	4	347
27	27	107	107	1.0		3/4	3/4	2/2	2	1	1/4		1/4	1		-6	66	Gb4	4	347
27	27	107	107	1.0		3/4	3/4	2/2	1	1	1/4		1/4	1		-4	68	Ab4	4	343
27	27	107	107	1.0		3/4	3/4	2/2	1	1	1/4		1/4	1		-3	75	Eb5	5	343
27	27	107	107	1.0		3/4	3/4	2/2	1	1	1/4		1/4	1		-4	80	Ab5	5	343
28	28	108	108	1.0		0	0	2/2	2	1	1/4		1/4	1		-5	37	Db2	2	353
28	28	108	108	1.0		0	0	2/2	2	1	1/4		1/4	1		-4	44	Ab2	2	353
28	28	108	108	1.0		0	0	2/2	2	1	1/4		1/4	1		-1	53	F3	3	353
28	28	108	108	0.5		0	0	2/2	1	1	1/8		1/8	1		-1	65	F4	4	348
28	28	108	108	0.5		0	0	2/2	1	1	1/8		1/8	1		-2	70	Bb4	4	348
28	28	108	108	0.5		0	0	2/2	1	1	1/8		1/8	1		-3	75	Eb5	5	348
28	28	109	109	1.0		1/4	1/4	2/2	2	1	1/4		1/4	1		-4	56	Ab3	3	354
28	28	109	109	1.0		1/4	1/4	2/2	2	1	1/4		1/4	1		-7	59	Cb4	4	354
28	28	109	109	1.0		1/4	1/4	2/2	2	1	1/4		1/4	1		-3	63	Eb4	4	354
28	28	109	109	1.0		1/4	1/4	2/2	2	1	1/4		1/4	1		-1	65	F4	4	354
28	28	219/2	219/2	0.5		3/8	3/8	2/2	1	1	1/8		1/8	1	1	-2	70	Bb4	4	349
28	28	219/2	219/2	0.5		3/8	3/8	2/2	1	1	1/8		1/8	1	1	-3	75	Eb5	5	349
28	28	219/2	219/2	0.5		3/8	3/8	2/2	1	1	1/8		1/8	1	1	-4	80	Ab5	5	349
28	28	110	110	1.0		1/2	1/2	2/2	2	1	1/4		1/4	1		0	36	C2	2	355
28	28	110	110	1.0		1/2	1/2	2/2	2	1	1/4		1/4	1		1	43	G2	2	355
28	28	110	110	1.0		1/2	1/2	2/2	2	1	1/4		1/4	1		4	52	E3	3	355
28	28	110	110	0.5		1/2	1/2	2/2	1	1	1/8		1/8	1	-1	-2	70	Bb4	4	350
28	28	110	110	0.5		1/2	1/2	2/2	1	1	1/8		1/8	1	-1	-3	75	Eb5	5	350
28	28	110	110	0.5		1/2	1/2	2/2	1	1	1/8		1/8	1	-1	-4	80	Ab5	5	350
28	28	221/2	221/2	0.5		5/8	5/8	2/2	1	1	1/8		1/8	1		1	67	G4	4	351
28	28	221/2	221/2	0.5		5/8	5/8	2/2	1	1	1/8		1/8	1		7	73	C#5	5	351
28	28	221/2	221/2	0.5		5/8	5/8	2/2	1	1	1/8		1/8	1		6	78	F#5	5	351
28	28	111	111	1.0		3/4	3/4	2/2	2	1	1/4		1/4	1		-2	58	Bb3	3	356
28	28	111	111	1.0		3/4	3/4	2/2	2	1	1/4		1/4	1		0	60	C4	4	356
28	28	111	111	1.0		3/4	3/4	2/2	2	1	1/4		1/4	1		4	64	E4	4	356
28	28	111	111	0.5		3/4	3/4	2/2	1	1	1/8		1/8	1		6	66	F#4	4	352
28	28	111	111	0.5		3/4	3/4	2/2	1	1	1/8		1/8	1		2	74	D5	5	352
28	28	111	111	0.5		3/4	3/4	2/2	1	1	1/8		1/8	1		-4	80	Ab5	5	352
29	29	112	112	1.0		0	0	2/2	2	1	1/4		1/4	1		5	35	B1	1	363
29	29	112	112	1.0		0	0	2/2	2	1	1/4		1/4	1		6	42	F#2	2	363
29	29	112	112	1.0		0	0	2/2	2	1	1/4		1/4	1		9	51	D#3	3	363
29	29	112	112	0.5		0	0	2/2	1	1	1/8		1/8	1		9	63	D#4	4	357
29	29	112	112	0.5		0	0	2/2	1	1	1/8		1/8	1		3	69	A4	4	357
29	29	112	112	0.5		0	0	2/2	1	1	1/8		1/8	1		9	75	D#5	5	357
29	29	113	113	1.0		1/4	1/4	2/2	2	1	1/4		1/4	1		3	57	A3	3	364
29	29	113	113	1.0		1/4	1/4	2/2	2	1	1/4		1/4	1		5	59	B3	3	364
29	29	113	113	1.0		1/4	1/4	2/2	2	1	1/4		1/4	1		9	63	D#4	4	364
29	29	227/2	227/2	0.5		3/8	3/8	2/2	1	1	1/8		1/8	1	1	8	68	G#4	4	358
29	29	227/2	227/2	0.5		3/8	3/8	2/2	1	1	1/8		1/8	1	1	9	75	D#5	5	358
29	29	227/2	227/2	0.5		3/8	3/8	2/2	1	1	1/8		1/8	1	1	8	80	G#5	5	358
29	29	114	114	1.0		1/2	1/2	2/2	2	1	1/4		1/4	1		-2	34	Bb1	1	365
29	29	114	114	1.0		1/2	1/2	2/2	2	1	1/4		1/4	1		-1	41	F2	2	365
29	29	114	114	1.0		1/2	1/2	2/2	2	1	1/4		1/4	1		2	50	D3	3	365
29	29	114	114	0.5		1/2	1/2	2/2	1	1	1/8		1/8	1	-1	8	68	G#4	4	359
29	29	114	114	0.5		1/2	1/2	2/2	1	1	1/8		1/8	1	-1	9	75	D#5	5	359
29	29	114	114	0.5		1/2	1/2	2/2	1	1	1/8		1/8	1	-1	8	80	G#5	5	359
29	29	229/2	229/2	0.5		5/8	5/8	2/2	1	1	1/8		1/8	1		1	67	G4	4	360
29	29	229/2	229/2	0.5		5/8	5/8	2/2	1	1	1/8		1/8	1		2	74	D5	5	360
29	29	229/2	229/2	0.5		5/8	5/8	2/2	1	1	1/8		1/8	1		6	78	F#5	5	360
29	29	115	115	1.0		3/4	3/4	2/2	2	1	1/4		1/4	1		-4	56	Ab3	3	366
29	29	115	115	1.0		3/4	3/4	2/2	2	1	1/4		1/4	1		-2	58	Bb3	3	366
29	29	115	115	1.0		3/4	3/4	2/2	2	1	1/4		1/4	1		2	62	D4	4	366
29	29	115	115	0.5		3/4	3/4	2/2	1	1	1/8		1/8	1		6	66	F#4	4	361
29	29	115	115	0.5		3/4	3/4	2/2	1	1	1/8		1/8	1		7	73	C#5	5	361
29	29	115	115	0.5		3/4	3/4	2/2	1	1	1/8		1/8	1		8	80	G#5	5	361
29	29	231/2	231/2	0.5		7/8	7/8	2/2	1	1	1/8		1/8	1	1	1	67	G4	4	362
29	29	231/2	231/2	0.5		7/8	7/8	2/2	1	1	1/8		1/8	1	1	2	74	D5	5	362
30	30	116	116	1.0		0	0	2/2	2	1	1/4		1/4	1		-3	39	Eb2	2	376
30	30	116	116	1.0		0	0	2/2	2	1	1/4		1/4	1		-2	46	Bb2	2	376
30	30	116	116	1.0		0	0	2/2	2	1	1/4		1/4	1		1	55	G3	3	376
30	30	116	116	0.5		0	0	2/2	1	1	1/8		1/8	1	-1	1	67	G4	4	367
30	30	116	116	0.5		0	0	2/2	1	1	1/8		1/8	1	-1	2	74	D5	5	367
30	30	116	116	4.0		0	0	2/2	1	2	1		1	1		2	74	D5	5	375
30	30	233/2	233/2	0.5		1/8	1/8	2/2	1	1	1/8		1/8	1		6	66	F#4	4	368
30	30	233/2	233/2	0.5		1/8	1/8	2/2	1	1	1/8		1/8	1		7	73	C#5	5	368
30	30	117	117	1.0		1/4	1/4	2/2	2	1	1/4		1/4	1		1	55	G3	3	377
30	30	117	117	1.0		1/4	1/4	2/2	2	1	1/4		1/4	1		-2	58	Bb3	3	377
30	30	117	117	1.0		1/4	1/4	2/2	2	1	1/4		1/4	1		0	60	C4	4	377
30	30	117	117	0.5		1/4	1/4	2/2	1	1	1/8		1/8	1		-1	65	F4	4	369
30	30	117	117	0.5		1/4	1/4	2/2	1	1	1/8		1/8	1		0	72	C5	5	369
30	30	235/2	235/2	0.5		3/8	3/8	2/2	1	1	1/8		1/8	1		2	74	D5	5	370
30	30	235/2	235/2	0.5		3/8	3/8	2/2	1	1	1/8		1/8	1		3	81	A5	5	370
30	30	118	118	1.0		1/2	1/2	2/2	2	1	1/4		1/4	1		-6	42	Gb2	2	378
30	30	118	118	1.0		1/2	1/2	2/2	2	1	1/4		1/4	1		-8	52	Fb3	3	378
30	30	118	118	1.0		1/2	1/2	2/2	2	1	1/4		1/4	1		-2	58	Bb3	3	378
30	30	118	118	0.5		1/2	1/2	2/2	1	1	1/8		1/8	1		-5	73	Db5	5	371
30	30	118	118	0.5		1/2	1/2	2/2	1	1	1/8		1/8	1		-4	80	Ab5	5	371
30	30	237/2	237/2	0.5		5/8	5/8	2/2	1	1	1/8		1/8	1		0	72	C5	5	372
30	30	237/2	237/2	0.5		5/8	5/8	2/2	1	1	1/8		1/8	1		1	79	G5	5	372
30	30	119	119	1.0		3/4	3/4	2/2	2	1	1/4		1/4	1		-2	58	Bb3	3	379
30	30	119	119	1.0		3/4	3/4	2/2	2	1	1/4		1/4	1		-8	64	Fb4	4	379
30	30	119	119	1.0		3/4	3/4	2/2	2	1	1/4		1/4	1		-2	70	Bb4	4	379
30	30	119	119	0.5		3/4	3/4	2/2	1	1	1/8		1/8	1		3	81	A5	5	373
30	30	119	119	0.5		3/4	3/4	2/2	1	1	1/8		1/8	1		2	86	D6	6	373
30	30	239/2	239/2	0.5		7/8	7/8	2/2	1	1	1/8		1/8	1		-4	80	Ab5	5	374
30	30	239/2	239/2	0.5		7/8	7/8	2/2	1	1	1/8		1/8	1		-5	85	Db6	6	374
31	31	120	120	0.5		0	0	2/2	2	1	1/8		1/8	1		3	57	A3	3	389
31	31	120	120	0.5		0	0	2/2	2	1	1/8		1/8	1		9	63	D#4	4	389
31	31	120	120	0.5		0	0	2/2	2	1	1/8		1/8	1		3	69	A4	4	389
31	31	120	120	0.25		0	0	2/2	1	1	1/16		1/16	1		2	74	D5	5	380
31	31	120	120	0.25		0	0	2/2	1	1	1/16		1/16	1		1	79	G5	5	380
31	31	120	120	0.25		0	0	2/2	1	1	1/16		1/16	1		0	84	C6	6	380
31	31	481/4	481/4	0.5		1/16	1/16	2/2	1	1	1/8		1/8	1		2	74	D5	5	381
31	31	481/4	481/4	0.5		1/16	1/16	2/2	1	1	1/8		1/8	1		1	79	G5	5	381
31	31	481/4	481/4	0.5		1/16	1/16	2/2	1	1	1/8		1/8	1		0	84	C6	6	381
31	31	241/2	241/2	0.5		1/8	1/8	2/2	2	1	1/8		1/8	1		5	47	B2	2	390
31	31	483/4	483/4	0.25		3/16	3/16	2/2	1	1	1/16		1/16	1		-5	73	Db5	5	382
31	31	483/4	483/4	0.25		3/16	3/16	2/2	1	1	1/16		1/16	1		-6	78	Gb5	5	382
31	31	121	121	0.5		1/4	1/4	2/2	2	1	1/8		1/8	1		-4	44	Ab2	2	391
31	31	121	121	0.5		1/4	1/4	2/2	2	1	1/8		1/8	1		-6	54	Gb3	3	391
31	31	121	121	0.5		1/4	1/4	2/2	2	1	1/8		1/8	1		0	60	C4	4	391
31	31	121	121	0.25		1/4	1/4	2/2	1	1	1/16		1/16	1		-2	70	Bb4	4	383
31	31	121	121	0.25		1/4	1/4	2/2	1	1	1/16		1/16	1		-1	77	F5	5	383
31	31	243/2	243/2	0.5		3/8	3/8	2/2	2	1	1/8		1/8	1		2	38	D2	2	392
31	31	243/2	243/2	0.5		3/8	3/8	2/2	2	1	1/8		1/8	1		3	45	A2	2	392
31	31	243/2	243/2	0.5		3/8	3/8	2/2	2	1	1/8		1/8	1		6	54	F#3	3	392
31	31	243/2	243/2	0.25		3/8	3/8	2/2	1	1	1/16		1/16	1		3	69	A4	4	384
31	31	243/2	243/2	0.25		3/8	3/8	2/2	1	1	1/16		1/16	1		4	76	E5	5	384
31	31	243/2	243/2	0.25		3/8	3/8	2/2	1	1	1/16		1/16	1		3	81	A5	5	384
31	31	487/4	487/4	0.5		7/16	7/16	2/2	1	1	1/8		1/8	1		3	69	A4	4	385
31	31	487/4	487/4	0.5		7/16	7/16	2/2	1	1	1/8		1/8	1		4	76	E5	5	385
31	31	487/4	487/4	0.5		7/16	7/16	2/2	1	1	1/8		1/8	1		3	81	A5	5	385
31	31	122	122	0.5		1/2	1/2	2/2	2	1	1/8		1/8	1		6	54	F#3	3	393
31	31	122	122	0.5		1/2	1/2	2/2	2	1	1/8		1/8	1		0	60	C4	4	393
31	31	489/4	489/4	0.75		9/16	9/16	2/2	1	1	3/16		1/8	3/2		-4	68	Ab4	4	386
31	31	489/4	489/4	0.75		9/16	9/16	2/2	1	1	3/16		1/8	3/2		-3	75	Eb5	5	386
31	31	489/4	489/4	0.75		9/16	9/16	2/2	1	1	3/16		1/8	3/2		-4	80	Ab5	5	386
31	31	245/2	245/2	0.5		5/8	5/8	2/2	2	1	1/8		1/8	1		6	66	F#4	4	394
31	31	245/2	245/2	0.5		5/8	5/8	2/2	2	1	1/8		1/8	1		0	72	C5	5	394
31	31	123	123	0.5		3/4	3/4	2/2	2	1	1/8		1/8	1		1	55	G3	3	395
31	31	123	123	0.5		3/4	3/4	2/2	2	1	1/8		1/8	1		5	59	B3	3	395
31	31	123	123	0.5		3/4	3/4	2/2	2	1	1/8		1/8	1		-1	65	F4	4	395
31	31	123	123	0.25		3/4	3/4	2/2	1	1	1/16		1/16	1		3	69	A4	4	387
31	31	123	123	0.25		3/4	3/4	2/2	1	1	1/16		1/16	1		4	76	E5	5	387
31	31	123	123	0.25		3/4	3/4	2/2	1	1	1/16		1/16	1		1	79	G5	5	387
31	31	493/4	493/4	0.75		13/16	13/16	2/2	1	1	3/16		1/8	3/2		3	69	A4	4	388
31	31	493/4	493/4	0.75		13/16	13/16	2/2	1	1	3/16		1/8	3/2		4	76	E5	5	388
31	31	493/4	493/4	0.75		13/16	13/16	2/2	1	1	3/16		1/8	3/2		1	79	G5	5	388
31	31	247/2	247/2	0.5		7/8	7/8	2/2	2	1	1/8		1/8	1		1	43	G2	2	396
32	32	124	124	0.5		0	0	2/2	2	1	1/8		1/8	1		3	57	A3	3	406
32	32	124	124	0.5		0	0	2/2	2	1	1/8		1/8	1		9	63	D#4	4	406
32	32	124	124	0.5		0	0	2/2	2	1	1/8		1/8	1		3	69	A4	4	406
32	32	124	124	0.25		0	0	2/2	1	1	1/16		1/16	1		2	74	D5	5	397
32	32	124	124	0.25		0	0	2/2	1	1	1/16		1/16	1		1	79	G5	5	397
32	32	124	124	0.25		0	0	2/2	1	1	1/16		1/16	1		0	84	C6	6	397
32	32	497/4	497/4	0.5		1/16	1/16	2/2	1	1	1/8		1/8	1		2	74	D5	5	398
32	32	497/4	497/4	0.5		1/16	1/16	2/2	1	1	1/8		1/8	1		1	79	G5	5	398
32	32	497/4	497/4	0.5		1/16	1/16	2/2	1	1	1/8		1/8	1		0	84	C6	6	398
32	32	249/2	249/2	0.5		1/8	1/8	2/2	2	1	1/8		1/8	1		5	47	B2	2	407
32	32	499/4	499/4	0.25		3/16	3/16	2/2	1	1	1/16		1/16	1		-5	73	Db5	5	399
32	32	499/4	499/4	0.25		3/16	3/16	2/2	1	1	1/16		1/16	1		-6	78	Gb5	5	399
32	32	125	125	0.5		1/4	1/4	2/2	2	1	1/8		1/8	1		-4	44	Ab2	2	408
32	32	125	125	0.5		1/4	1/4	2/2	2	1	1/8		1/8	1		-6	54	Gb3	3	408
32	32	125	125	0.5		1/4	1/4	2/2	2	1	1/8		1/8	1		0	60	C4	4	408
32	32	125	125	0.25		1/4	1/4	2/2	1	1	1/16		1/16	1		-2	70	Bb4	4	400
32	32	125	125	0.25		1/4	1/4	2/2	1	1	1/16		1/16	1		-1	77	F5	5	400
32	32	251/2	251/2	0.5		3/8	3/8	2/2	2	1	1/8		1/8	1		2	38	D2	2	409
32	32	251/2	251/2	0.5		3/8	3/8	2/2	2	1	1/8		1/8	1		3	45	A2	2	409
32	32	251/2	251/2	0.5		3/8	3/8	2/2	2	1	1/8		1/8	1		6	54	F#3	3	409
32	32	251/2	251/2	0.25		3/8	3/8	2/2	1	1	1/16		1/16	1		3	69	A4	4	401
32	32	251/2	251/2	0.25		3/8	3/8	2/2	1	1	1/16		1/16	1		4	76	E5	5	401
32	32	251/2	251/2	0.25		3/8	3/8	2/2	1	1	1/16		1/16	1		3	81	A5	5	401
32	32	503/4	503/4	0.5		7/16	7/16	2/2	1	1	1/8		1/8	1		3	69	A4	4	402
32	32	503/4	503/4	0.5		7/16	7/16	2/2	1	1	1/8		1/8	1		4	76	E5	5	402
32	32	503/4	503/4	0.5		7/16	7/16	2/2	1	1	1/8		1/8	1		3	81	A5	5	402
32	32	126	126	0.5		1/2	1/2	2/2	2	1	1/8		1/8	1		6	54	F#3	3	410
32	32	126	126	0.5		1/2	1/2	2/2	2	1	1/8		1/8	1		0	60	C4	4	410
32	32	505/4	505/4	0.75		9/16	9/16	2/2	1	1	3/16		1/8	3/2		5	71	B4	4	403
32	32	505/4	505/4	0.75		9/16	9/16	2/2	1	1	3/16		1/8	3/2		4	76	E5	5	403
32	32	505/4	505/4	0.75		9/16	9/16	2/2	1	1	3/16		1/8	3/2		5	83	B5	5	403
32	32	253/2	253/2	0.5		5/8	5/8	2/2	2	1	1/8		1/8	1		6	66	F#4	4	411
32	32	253/2	253/2	0.5		5/8	5/8	2/2	2	1	1/8		1/8	1		0	72	C5	5	411
32	32	127	127	0.5		3/4	3/4	2/2	2	1	1/8		1/8	1		5	59	B3	3	412
32	32	127	127	0.5		3/4	3/4	2/2	2	1	1/8		1/8	1		-1	65	F4	4	412
32	32	127	127	0.5		3/4	3/4	2/2	2	1	1/8		1/8	1		3	69	A4	4	412
32	32	127	127	0.25		3/4	3/4	2/2	1	1	1/16		1/16	1		9	75	D#5	5	404
32	32	127	127	0.25		3/4	3/4	2/2	1	1	1/16		1/16	1		8	80	G#5	5	404
32	32	127	127	0.25		3/4	3/4	2/2	1	1	1/16		1/16	1		9	87	D#6	6	404
32	32	509/4	509/4	0.75		13/16	13/16	2/2	1	1	3/16		1/8	3/2		-3	75	Eb5	5	405
32	32	509/4	509/4	0.75		13/16	13/16	2/2	1	1	3/16		1/8	3/2		-4	80	Ab5	5	405
32	32	509/4	509/4	0.75		13/16	13/16	2/2	1	1	3/16		1/8	3/2		4	88	E6	6	405
32	32	255/2	255/2	0.5		7/8	7/8	2/2	2	1	1/8		1/8	1		1	43	G2	2	413
32	32	255/2	255/2	0.5		7/8	7/8	2/2	2	1	1/8		1/8	1		2	50	D3	3	413
33	33	128	128	0.5		0	0	2/2	2	1	1/8		1/8	1		3	45	A2	2	425
33	33	128	128	0.5		0	0	2/2	2	1	1/8		1/8	1		4	52	E3	3	425
33	33	128	128	0.25		0	0	2/2	1	1	1/16		1/16	1		5	71	B4	4	414
33	33	128	128	0.25		0	0	2/2	1	1	1/16		1/16	1		4	76	E5	5	414
33	33	128	128	0.25		0	0	2/2	1	1	1/16		1/16	1		5	83	B5	5	414
33	33	513/4	513/4	0.5		1/16	1/16	2/2	1	1	1/8		1/8	1		0	72	C5	5	415
33	33	513/4	513/4	0.5		1/16	1/16	2/2	1	1	1/8		1/8	1		-1	77	F5	5	415
33	33	513/4	513/4	0.5		1/16	1/16	2/2	1	1	1/8		1/8	1		0	84	C6	6	415
33	33	257/2	257/2	0.5		1/8	1/8	2/2	2	1	1/8		1/8	1		0	60	C4	4	426
33	33	257/2	257/2	0.5		1/8	1/8	2/2	2	1	1/8		1/8	1		6	66	F#4	4	426
33	33	257/2	257/2	0.5		1/8	1/8	2/2	2	1	1/8		1/8	1		10	70	A#4	4	426
33	33	515/4	515/4	0.25		3/16	3/16	2/2	1	1	1/16		1/16	1		9	75	D#5	5	416
33	33	515/4	515/4	0.25		3/16	3/16	2/2	1	1	1/16		1/16	1		8	80	G#5	5	416
33	33	515/4	515/4	0.25		3/16	3/16	2/2	1	1	1/16		1/16	1		9	87	D#6	6	416
33	33	129	129	0.5		1/4	1/4	2/2	2	1	1/8		1/8	1		7	61	C#4	4	427
33	33	129	129	0.5		1/4	1/4	2/2	2	1	1/8		1/8	1		1	67	G4	4	427
33	33	129	129	0.5		1/4	1/4	2/2	2	1	1/8		1/8	1		5	71	B4	4	427
33	33	129	129	0.25		1/4	1/4	2/2	1	1	1/16		1/16	1		4	76	E5	5	417
33	33	129	129	0.25		1/4	1/4	2/2	1	1	1/16		1/16	1		3	81	A5	5	417
33	33	129	129	0.25		1/4	1/4	2/2	1	1	1/16		1/16	1		4	88	E6	6	417
33	33	259/2	259/2	0.5		3/8	3/8	2/2	2	1	1/8		1/8	1		2	62	D4	4	428
33	33	259/2	259/2	0.5		3/8	3/8	2/2	2	1	1/8		1/8	1		-4	68	Ab4	4	428
33	33	259/2	259/2	0.25		3/8	3/8	2/2	1	1	1/16		1/16	1		5	71	B4	4	418
33	33	259/2	259/2	0.25		3/8	3/8	2/2	1	1	1/16		1/16	1		4	76	E5	5	418
33	33	259/2	259/2	0.25		3/8	3/8	2/2	1	1	1/16		1/16	1		5	83	B5	5	418
33	33	519/4	519/4	0.5		7/16	7/16	2/2	1	1	1/8		1/8	1		0	72	C5	5	419
33	33	519/4	519/4	0.5		7/16	7/16	2/2	1	1	1/8		1/8	1		-1	77	F5	5	419
33	33	519/4	519/4	0.5		7/16	7/16	2/2	1	1	1/8		1/8	1		0	84	C6	6	419
33	33	130	130	0.5		1/2	1/2	2/2	2	1	1/8		1/8	1		-2	46	Bb2	2	429
33	33	130	130	0.5		1/2	1/2	2/2	2	1	1/8		1/8	1		-4	56	Ab3	3	429
33	33	521/4	521/4	0.25		9/16	9/16	2/2	1	1	1/16		1/16	1		9	75	D#5	5	420
33	33	521/4	521/4	0.25		9/16	9/16	2/2	1	1	1/16		1/16	1		8	80	G#5	5	420
33	33	521/4	521/4	0.25		9/16	9/16	2/2	1	1	1/16		1/16	1		9	87	D#6	6	420
33	33	261/2	261/2	0.5		5/8	5/8	2/2	2	1	1/8		1/8	1		5	47	B2	2	430
33	33	261/2	261/2	0.5		5/8	5/8	2/2	2	1	1/8		1/8	1		3	57	A3	3	430
33	33	261/2	261/2	0.25		5/8	5/8	2/2	1	1	1/16		1/16	1		4	76	E5	5	421
33	33	261/2	261/2	0.25		5/8	5/8	2/2	1	1	1/16		1/16	1		3	81	A5	5	421
33	33	261/2	261/2	0.25		5/8	5/8	2/2	1	1	1/16		1/16	1		4	88	E6	6	421
33	33	131	131	0.5		3/4	3/4	2/2	2	1	1/8		1/8	1		0	48	C3	3	431
33	33	131	131	0.5		3/4	3/4	2/2	2	1	1/8		1/8	1		-2	58	Bb3	3	431
33	33	131	131	0.25		3/4	3/4	2/2	1	1	1/16		1/16	1		5	71	B4	4	422
33	33	131	131	0.25		3/4	3/4	2/2	1	1	1/16		1/16	1		4	76	E5	5	422
33	33	131	131	0.25		3/4	3/4	2/2	1	1	1/16		1/16	1		5	83	B5	5	422
33	33	525/4	525/4	0.25		13/16	13/16	2/2	1	1	1/16		1/16	1		0	72	C5	5	423
33	33	525/4	525/4	0.25		13/16	13/16	2/2	1	1	1/16		1/16	1		1	79	G5	5	423
33	33	525/4	525/4	0.25		13/16	13/16	2/2	1	1	1/16		1/16	1		0	84	C6	6	423
33	33	263/2	263/2	0.5		7/8	7/8	2/2	2	1	1/8		1/8	1		0	60	C4	4	432
33	33	263/2	263/2	0.5		7/8	7/8	2/2	2	1	1/8		1/8	1		4	64	E4	4	432
33	33	263/2	263/2	0.5		7/8	7/8	2/2	2	1	1/8		1/8	1		-5	73	Db5	5	432
33	33	527/4	527/4	0.25		15/16	15/16	2/2	1	1	1/16		1/16	1		9	75	D#5	5	424
33	33	527/4	527/4	0.25		15/16	15/16	2/2	1	1	1/16		1/16	1		8	80	G#5	5	424
33	33	527/4	527/4	0.25		15/16	15/16	2/2	1	1	1/16		1/16	1		9	87	D#6	6	424
34	34	132	132	0.5		0	0	2/2	2	1	1/8		1/8	1		7	61	C#4	4	434
34	34	132	132	0.5		0	0	2/2	2	1	1/8		1/8	1		11	65	E#4	4	434
34	34	132	132	0.5		0	0	2/2	2	1	1/8		1/8	1		5	71	B4	4	434
34	34	132	132	0.25		0	0	2/2	1	1	1/16		1/16	1		4	76	E5	5	433
34	34	132	132	0.25		0	0	2/2	1	1	1/16		1/16	1		3	81	A5	5	433
34	34	132	132	0.25		0	0	2/2	1	1	1/16		1/16	1		4	88	E6	6	433
34	34	265/2	265/2	0.25		1/8	1/8	2/2	2	1	1/16		1/16	1		4	64	E4	4	435
34	34	531/4	531/4	0.25		3/16	3/16	2/2	2	1	1/16		1/16	1		-1	65	F4	4	436
34	34	133	133	0.25		1/4	1/4	2/2	2	1	1/16		1/16	1		5	71	B4	4	437
34	34	133	133	0.25		1/4	1/4	2/2	2	1	1/16		1/16	1		4	76	E5	5	437
34	34	533/4	533/4	0.25		5/16	5/16	2/2	2	1	1/16		1/16	1		10	70	A#4	4	438
34	34	267/2	267/2	0.25		3/8	3/8	2/2	2	1	1/16		1/16	1		5	71	B4	4	439
34	34	535/4	535/4	0.25		7/16	7/16	2/2	2	1	1/16		1/16	1		4	76	E5	5	440
34	34	535/4	535/4	0.25		7/16	7/16	2/2	2	1	1/16		1/16	1		3	81	A5	5	440
34	34	134	134	0.25		1/2	1/2	2/2	2	1	1/16		1/16	1		9	75	D#5	5	441
34	34	537/4	537/4	0.25		9/16	9/16	2/2	2	1	1/16		1/16	1		4	76	E5	5	442
34	34	269/2	269/2	0.25		5/8	5/8	2/2	2	1	1/16		1/16	1		3	81	A5	5	443
34	34	269/2	269/2	0.25		5/8	5/8	2/2	2	1	1/16		1/16	1		2	86	D6	6	443
34	34	539/4	539/4	0.25		11/16	11/16	2/2	2	1	1/16		1/16	1		8	80	G#5	5	444
34	34	135	135	0.25		3/4	3/4	2/2	2	1	1/16		1/16	1		3	81	A5	5	445
34	34	135	135	0.25		3/4	3/4	2/2	2	1	1/16		1/16	1		2	86	D6	6	445
34	34	135	135	0.25		3/4	3/4	2/2	2	1	1/16		1/16	1		1	91	G6	6	445
35	35	136	136	1.0		0	0	2/2	2	1	1/4		1/4	1		5	47	B2	2	453
35	35	136	136	1.0		0	0	2/2	2	1	1/4		1/4	1		8	56	G#3	3	453
35	35	136	136	0.5		0	0	2/2	1	1	1/8		1/8	1		9	75	D#5	5	446
35	35	136	136	0.5		0	0	2/2	1	1	1/8		1/8	1		8	80	G#5	5	446
35	35	136	136	0.5		0	0	2/2	1	1	1/8		1/8	1		7	85	C#6	6	446
35	35	273/2	273/2	0.5		1/8	1/8	2/2	1	1	1/8		1/8	1		2	74	D5	5	447
35	35	273/2	273/2	0.5		1/8	1/8	2/2	1	1	1/8		1/8	1		1	79	G5	5	447
35	35	137	137	1.0		1/4	1/4	2/2	2	1	1/4		1/4	1		1	55	G3	3	454
35	35	137	137	1.0		1/4	1/4	2/2	2	1	1/4		1/4	1		5	59	B3	3	454
35	35	137	137	1.0		1/4	1/4	2/2	2	1	1/4		1/4	1		7	61	C#4	4	454
35	35	137	137	1.0		1/4	1/4	2/2	2	1	1/4		1/4	1		4	64	E4	4	454
35	35	137	137	0.5		1/4	1/4	2/2	1	1	1/8		1/8	1		7	73	C#5	5	448
35	35	137	137	0.5		1/4	1/4	2/2	1	1	1/8		1/8	1		6	78	F#5	5	448
35	35	137	137	0.5		1/4	1/4	2/2	1	1	1/8		1/8	1		5	83	B5	5	448
35	35	275/2	275/2	0.5		3/8	3/8	2/2	1	1	1/8		1/8	1	1	-2	70	Bb4	4	449
35	35	275/2	275/2	0.5		3/8	3/8	2/2	1	1	1/8		1/8	1	1	-3	75	Eb5	5	449
35	35	275/2	275/2	0.5		3/8	3/8	2/2	1	1	1/8		1/8	1	1	-4	80	Ab5	5	449
35	35	138	138	1.0		1/2	1/2	2/2	2	1	1/4		1/4	1		-3	39	Eb2	2	455
35	35	138	138	1.0		1/2	1/2	2/2	2	1	1/4		1/4	1		-4	44	Ab2	2	455
35	35	138	138	1.0		1/2	1/2	2/2	2	1	1/4		1/4	1		0	48	C3	3	455
35	35	138	138	1.0		1/2	1/2	2/2	2	1	1/4		1/4	1		-6	54	Gb3	3	455
35	35	138	138	0.5		1/2	1/2	2/2	1	1	1/8		1/8	1	-1	-2	70	Bb4	4	450
35	35	138	138	0.5		1/2	1/2	2/2	1	1	1/8		1/8	1	-1	-3	75	Eb5	5	450
35	35	138	138	0.5		1/2	1/2	2/2	1	1	1/8		1/8	1	-1	-4	80	Ab5	5	450
35	35	277/2	277/2	0.5		5/8	5/8	2/2	1	1	1/8		1/8	1		3	69	A4	4	451
35	35	277/2	277/2	0.5		5/8	5/8	2/2	1	1	1/8		1/8	1		2	74	D5	5	451
35	35	277/2	277/2	0.5		5/8	5/8	2/2	1	1	1/8		1/8	1		-6	78	Gb5	5	451
35	35	139	139	1.0		3/4	3/4	2/2	2	1	1/4		1/4	1		-4	56	Ab3	3	456
35	35	139	139	1.0		3/4	3/4	2/2	2	1	1/4		1/4	1		0	60	C4	4	456
35	35	139	139	1.0		3/4	3/4	2/2	2	1	1/4		1/4	1		-6	66	Gb4	4	456
35	35	139	139	0.5		3/4	3/4	2/2	1	1	1/8		1/8	1		-4	68	Ab4	4	452
35	35	139	139	0.5		3/4	3/4	2/2	1	1	1/8		1/8	1		-3	75	Eb5	5	452
35	35	139	139	0.5		3/4	3/4	2/2	1	1	1/8		1/8	1		-4	80	Ab5	5	452
36	36	140	140	1.0		0	0	2/2	2	1	1/4		1/4	1		-5	37	Db2	2	464
36	36	140	140	1.0		0	0	2/2	2	1	1/4		1/4	1		-4	44	Ab2	2	464
36	36	140	140	1.0		0	0	2/2	2	1	1/4		1/4	1		-1	53	F3	3	464
36	36	140	140	0.5		0	0	2/2	1	1	1/8		1/8	1		9	75	D#5	5	457
36	36	140	140	0.5		0	0	2/2	1	1	1/8		1/8	1		8	80	G#5	5	457
36	36	140	140	0.5		0	0	2/2	1	1	1/8		1/8	1		7	85	C#6	6	457
36	36	281/2	281/2	0.5		1/8	1/8	2/2	1	1	1/8		1/8	1		2	74	D5	5	458
36	36	281/2	281/2	0.5		1/8	1/8	2/2	1	1	1/8		1/8	1		1	79	G5	5	458
36	36	141	141	1.0		1/4	1/4	2/2	2	1	1/4		1/4	1		-4	56	Ab3	3	465
36	36	141	141	1.0		1/4	1/4	2/2	2	1	1/4		1/4	1		-7	59	Cb4	4	465
36	36	141	141	1.0		1/4	1/4	2/2	2	1	1/4		1/4	1		-3	63	Eb4	4	465
36	36	141	141	1.0		1/4	1/4	2/2	2	1	1/4		1/4	1		-1	65	F4	4	465
36	36	141	141	0.5		1/4	1/4	2/2	1	1	1/8		1/8	1		7	73	C#5	5	459
36	36	141	141	0.5		1/4	1/4	2/2	1	1	1/8		1/8	1		6	78	F#5	5	459
36	36	141	141	0.5		1/4	1/4	2/2	1	1	1/8		1/8	1		5	83	B5	5	459
36	36	283/2	283/2	0.5		3/8	3/8	2/2	1	1	1/8		1/8	1	1	-2	70	Bb4	4	460
36	36	283/2	283/2	0.5		3/8	3/8	2/2	1	1	1/8		1/8	1	1	-3	75	Eb5	5	460
36	36	283/2	283/2	0.5		3/8	3/8	2/2	1	1	1/8		1/8	1	1	-4	80	Ab5	5	460
36	36	142	142	1.0		1/2	1/2	2/2	2	1	1/4		1/4	1		0	36	C2	2	466
36	36	142	142	1.0		1/2	1/2	2/2	2	1	1/4		1/4	1		1	43	G2	2	466
36	36	142	142	1.0		1/2	1/2	2/2	2	1	1/4		1/4	1		4	52	E3	3	466
36	36	142	142	0.5		1/2	1/2	2/2	1	1	1/8		1/8	1	-1	-2	70	Bb4	4	461
36	36	142	142	0.5		1/2	1/2	2/2	1	1	1/8		1/8	1	-1	-3	75	Eb5	5	461
36	36	142	142	0.5		1/2	1/2	2/2	1	1	1/8		1/8	1	-1	-4	80	Ab5	5	461
36	36	285/2	285/2	0.5		5/8	5/8	2/2	1	1	1/8		1/8	1		1	67	G4	4	462
36	36	285/2	285/2	0.5		5/8	5/8	2/2	1	1	1/8		1/8	1		7	73	C#5	5	462
36	36	285/2	285/2	0.5		5/8	5/8	2/2	1	1	1/8		1/8	1		6	78	F#5	5	462
36	36	143	143	1.0		3/4	3/4	2/2	2	1	1/4		1/4	1		1	55	G3	3	467
36	36	143	143	1.0		3/4	3/4	2/2	2	1	1/4		1/4	1		-2	58	Bb3	3	467
36	36	143	143	1.0		3/4	3/4	2/2	2	1	1/4		1/4	1		0	60	C4	4	467
36	36	143	143	1.0		3/4	3/4	2/2	2	1	1/4		1/4	1		4	64	E4	4	467
36	36	143	143	0.5		3/4	3/4	2/2	1	1	1/8		1/8	1		6	66	F#4	4	463
36	36	143	143	0.5		3/4	3/4	2/2	1	1	1/8		1/8	1		2	74	D5	5	463
36	36	143	143	0.5		3/4	3/4	2/2	1	1	1/8		1/8	1		-4	80	Ab5	5	463
37	37	144	144	1.0		0	0	2/2	2	1	1/4		1/4	1		5	35	B1	1	478
37	37	144	144	1.0		0	0	2/2	2	1	1/4		1/4	1		6	42	F#2	2	478
37	37	144	144	1.0		0	0	2/2	2	1	1/4		1/4	1		9	51	D#3	3	478
37	37	144	144	0.5		0	0	2/2	1	1	1/8		1/8	1		9	75	D#5	5	468
37	37	144	144	0.5		0	0	2/2	1	1	1/8		1/8	1		8	80	G#5	5	468
37	37	144	144	0.5		0	0	2/2	1	1	1/8		1/8	1		7	85	C#6	6	468
37	37	289/2	289/2	0.5		1/8	1/8	2/2	1	1	1/8		1/8	1		2	74	D5	5	469
37	37	289/2	289/2	0.5		1/8	1/8	2/2	1	1	1/8		1/8	1		1	79	G5	5	469
37	37	145	145	1.0		1/4	1/4	2/2	2	1	1/4		1/4	1		3	57	A3	3	479
37	37	145	145	1.0		1/4	1/4	2/2	2	1	1/4		1/4	1		5	59	B3	3	479
37	37	145	145	1.0		1/4	1/4	2/2	2	1	1/4		1/4	1		9	63	D#4	4	479
37	37	145	145	0.5		1/4	1/4	2/2	1	1	1/8		1/8	1		7	73	C#5	5	470
37	37	145	145	0.5		1/4	1/4	2/2	1	1	1/8		1/8	1		6	78	F#5	5	470
37	37	145	145	0.5		1/4	1/4	2/2	1	1	1/8		1/8	1		5	83	B5	5	470
37	37	291/2	291/2	0.5		3/8	3/8	2/2	1	1	1/8		1/8	1	1	-2	70	Bb4	4	471
37	37	291/2	291/2	0.5		3/8	3/8	2/2	1	1	1/8		1/8	1		-3	75	Eb5	5	471
37	37	291/2	291/2	0.5		3/8	3/8	2/2	1	1	1/8		1/8	1	1	-4	80	Ab5	5	471
37	37	146	146	1.0		1/2	1/2	2/2	2	1	1/4		1/4	1		-2	34	Bb1	1	480
37	37	146	146	1.0		1/2	1/2	2/2	2	1	1/4		1/4	1		-1	41	F2	2	480
37	37	146	146	1.0		1/2	1/2	2/2	2	1	1/4		1/4	1		2	50	D3	3	480
37	37	146	146	1.0		1/2	1/2	2/2	1	1	1/4		1/4	1	-1	-2	70	Bb4	4	472
37	37	146	146	0.5		1/2	1/2	2/2	1	2	1/8		1/8	1		-3	75	Eb5	5	474
37	37	146	146	1.0		1/2	1/2	2/2	1	1	1/4		1/4	1	-1	-4	80	Ab5	5	472
37	37	293/2	293/2	0.5		5/8	5/8	2/2	1	2	1/8		1/8	1		2	74	D5	5	475
37	37	147	147	1.0		3/4	3/4	2/2	2	1	1/4		1/4	1		-4	56	Ab3	3	481
37	37	147	147	1.0		3/4	3/4	2/2	2	1	1/4		1/4	1		-2	58	Bb3	3	481
37	37	147	147	1.0		3/4	3/4	2/2	2	1	1/4		1/4	1		2	62	D4	4	481
37	37	147	147	1.0		3/4	3/4	2/2	1	1	1/4		1/4	1		8	68	G#4	4	473
37	37	147	147	0.5		3/4	3/4	2/2	1	2	1/8		1/8	1		7	73	C#5	5	476
37	37	147	147	1.0		3/4	3/4	2/2	1	1	1/4		1/4	1		8	80	G#5	5	473
37	37	295/2	295/2	0.5		7/8	7/8	2/2	1	2	1/8		1/8	1		12	72	B#4	4	477
38	38		148	1.0	1	0	0	2/2	2	1	1/4		1/4	1		3	45	A2	2	489
38	38		148	1.0	1	0	0	2/2	2	1	1/4		1/4	1		4	52	E3	3	489
38	38		148	2.0	1	0	0	2/2	1	1	1/2		1/2	1	1	2	62	D4	4	482
38	38		148	2.0	1	0	0	2/2	1	1	1/2		1/2	1	1	1	67	G4	4	482
38	38		148	0.5	1	0	0	2/2	1	2	1/8		1/8	1		5	71	B4	4	486
38	38		148	2.0	1	0	0	2/2	1	1	1/2		1/2	1	1	4	76	E5	5	482
38	38		149	1.0	1	1/4	1/4	2/2	2	1	1/4		1/4	1		3	33	A1	1	490
38	38		299/2	1.5	1	3/8	3/8	2/2	1	2	3/8		1/4	3/2		-2	70	Bb4	4	487
38	38		150	1.0	1	1/2	1/2	2/2	2	1	1/4		1/4	1		8	44	G#2	2	491
38	38		150	1.0	1	1/2	1/2	2/2	2	1	1/4		1/4	1		9	51	D#3	3	491
38	38		150	0.5	1	1/2	1/2	2/2	1	1	1/8		1/8	1	-1	2	62	D4	4	483
38	38		150	0.5	1	1/2	1/2	2/2	1	1	1/8		1/8	1	-1	1	67	G4	4	483
38	38		150	0.5	1	1/2	1/2	2/2	1	1	1/8		1/8	1		-2	70	Bb4	4	483
38	38		150	0.5	1	1/2	1/2	2/2	1	1	1/8		1/8	1	-1	4	76	E5	5	483
38	38		301/2	1.5	1	5/8	5/8	2/2	1	3	3/8		1/4	3/2		12	60	B#3	3	488
38	38		301/2	1.5	1	5/8	5/8	2/2	1	3	3/8		1/4	3/2		6	66	F#4	4	488
38	38		301/2	1.0	1	5/8	5/8	2/2	1	1	1/4		1/4	1		3	69	A4	4	484
38	38		151	1.0	1	3/4	3/4	2/2	2	1	1/4		1/4	1		8	32	G#1	1	492
38	38		303/2	0.5	1	7/8	7/8	2/2	1	1	1/8		1/8	1		8	68	G#4	4	485
39	38	148	152	2.0	2	0	0	2/2	2	3	1/2		1/2	1		3	45	A2	2	503
39	38	148	152	2.0	2	0	0	2/2	2	3	1/2		1/2	1		4	52	E3	3	503
39	38	148	152	2.0	2	0	0	2/2	1	2	1/2		1/2	1		2	62	D4	4	494
39	38	148	152	2.0	2	0	0	2/2	1	2	1/2		1/2	1		1	67	G4	4	494
39	38	148	152	2.0	2	0	0	2/2	1	2	1/2		1/2	1		5	71	B4	4	494
39	38	148	152	2.0	2	0	0	2/2	1	2	1/2		1/2	1		4	76	E5	5	494
39	38	149	153	3.0	2	1/4	1/4	2/2	1	1	3/4		1/2	3/2		3	93	A6	6	493
39	38	599/4	615/4	0.25	2	7/16	7/16	2/2	1	3	1/16		1/16	1		4	64	E4	4	495
39	38	599/4	615/4	0.25	2	7/16	7/16	2/2	1	3	1/16		1/16	1		3	69	A4	4	495
39	38	150	154	1.0	2	1/2	1/2	2/2	2	2	1/4		1/4	1		1	55	G3	3	502
39	38	150	154	0.75	2	1/2	1/2	2/2	2	1	3/16		1/8	3/2		7	61	C#4	4	499
39	38	150	154	0.75	2	1/2	1/2	2/2	1	3	3/16		1/8	3/2		-1	65	F4	4	496
39	38	150	154	0.75	2	1/2	1/2	2/2	1	3	3/16		1/8	3/2		5	71	B4	4	496
39	38	603/4	619/4	0.25	2	11/16	11/16	2/2	2	1	1/16		1/16	1		0	60	C4	4	500
39	38	603/4	619/4	0.25	2	11/16	11/16	2/2	1	3	1/16		1/16	1		1	67	G4	4	497
39	38	603/4	619/4	0.25	2	11/16	11/16	2/2	1	3	1/16		1/16	1		4	76	E5	5	497
39	38	151	155	1.0	2	3/4	3/4	2/2	2	1	1/4		1/4	1	1	-1	53	F3	3	501
39	38	151	155	1.0	2	3/4	3/4	2/2	2	1	1/4		1/4	1	1	5	59	B3	3	501
39	38	151	155	1.0	2	3/4	3/4	2/2	1	3	1/4		1/4	1	1	8	68	G#4	4	498
39	38	151	155	1.0	2	3/4	3/4	2/2	1	3	1/4		1/4	1	1	7	73	C#5	5	498
40	39	152	156	4.0		0	0	2/2	2	2	1		1	1		1	31	G1	1	507
40	39	152	156	4.0		0	0	2/2	2	1	1		1	1	-1	-1	53	F3	3	506
40	39	152	156	4.0		0	0	2/2	2	1	1		1	1	-1	5	59	B3	3	506
40	39	152	156	4.0		0	0	2/2	1	3	1		1	1	-1	8	68	G#4	4	505
40	39	152	156	4.0		0	0	2/2	1	3	1		1	1	-1	7	73	C#5	5	505
40	39	153	157	3.0		1/4	1/4	2/2	1	1	3/4		1/2	3/2		4	88	E6	6	504
