mc	mn	quarterbeats	quarterbeats_all_endings	duration_qb	volta	mc_onset	mn_onset	timesig	staff	voice	duration	nominal_duration	scalar	tied	tpc	midi	name	octave	chord_id
1	1	0	0	1.0		0	0	2/2	2	1	1/4	1/4	1		4	40	E2	2	5
1	1	0	0	1.0		0	0	2/2	2	1	1/4	1/4	1		5	47	B2	2	5
1	1	0	0	1.0		0	0	2/2	2	1	1/4	1/4	1		1	55	G3	3	5
1	1	0	0	2.0		0	0	2/2	1	1	1/2	1/2	1	1	7	73	C#5	5	0
1	1	0	0	2.0		0	0	2/2	1	1	1/2	1/2	1	1	6	78	F#5	5	0
1	1	1	1	1.0		1/4	1/4	2/2	2	1	1/4	1/4	1		8	56	G#3	3	6
1	1	1	1	1.0		1/4	1/4	2/2	2	1	1/4	1/4	1		2	62	D4	4	6
1	1	1	1	1.0		1/4	1/4	2/2	2	1	1/4	1/4	1		4	64	E4	4	6
1	1	2	2	1.0		1/2	1/2	2/2	2	1	1/4	1/4	1		3	45	A2	2	7
1	1	2	2	1.0		1/2	1/2	2/2	2	1	1/4	1/4	1		4	52	E3	3	7
1	1	2	2	1.0		1/2	1/2	2/2	2	1	1/4	1/4	1		1	55	G3	3	7
1	1	2	2	0.75		1/2	1/2	2/2	1	1	3/16	1/8	3/2	-1	7	73	C#5	5	1
1	1	2	2	0.75		1/2	1/2	2/2	1	1	3/16	1/8	3/2	-1	6	78	F#5	5	1
1	1	11/4	11/4	0.25		11/16	11/16	2/2	1	1	1/16	1/16	1		0	72	C5	5	2
1	1	11/4	11/4	0.25		11/16	11/16	2/2	1	1	1/16	1/16	1		4	76	E5	5	2
1	1	3	3	1.0		3/4	3/4	2/2	2	1	1/4	1/4	1		3	57	A3	3	8
1	1	3	3	1.0		3/4	3/4	2/2	2	1	1/4	1/4	1		7	61	C#4	4	8
1	1	3	3	1.0		3/4	3/4	2/2	2	1	1/4	1/4	1		1	67	G4	4	8
1	1	3	3	0.75		3/4	3/4	2/2	1	1	3/16	1/8	3/2		5	71	B4	4	3
1	1	3	3	0.75		3/4	3/4	2/2	1	1	3/16	1/8	3/2		7	73	C#5	5	3
1	1	15/4	15/4	0.25		15/16	15/16	2/2	1	1	1/16	1/16	1		0	72	C5	5	4
1	1	15/4	15/4	0.25		15/16	15/16	2/2	1	1	1/16	1/16	1		4	76	E5	5	4
2	2	4	4	1.0		0	0	2/2	2	1	1/4	1/4	1		4	40	E2	2	15
2	2	4	4	1.0		0	0	2/2	2	1	1/4	1/4	1		5	47	B2	2	15
2	2	4	4	1.0		0	0	2/2	2	1	1/4	1/4	1		1	55	G3	3	15
2	2	4	4	1.5		0	0	2/2	1	1	3/8	1/4	3/2		7	73	C#5	5	9
2	2	4	4	1.5		0	0	2/2	1	1	3/8	1/4	3/2		6	78	F#5	5	9
2	2	5	5	1.0		1/4	1/4	2/2	2	1	1/4	1/4	1		8	56	G#3	3	16
2	2	5	5	1.0		1/4	1/4	2/2	2	1	1/4	1/4	1		2	62	D4	4	16
2	2	5	5	1.0		1/4	1/4	2/2	2	1	1/4	1/4	1		4	64	E4	4	16
2	2	11/2	11/2	0.5		3/8	3/8	2/2	1	1	1/8	1/8	1	1	7	73	C#5	5	10
2	2	11/2	11/2	0.5		3/8	3/8	2/2	1	1	1/8	1/8	1	1	6	78	F#5	5	10
2	2	6	6	1.0		1/2	1/2	2/2	2	1	1/4	1/4	1		3	45	A2	2	17
2	2	6	6	1.0		1/2	1/2	2/2	2	1	1/4	1/4	1		4	52	E3	3	17
2	2	6	6	1.0		1/2	1/2	2/2	2	1	1/4	1/4	1		1	55	G3	3	17
2	2	6	6	0.5		1/2	1/2	2/2	1	1	1/8	1/8	1	-1	7	73	C#5	5	11
2	2	6	6	0.5		1/2	1/2	2/2	1	1	1/8	1/8	1	-1	6	78	F#5	5	11
2	2	13/2	13/2	0.5		5/8	5/8	2/2	1	1	1/8	1/8	1		0	72	C5	5	12
2	2	13/2	13/2	0.5		5/8	5/8	2/2	1	1	1/8	1/8	1		4	76	E5	5	12
2	2	7	7	1.0		3/4	3/4	2/2	2	1	1/4	1/4	1		3	57	A3	3	18
2	2	7	7	1.0		3/4	3/4	2/2	2	1	1/4	1/4	1		7	61	C#4	4	18
2	2	7	7	1.0		3/4	3/4	2/2	2	1	1/4	1/4	1		1	67	G4	4	18
2	2	7	7	0.5		3/4	3/4	2/2	1	1	1/8	1/8	1		5	71	B4	4	13
2	2	7	7	0.5		3/4	3/4	2/2	1	1	1/8	1/8	1		7	73	C#5	5	13
2	2	15/2	15/2	0.5		7/8	7/8	2/2	1	1	1/8	1/8	1		0	72	C5	5	14
2	2	15/2	15/2	0.5		7/8	7/8	2/2	1	1	1/8	1/8	1		4	76	E5	5	14
3	3	8	8	1.0		0	0	2/2	2	1	1/4	1/4	1		4	40	E2	2	30
3	3	8	8	1.0		0	0	2/2	2	1	1/4	1/4	1		5	47	B2	2	30
3	3	8	8	1.0		0	0	2/2	2	1	1/4	1/4	1		1	55	G3	3	30
3	3	8	8	0.3333333333333333		0	0	2/2	1	1	1/12	1/8	2/3		7	73	C#5	5	19
3	3	8	8	0.3333333333333333		0	0	2/2	1	1	1/12	1/8	2/3		6	78	F#5	5	19
3	3	25/3	25/3	0.3333333333333333		1/12	1/12	2/2	1	1	1/12	1/8	2/3		7	73	C#5	5	20
3	3	25/3	25/3	0.3333333333333333		1/12	1/12	2/2	1	1	1/12	1/8	2/3		6	78	F#5	5	20
3	3	26/3	26/3	0.3333333333333333		1/6	1/6	2/2	1	1	1/12	1/8	2/3	1	7	73	C#5	5	21
3	3	26/3	26/3	0.3333333333333333		1/6	1/6	2/2	1	1	1/12	1/8	2/3	1	6	78	F#5	5	21
3	3	9	9	1.0		1/4	1/4	2/2	2	1	1/4	1/4	1		8	56	G#3	3	31
3	3	9	9	1.0		1/4	1/4	2/2	2	1	1/4	1/4	1		2	62	D4	4	31
3	3	9	9	1.0		1/4	1/4	2/2	2	1	1/4	1/4	1		4	64	E4	4	31
3	3	9	9	0.5		1/4	1/4	2/2	1	1	1/8	1/8	1	-1	7	73	C#5	5	22
3	3	9	9	0.5		1/4	1/4	2/2	1	1	1/8	1/8	1	-1	6	78	F#5	5	22
3	3	19/2	19/2	1.0		3/8	3/8	2/2	1	1	1/4	1/4	1		0	72	C5	5	23
3	3	19/2	19/2	1.0		3/8	3/8	2/2	1	1	1/4	1/4	1		4	76	E5	5	23
3	3	10	10	1.0		1/2	1/2	2/2	2	1	1/4	1/4	1		3	45	A2	2	32
3	3	10	10	1.0		1/2	1/2	2/2	2	1	1/4	1/4	1		4	52	E3	3	32
3	3	10	10	1.0		1/2	1/2	2/2	2	1	1/4	1/4	1		1	55	G3	3	32
3	3	21/2	21/2	0.5		5/8	5/8	2/2	1	1	1/8	1/8	1	1	5	71	B4	4	24
3	3	21/2	21/2	0.5		5/8	5/8	2/2	1	1	1/8	1/8	1	1	7	73	C#5	5	24
3	3	11	11	1.0		3/4	3/4	2/2	2	1	1/4	1/4	1		3	57	A3	3	33
3	3	11	11	1.0		3/4	3/4	2/2	2	1	1/4	1/4	1		7	61	C#4	4	33
3	3	11	11	1.0		3/4	3/4	2/2	2	1	1/4	1/4	1		1	67	G4	4	33
3	3	11	11	0.3333333333333333		3/4	3/4	2/2	1	2	1/12	1/8	2/3	-1	5	71	B4	4	27
3	3	11	11	0.3333333333333333		3/4	3/4	2/2	1	1	1/12	1/8	2/3	-1	7	73	C#5	5	25
3	3	34/3	34/3	0.3333333333333333		5/6	5/6	2/2	1	2	1/12	1/8	2/3		10	70	A#4	4	28
3	3	34/3	34/3	0.6666666666666666		5/6	5/6	2/2	1	1	1/6	1/4	2/3		4	76	E5	5	26
3	3	35/3	35/3	0.3333333333333333		11/12	11/12	2/2	1	2	1/12	1/8	2/3		3	69	A4	4	29
4	4	12	12	1.0		0	0	2/2	2	1	1/4	1/4	1		6	42	F#2	2	41
4	4	12	12	1.0		0	0	2/2	2	1	1/4	1/4	1		4	52	E3	3	41
4	4	12	12	2.0		0	0	2/2	1	2	1/2	1/2	1	1	8	68	G#4	4	35
4	4	12	12	4.0		0	0	2/2	1	1	1	1	1		7	73	C#5	5	34
4	4	13	13	1.0		1/4	1/4	2/2	2	1	1/4	1/4	1		6	54	F#3	3	42
4	4	13	13	1.0		1/4	1/4	2/2	2	1	1/4	1/4	1		10	58	A#3	3	42
4	4	13	13	1.0		1/4	1/4	2/2	2	1	1/4	1/4	1		4	64	E4	4	42
4	4	14	14	1.0		1/2	1/2	2/2	2	1	1/4	1/4	1		6	42	F#2	2	43
4	4	14	14	1.0		1/2	1/2	2/2	2	1	1/4	1/4	1		4	52	E3	3	43
4	4	14	14	0.5		1/2	1/2	2/2	1	2	1/8	1/8	1	-1	8	68	G#4	4	36
4	4	29/2	29/2	0.5		5/8	5/8	2/2	1	2	1/8	1/8	1	1	11	65	E#4	4	37
4	4	15	15	1.0		3/4	3/4	2/2	2	1	1/4	1/4	1		6	54	F#3	3	44
4	4	15	15	1.0		3/4	3/4	2/2	2	1	1/4	1/4	1		10	58	A#3	3	44
4	4	15	15	1.0		3/4	3/4	2/2	2	1	1/4	1/4	1		4	64	E4	4	44
4	4	15	15	0.3333333333333333		3/4	3/4	2/2	1	2	1/12	1/8	2/3	-1	11	65	E#4	4	38
4	4	46/3	46/3	0.3333333333333333		5/6	5/6	2/2	1	2	1/12	1/8	2/3		6	66	F#4	4	39
4	4	47/3	47/3	0.3333333333333333		11/12	11/12	2/2	1	2	1/12	1/8	2/3		13	67	F##4	4	40
5	5	16	16	1.0		0	0	2/2	2	1	1/4	1/4	1		5	35	B1	1	50
5	5	16	16	1.0		0	0	2/2	2	1	1/4	1/4	1		6	42	F#2	2	50
5	5	16	16	1.0		0	0	2/2	2	1	1/4	1/4	1		2	50	D3	3	50
5	5	16	16	2.0		0	0	2/2	1	1	1/2	1/2	1	1	8	68	G#4	4	45
5	5	16	16	2.0		0	0	2/2	1	1	1/2	1/2	1	1	7	73	C#5	5	45
5	5	17	17	1.0		1/4	1/4	2/2	2	1	1/4	1/4	1		9	51	D#3	3	51
5	5	17	17	1.0		1/4	1/4	2/2	2	1	1/4	1/4	1		3	57	A3	3	51
5	5	17	17	1.0		1/4	1/4	2/2	2	1	1/4	1/4	1		5	59	B3	3	51
5	5	18	18	1.0		1/2	1/2	2/2	2	1	1/4	1/4	1		4	40	E2	2	52
5	5	18	18	1.0		1/2	1/2	2/2	2	1	1/4	1/4	1		5	47	B2	2	52
5	5	18	18	1.0		1/2	1/2	2/2	2	1	1/4	1/4	1		1	55	G3	3	52
5	5	18	18	0.75		1/2	1/2	2/2	1	1	3/16	1/8	3/2	-1	8	68	G#4	4	46
5	5	18	18	0.75		1/2	1/2	2/2	1	1	3/16	1/8	3/2	-1	7	73	C#5	5	46
5	5	75/4	75/4	0.25		11/16	11/16	2/2	1	1	1/16	1/16	1		1	67	G4	4	47
5	5	75/4	75/4	0.25		11/16	11/16	2/2	1	1	1/16	1/16	1		5	71	B4	4	47
5	5	19	19	1.0		3/4	3/4	2/2	2	1	1/4	1/4	1		8	56	G#3	3	53
5	5	19	19	1.0		3/4	3/4	2/2	2	1	1/4	1/4	1		2	62	D4	4	53
5	5	19	19	1.0		3/4	3/4	2/2	2	1	1/4	1/4	1		4	64	E4	4	53
5	5	19	19	0.75		3/4	3/4	2/2	1	1	3/16	1/8	3/2		6	66	F#4	4	48
5	5	19	19	0.75		3/4	3/4	2/2	1	1	3/16	1/8	3/2		8	68	G#4	4	48
5	5	79/4	79/4	0.25		15/16	15/16	2/2	1	1	1/16	1/16	1		1	67	G4	4	49
5	5	79/4	79/4	0.25		15/16	15/16	2/2	1	1	1/16	1/16	1		5	71	B4	4	49
6	6	20	20	1.0		0	0	2/2	2	1	1/4	1/4	1		1	43	G2	2	63
6	6	20	20	1.0		0	0	2/2	2	1	1/4	1/4	1		2	50	D3	3	63
6	6	20	20	1.0		0	0	2/2	2	1	1/4	1/4	1		-2	58	Bb3	3	63
6	6	20	20	0.25		0	0	2/2	1	1	1/16	1/16	1		8	68	G#4	4	54
6	6	20	20	0.25		0	0	2/2	1	1	1/16	1/16	1		7	73	C#5	5	54
6	6	81/4	81/4	0.25		1/16	1/16	2/2	1	1	1/16	1/16	1		8	68	G#4	4	55
6	6	81/4	81/4	0.25		1/16	1/16	2/2	1	1	1/16	1/16	1		7	73	C#5	5	55
6	6	41/2	41/2	0.5		1/8	1/8	2/2	1	1	1/8	1/8	1	1	8	68	G#4	4	56
6	6	41/2	41/2	0.5		1/8	1/8	2/2	1	1	1/8	1/8	1	1	7	73	C#5	5	56
6	6	21	21	1.0		1/4	1/4	2/2	2	1	1/4	1/4	1		5	59	B3	3	64
6	6	21	21	1.0		1/4	1/4	2/2	2	1	1/4	1/4	1		-1	65	F4	4	64
6	6	21	21	1.0		1/4	1/4	2/2	2	1	1/4	1/4	1		1	67	G4	4	64
6	6	21	21	0.5		1/4	1/4	2/2	1	1	1/8	1/8	1	-1	8	68	G#4	4	57
6	6	21	21	0.5		1/4	1/4	2/2	1	1	1/8	1/8	1	-1	7	73	C#5	5	57
6	6	43/2	43/2	0.5		3/8	3/8	2/2	1	1	1/8	1/8	1	1	8	68	G#4	4	58
6	6	43/2	43/2	0.5		3/8	3/8	2/2	1	1	1/8	1/8	1	1	7	73	C#5	5	58
6	6	22	22	1.0		1/2	1/2	2/2	2	1	1/4	1/4	1		-1	41	F2	2	65
6	6	22	22	1.0		1/2	1/2	2/2	2	1	1/4	1/4	1		0	48	C3	3	65
6	6	22	22	1.0		1/2	1/2	2/2	2	1	1/4	1/4	1		-4	56	Ab3	3	65
6	6	22	22	0.5		1/2	1/2	2/2	1	1	1/8	1/8	1	-1	8	68	G#4	4	59
6	6	22	22	0.5		1/2	1/2	2/2	1	1	1/8	1/8	1	-1	7	73	C#5	5	59
6	6	45/2	45/2	0.5		5/8	5/8	2/2	1	1	1/8	1/8	1		1	67	G4	4	60
6	6	45/2	45/2	0.5		5/8	5/8	2/2	1	1	1/8	1/8	1		5	71	B4	4	60
6	6	23	23	1.0		3/4	3/4	2/2	2	1	1/4	1/4	1		-1	53	F3	3	66
6	6	23	23	1.0		3/4	3/4	2/2	2	1	1/4	1/4	1		3	57	A3	3	66
6	6	23	23	1.0		3/4	3/4	2/2	2	1	1/4	1/4	1		-3	63	Eb4	4	66
6	6	23	23	0.5		3/4	3/4	2/2	1	1	1/8	1/8	1		6	66	F#4	4	61
6	6	23	23	0.5		3/4	3/4	2/2	1	1	1/8	1/8	1		8	68	G#4	4	61
6	6	47/2	47/2	0.5		7/8	7/8	2/2	1	1	1/8	1/8	1		1	67	G4	4	62
6	6	47/2	47/2	0.5		7/8	7/8	2/2	1	1	1/8	1/8	1		5	71	B4	4	62
7	7	24	24	1.0		0	0	2/2	2	1	1/4	1/4	1		4	40	E2	2	75
7	7	24	24	1.0		0	0	2/2	2	1	1/4	1/4	1		5	47	B2	2	75
7	7	24	24	1.0		0	0	2/2	2	1	1/4	1/4	1		1	55	G3	3	75
7	7	24	24	0.25		0	0	2/2	1	1	1/16	1/16	1		6	66	F#4	4	67
7	7	24	24	0.25		0	0	2/2	1	1	1/16	1/16	1		7	73	C#5	5	67
7	7	97/4	97/4	0.5		1/16	1/16	2/2	1	1	1/8	1/8	1		-1	65	F4	4	68
7	7	97/4	97/4	0.5		1/16	1/16	2/2	1	1	1/8	1/8	1		5	71	B4	4	68
7	7	99/4	99/4	0.25		3/16	3/16	2/2	1	1	1/16	1/16	1	1	4	64	E4	4	69
7	7	99/4	99/4	0.25		3/16	3/16	2/2	1	1	1/16	1/16	1	1	8	68	G#4	4	69
7	7	25	25	1.0		1/4	1/4	2/2	2	1	1/4	1/4	1		6	54	F#3	3	76
7	7	25	25	1.0		1/4	1/4	2/2	2	1	1/4	1/4	1		8	56	G#3	3	76
7	7	25	25	1.0		1/4	1/4	2/2	2	1	1/4	1/4	1		2	62	D4	4	76
7	7	25	25	1.0		1/4	1/4	2/2	1	1	1/4	1/4	1	-1	4	64	E4	4	70
7	7	25	25	1.0		1/4	1/4	2/2	1	1	1/4	1/4	1	-1	8	68	G#4	4	70
7	7	26	26	1.0		1/2	1/2	2/2	2	1	1/4	1/4	1		2	38	D2	2	77
7	7	26	26	1.0		1/2	1/2	2/2	2	1	1/4	1/4	1		3	45	A2	2	77
7	7	26	26	1.0		1/2	1/2	2/2	2	1	1/4	1/4	1		-1	53	F3	3	77
7	7	26	26	0.25		1/2	1/2	2/2	1	1	1/16	1/16	1		9	63	D#4	4	71
7	7	105/4	105/4	0.75		9/16	9/16	2/2	1	1	3/16	1/8	3/2	1	4	64	E4	4	72
7	7	105/4	105/4	0.75		9/16	9/16	2/2	1	1	3/16	1/8	3/2	1	5	71	B4	4	72
7	7	27	27	1.0		3/4	3/4	2/2	2	1	1/4	1/4	1		6	54	F#3	3	78
7	7	27	27	1.0		3/4	3/4	2/2	2	1	1/4	1/4	1		0	60	C4	4	78
7	7	27	27	1.0		3/4	3/4	2/2	2	1	1/4	1/4	1		2	62	D4	4	78
7	7	27	27	0.5		3/4	3/4	2/2	1	1	1/8	1/8	1	-1	4	64	E4	4	73
7	7	27	27	0.5		3/4	3/4	2/2	1	1	1/8	1/8	1	-1	5	71	B4	4	73
7	7	55/2	55/2	0.5		7/8	7/8	2/2	1	1	1/8	1/8	1	1	9	63	D#4	4	74
7	7	55/2	55/2	0.5		7/8	7/8	2/2	1	1	1/8	1/8	1	1	8	68	G#4	4	74
8	8	28	28	1.0		0	0	2/2	2	1	1/4	1/4	1		7	37	C#2	2	80
8	8	28	28	1.0		0	0	2/2	2	1	1/4	1/4	1		8	44	G#2	2	80
8	8	28	28	1.0		0	0	2/2	2	1	1/4	1/4	1		4	52	E3	3	80
8	8	28	28	4.0		0	0	2/2	1	1	1	1	1	-1	9	63	D#4	4	79
8	8	28	28	4.0		0	0	2/2	1	1	1	1	1	-1	8	68	G#4	4	79
8	8	29	29	1.0		1/4	1/4	2/2	2	1	1/4	1/4	1		11	53	E#3	3	81
8	8	29	29	1.0		1/4	1/4	2/2	2	1	1/4	1/4	1		5	59	B3	3	81
8	8	29	29	1.0		1/4	1/4	2/2	2	1	1/4	1/4	1		7	61	C#4	4	81
8	8	30	30	1.0		1/2	1/2	2/2	2	1	1/4	1/4	1		-2	34	Bb1	1	82
8	8	30	30	1.0		1/2	1/2	2/2	2	1	1/4	1/4	1		-2	46	Bb2	2	82
8	8	30	30	1.0		1/2	1/2	2/2	2	3	1/4	1/4	1		-1	53	F3	3	84
8	8	30	30	1.0		1/2	1/2	2/2	2	3	1/4	1/4	1		-4	56	Ab3	3	84
8	8	30	30	1.0		1/2	1/2	2/2	2	3	1/4	1/4	1		0	60	C4	4	84
8	8	30	30	1.0		1/2	1/2	2/2	2	3	1/4	1/4	1		2	62	D4	4	84
8	8	31	31	1.0		3/4	3/4	2/2	2	1	1/4	1/4	1		5	35	B1	1	83
8	8	31	31	1.0		3/4	3/4	2/2	2	1	1/4	1/4	1		5	47	B2	2	83
8	8	31	31	1.0		3/4	3/4	2/2	2	3	1/4	1/4	1		6	54	F#3	3	85
8	8	31	31	1.0		3/4	3/4	2/2	2	3	1/4	1/4	1		3	57	A3	3	85
8	8	31	31	1.0		3/4	3/4	2/2	2	3	1/4	1/4	1		7	61	C#4	4	85
8	8	31	31	1.0		3/4	3/4	2/2	2	3	1/4	1/4	1		9	63	D#4	4	85
9	9	32	32	1.0		0	0	2/2	2	1	1/4	1/4	1		4	40	E2	2	88
9	9	32	32	1.0		0	0	2/2	2	1	1/4	1/4	1		5	47	B2	2	88
9	9	32	32	1.0		0	0	2/2	2	1	1/4	1/4	1		1	55	G3	3	88
9	9	65/2	65/2	0.5		1/8	1/8	2/2	1	1	1/8	1/8	1	1	7	73	C#5	5	86
9	9	65/2	65/2	0.5		1/8	1/8	2/2	1	1	1/8	1/8	1	1	6	78	F#5	5	86
9	9	33	33	1.0		1/4	1/4	2/2	2	1	1/4	1/4	1		8	56	G#3	3	89
9	9	33	33	1.0		1/4	1/4	2/2	2	1	1/4	1/4	1		2	62	D4	4	89
9	9	33	33	1.0		1/4	1/4	2/2	2	1	1/4	1/4	1		4	64	E4	4	89
9	9	33	33	3.0		1/4	1/4	2/2	1	1	3/4	1/2	3/2	-1	7	73	C#5	5	87
9	9	33	33	3.0		1/4	1/4	2/2	1	1	3/4	1/2	3/2	-1	6	78	F#5	5	87
9	9	34	34	1.0		1/2	1/2	2/2	2	1	1/4	1/4	1		1	43	G2	2	90
9	9	34	34	1.0		1/2	1/2	2/2	2	1	1/4	1/4	1		2	50	D3	3	90
9	9	34	34	1.0		1/2	1/2	2/2	2	1	1/4	1/4	1		-2	58	Bb3	3	90
9	9	35	35	1.0		3/4	3/4	2/2	2	1	1/4	1/4	1		5	59	B3	3	91
9	9	35	35	1.0		3/4	3/4	2/2	2	1	1/4	1/4	1		-1	65	F4	4	91
9	9	35	35	1.0		3/4	3/4	2/2	2	1	1/4	1/4	1		1	67	G4	4	91
10	10	36	36	1.0		0	0	2/2	2	1	1/4	1/4	1		6	42	F#2	2	102
10	10	36	36	1.0		0	0	2/2	2	1	1/4	1/4	1		7	49	C#3	3	102
10	10	36	36	1.0		0	0	2/2	2	1	1/4	1/4	1		3	57	A3	3	102
10	10	36	36	0.3333333333333333		0	0	2/2	1	1	1/12	1/8	2/3		0	72	C5	5	92
10	10	36	36	0.3333333333333333		0	0	2/2	1	1	1/12	1/8	2/3		4	76	E5	5	92
10	10	109/3	109/3	0.3333333333333333		1/12	1/12	2/2	1	1	1/12	1/8	2/3		5	71	B4	4	93
10	10	109/3	109/3	0.3333333333333333		1/12	1/12	2/2	1	1	1/12	1/8	2/3		7	73	C#5	5	93
10	10	110/3	110/3	0.3333333333333333		1/6	1/6	2/2	1	1	1/12	1/8	2/3		0	72	C5	5	94
10	10	110/3	110/3	0.3333333333333333		1/6	1/6	2/2	1	1	1/12	1/8	2/3		4	76	E5	5	94
10	10	37	37	1.0		1/4	1/4	2/2	2	1	1/4	1/4	1		10	58	A#3	3	103
10	10	37	37	1.0		1/4	1/4	2/2	2	1	1/4	1/4	1		4	64	E4	4	103
10	10	37	37	1.0		1/4	1/4	2/2	2	1	1/4	1/4	1		6	66	F#4	4	103
10	10	37	37	0.5		1/4	1/4	2/2	1	1	1/8	1/8	1		7	73	C#5	5	95
10	10	37	37	0.5		1/4	1/4	2/2	1	1	1/8	1/8	1		6	78	F#5	5	95
10	10	75/2	75/2	0.5		3/8	3/8	2/2	1	1	1/8	1/8	1	1	7	73	C#5	5	96
10	10	75/2	75/2	0.5		3/8	3/8	2/2	1	1	1/8	1/8	1	1	6	78	F#5	5	96
10	10	38	38	1.0		1/2	1/2	2/2	2	1	1/4	1/4	1		-1	41	F2	2	104
10	10	38	38	1.0		1/2	1/2	2/2	2	1	1/4	1/4	1		0	48	C3	3	104
10	10	38	38	1.0		1/2	1/2	2/2	2	1	1/4	1/4	1		-4	56	Ab3	3	104
10	10	38	38	1.0		1/2	1/2	2/2	1	1	1/4	1/4	1	0	7	73	C#5	5	97
10	10	38	38	1.0		1/2	1/2	2/2	1	1	1/4	1/4	1	0	6	78	F#5	5	97
10	10	39	39	1.0		3/4	3/4	2/2	2	1	1/4	1/4	1		3	57	A3	3	105
10	10	39	39	1.0		3/4	3/4	2/2	2	1	1/4	1/4	1		-3	63	Eb4	4	105
10	10	39	39	1.0		3/4	3/4	2/2	2	1	1/4	1/4	1		-1	65	F4	4	105
10	10	39	39	0.25		3/4	3/4	2/2	1	1	1/16	1/16	1	-1	7	73	C#5	5	98
10	10	39	39	0.25		3/4	3/4	2/2	1	1	1/16	1/16	1	-1	6	78	F#5	5	98
10	10	157/4	157/4	0.25		13/16	13/16	2/2	1	1	1/16	1/16	1		0	72	C5	5	99
10	10	157/4	157/4	0.25		13/16	13/16	2/2	1	1	1/16	1/16	1		4	76	E5	5	99
10	10	79/2	79/2	0.25		7/8	7/8	2/2	1	1	1/16	1/16	1		5	71	B4	4	100
10	10	79/2	79/2	0.25		7/8	7/8	2/2	1	1	1/16	1/16	1		7	73	C#5	5	100
10	10	159/4	159/4	0.25		15/16	15/16	2/2	1	1	1/16	1/16	1		0	72	C5	5	101
10	10	159/4	159/4	0.25		15/16	15/16	2/2	1	1	1/16	1/16	1		4	76	E5	5	101
11	11	40	40	1.0		0	0	2/2	2	1	1/4	1/4	1		4	40	E2	2	118
11	11	40	40	1.0		0	0	2/2	2	1	1/4	1/4	1		5	47	B2	2	118
11	11	40	40	1.0		0	0	2/2	2	1	1/4	1/4	1		1	55	G3	3	118
11	11	40	40	0.3333333333333333		0	0	2/2	1	1	1/12	1/8	2/3		7	73	C#5	5	106
11	11	40	40	0.3333333333333333		0	0	2/2	1	1	1/12	1/8	2/3		6	78	F#5	5	106
11	11	121/3	121/3	0.3333333333333333		1/12	1/12	2/2	1	1	1/12	1/8	2/3		7	73	C#5	5	107
11	11	121/3	121/3	0.3333333333333333		1/12	1/12	2/2	1	1	1/12	1/8	2/3		6	78	F#5	5	107
11	11	122/3	122/3	0.3333333333333333		1/6	1/6	2/2	1	1	1/12	1/8	2/3		7	73	C#5	5	108
11	11	122/3	122/3	0.3333333333333333		1/6	1/6	2/2	1	1	1/12	1/8	2/3		6	78	F#5	5	108
11	11	41	41	1.0		1/4	1/4	2/2	2	1	1/4	1/4	1		8	56	G#3	3	119
11	11	41	41	1.0		1/4	1/4	2/2	2	1	1/4	1/4	1		2	62	D4	4	119
11	11	41	41	1.0		1/4	1/4	2/2	2	1	1/4	1/4	1		4	64	E4	4	119
11	11	41	41	0.5		1/4	1/4	2/2	1	1	1/8	1/8	1		0	72	C5	5	109
11	11	41	41	0.5		1/4	1/4	2/2	1	1	1/8	1/8	1		4	76	E5	5	109
11	11	83/2	83/2	0.5		3/8	3/8	2/2	1	1	1/8	1/8	1	1	5	71	B4	4	110
11	11	83/2	83/2	0.5		3/8	3/8	2/2	1	1	1/8	1/8	1	1	7	73	C#5	5	110
11	11	42	42	1.0		1/2	1/2	2/2	2	1	1/4	1/4	1		3	45	A2	2	120
11	11	42	42	1.0		1/2	1/2	2/2	2	1	1/4	1/4	1		4	52	E3	3	120
11	11	42	42	1.0		1/2	1/2	2/2	2	1	1/4	1/4	1		1	55	G3	3	120
11	11	42	42	0.5		1/2	1/2	2/2	1	1	1/8	1/8	1	-1	5	71	B4	4	111
11	11	42	42	0.5		1/2	1/2	2/2	1	1	1/8	1/8	1	-1	7	73	C#5	5	111
11	11	85/2	85/2	0.5		5/8	5/8	2/2	1	2	1/8	1/8	1	1	10	70	A#4	4	113
11	11	85/2	85/2	1.5		5/8	5/8	2/2	1	1	3/8	1/4	3/2		4	76	E5	5	112
11	11	43	43	1.0		3/4	3/4	2/2	2	1	1/4	1/4	1		3	57	A3	3	121
11	11	43	43	1.0		3/4	3/4	2/2	2	1	1/4	1/4	1		7	61	C#4	4	121
11	11	43	43	1.0		3/4	3/4	2/2	2	1	1/4	1/4	1		1	67	G4	4	121
11	11	43	43	0.25		3/4	3/4	2/2	1	2	1/16	1/16	1	-1	10	70	A#4	4	114
11	11	173/4	173/4	0.25		13/16	13/16	2/2	1	2	1/16	1/16	1		15	69	G##4	4	115
11	11	87/2	87/2	0.25		7/8	7/8	2/2	1	2	1/16	1/16	1		10	70	A#4	4	116
11	11	175/4	175/4	0.25		15/16	15/16	2/2	1	2	1/16	1/16	1		15	69	G##4	4	117
12	12	44	44	1.0		0	0	2/2	2	1	1/4	1/4	1		6	42	F#2	2	133
12	12	44	44	1.0		0	0	2/2	2	1	1/4	1/4	1		4	52	E3	3	133
12	12	44	44	4.0		0	0	2/2	1	2	1	1	1		8	68	G#4	4	132
12	12	44	44	4.0		0	0	2/2	1	2	1	1	1		7	73	C#5	5	132
12	12	89/2	89/2	0.5		1/8	1/8	2/2	1	1	1/8	1/8	1	1	7	85	C#6	6	122
12	12	89/2	89/2	0.5		1/8	1/8	2/2	1	1	1/8	1/8	1	1	6	90	F#6	6	122
12	12	45	45	1.0		1/4	1/4	2/2	2	1	1/4	1/4	1		6	54	F#3	3	134
12	12	45	45	1.0		1/4	1/4	2/2	2	1	1/4	1/4	1		10	58	A#3	3	134
12	12	45	45	1.0		1/4	1/4	2/2	2	1	1/4	1/4	1		4	64	E4	4	134
12	12	45	45	0.25		1/4	1/4	2/2	1	1	1/16	1/16	1	-1	7	85	C#6	6	123
12	12	45	45	0.25		1/4	1/4	2/2	1	1	1/16	1/16	1	-1	6	90	F#6	6	123
12	12	181/4	181/4	0.25		5/16	5/16	2/2	1	1	1/16	1/16	1		10	82	A#5	5	124
12	12	181/4	181/4	0.25		5/16	5/16	2/2	1	1	1/16	1/16	1		9	87	D#6	6	124
12	12	91/2	91/2	0.25		3/8	3/8	2/2	1	1	1/16	1/16	1		3	81	A5	5	125
12	12	91/2	91/2	0.25		3/8	3/8	2/2	1	1	1/16	1/16	1		2	86	D6	6	125
12	12	183/4	183/4	0.25		7/16	7/16	2/2	1	1	1/16	1/16	1		8	80	G#5	5	126
12	12	183/4	183/4	0.25		7/16	7/16	2/2	1	1	1/16	1/16	1		7	85	C#6	6	126
12	12	46	46	1.0		1/2	1/2	2/2	2	1	1/4	1/4	1		1	43	G2	2	135
12	12	46	46	1.0		1/2	1/2	2/2	2	1	1/4	1/4	1		4	52	E3	3	135
12	12	46	46	0.6666666666666666		1/2	1/2	2/2	1	1	1/6	1/4	2/3		1	79	G5	5	127
12	12	46	46	0.6666666666666666		1/2	1/2	2/2	1	1	1/6	1/4	2/3		0	84	C6	6	127
12	12	140/3	140/3	0.3333333333333333		2/3	2/3	2/2	1	1	1/12	1/8	2/3		4	76	E5	5	128
12	12	140/3	140/3	0.3333333333333333		2/3	2/3	2/2	1	1	1/12	1/8	2/3		3	81	A5	5	128
12	12	47	47	1.0		3/4	3/4	2/2	2	1	1/4	1/4	1		6	54	F#3	3	136
12	12	47	47	1.0		3/4	3/4	2/2	2	1	1/4	1/4	1		10	58	A#3	3	136
12	12	47	47	1.0		3/4	3/4	2/2	2	1	1/4	1/4	1		4	64	E4	4	136
12	12	47	47	0.3333333333333333		3/4	3/4	2/2	1	1	1/12	1/8	2/3		7	73	C#5	5	129
12	12	47	47	0.3333333333333333		3/4	3/4	2/2	1	1	1/12	1/8	2/3		6	78	F#5	5	129
12	12	142/3	142/3	0.3333333333333333		5/6	5/6	2/2	1	1	1/12	1/8	2/3		10	70	A#4	4	130
12	12	142/3	142/3	0.3333333333333333		5/6	5/6	2/2	1	1	1/12	1/8	2/3		9	75	D#5	5	130
12	12	143/3	143/3	0.3333333333333333		11/12	11/12	2/2	1	1	1/12	1/8	2/3		3	69	A4	4	131
12	12	143/3	143/3	0.3333333333333333		11/12	11/12	2/2	1	1	1/12	1/8	2/3		2	74	D5	5	131
13	13	48	48	1.0		0	0	2/2	2	1	1/4	1/4	1		5	35	B1	1	144
13	13	48	48	1.0		0	0	2/2	2	1	1/4	1/4	1		6	42	F#2	2	144
13	13	48	48	1.0		0	0	2/2	2	1	1/4	1/4	1		2	50	D3	3	144
13	13	48	48	1.5		0	0	2/2	1	1	3/8	1/4	3/2		8	68	G#4	4	137
13	13	48	48	1.5		0	0	2/2	1	1	3/8	1/4	3/2		7	73	C#5	5	137
13	13	49	49	1.0		1/4	1/4	2/2	2	1	1/4	1/4	1		9	51	D#3	3	145
13	13	49	49	1.0		1/4	1/4	2/2	2	1	1/4	1/4	1		3	57	A3	3	145
13	13	49	49	1.0		1/4	1/4	2/2	2	1	1/4	1/4	1		5	59	B3	3	145
13	13	99/2	99/2	0.5		3/8	3/8	2/2	1	1	1/8	1/8	1	1	-1	65	F4	4	138
13	13	99/2	99/2	0.5		3/8	3/8	2/2	1	1	1/8	1/8	1	1	-2	70	Bb4	4	138
13	13	50	50	1.0		1/2	1/2	2/2	2	1	1/4	1/4	1		2	38	D2	2	146
13	13	50	50	1.0		1/2	1/2	2/2	2	1	1/4	1/4	1		3	45	A2	2	146
13	13	50	50	1.0		1/2	1/2	2/2	2	1	1/4	1/4	1		-1	53	F3	3	146
13	13	50	50	0.3333333333333333		1/2	1/2	2/2	1	1	1/12	1/8	2/3	-1	-1	65	F4	4	139
13	13	50	50	0.3333333333333333		1/2	1/2	2/2	1	1	1/12	1/8	2/3	-1	-2	70	Bb4	4	139
13	13	151/3	151/3	0.3333333333333333		7/12	7/12	2/2	1	1	1/12	1/8	2/3		6	66	F#4	4	140
13	13	151/3	151/3	0.3333333333333333		7/12	7/12	2/2	1	1	1/12	1/8	2/3		5	71	B4	4	140
13	13	152/3	152/3	0.3333333333333333		2/3	2/3	2/2	1	1	1/12	1/8	2/3		1	67	G4	4	141
13	13	152/3	152/3	0.3333333333333333		2/3	2/3	2/2	1	1	1/12	1/8	2/3		0	72	C5	5	141
13	13	51	51	1.0		3/4	3/4	2/2	2	1	1/4	1/4	1		6	54	F#3	3	147
13	13	51	51	1.0		3/4	3/4	2/2	2	1	1/4	1/4	1		0	60	C4	4	147
13	13	51	51	1.0		3/4	3/4	2/2	2	1	1/4	1/4	1		2	62	D4	4	147
13	13	51	51	0.3333333333333333		3/4	3/4	2/2	1	1	1/12	1/8	2/3		8	68	G#4	4	142
13	13	51	51	0.3333333333333333		3/4	3/4	2/2	1	1	1/12	1/8	2/3		7	73	C#5	5	142
13	13	154/3	154/3	0.6666666666666666		5/6	5/6	2/2	1	1	1/6	1/4	2/3	1	5	71	B4	4	143
13	13	154/3	154/3	0.6666666666666666		5/6	5/6	2/2	1	1	1/6	1/4	2/3	1	4	76	E5	5	143
14	14	52	52	1.0		0	0	2/2	2	1	1/4	1/4	1		-1	41	F2	2	152
14	14	52	52	1.0		0	0	2/2	2	1	1/4	1/4	1		0	48	C3	3	152
14	14	52	52	1.0		0	0	2/2	2	1	1/4	1/4	1		-4	56	Ab3	3	152
14	14	52	52	0.5		0	0	2/2	1	1	1/8	1/8	1	-1	5	71	B4	4	148
14	14	52	52	0.5		0	0	2/2	1	1	1/8	1/8	1	-1	4	76	E5	5	148
14	14	105/2	105/2	1.0		1/8	1/8	2/2	1	1	1/4	1/4	1		8	68	G#4	4	149
14	14	105/2	105/2	1.0		1/8	1/8	2/2	1	1	1/4	1/4	1		7	73	C#5	5	149
14	14	53	53	1.0		1/4	1/4	2/2	2	1	1/4	1/4	1		3	57	A3	3	153
14	14	53	53	1.0		1/4	1/4	2/2	2	1	1/4	1/4	1		-3	63	Eb4	4	153
14	14	53	53	1.0		1/4	1/4	2/2	2	1	1/4	1/4	1		-1	65	F4	4	153
14	14	107/2	107/2	1.0		3/8	3/8	2/2	1	1	1/4	1/4	1		5	71	B4	4	150
14	14	107/2	107/2	1.0		3/8	3/8	2/2	1	1	1/4	1/4	1		4	76	E5	5	150
14	14	54	54	1.0		1/2	1/2	2/2	2	1	1/4	1/4	1		1	43	G2	2	154
14	14	54	54	1.0		1/2	1/2	2/2	2	1	1/4	1/4	1		2	50	D3	3	154
14	14	54	54	1.0		1/2	1/2	2/2	2	1	1/4	1/4	1		-2	58	Bb3	3	154
14	14	109/2	109/2	1.5		5/8	5/8	2/2	1	1	3/8	1/4	3/2		8	68	G#4	4	151
14	14	109/2	109/2	1.5		5/8	5/8	2/2	1	1	3/8	1/4	3/2		7	73	C#5	5	151
14	14	55	55	1.0		3/4	3/4	2/2	2	1	1/4	1/4	1		5	59	B3	3	155
14	14	55	55	1.0		3/4	3/4	2/2	2	1	1/4	1/4	1		-1	65	F4	4	155
14	14	55	55	1.0		3/4	3/4	2/2	2	1	1/4	1/4	1		1	67	G4	4	155
15	15	56	56	1.0		0	0	2/2	2	1	1/4	1/4	1		-1	41	F2	2	167
15	15	56	56	1.0		0	0	2/2	2	1	1/4	1/4	1		0	48	C3	3	167
15	15	56	56	1.0		0	0	2/2	2	1	1/4	1/4	1		-4	56	Ab3	3	167
15	15	56	56	0.3333333333333333		0	0	2/2	1	1	1/12	1/8	2/3		1	67	G4	4	156
15	15	56	56	0.3333333333333333		0	0	2/2	1	1	1/12	1/8	2/3		5	71	B4	4	156
15	15	169/3	169/3	0.3333333333333333		1/12	1/12	2/2	1	1	1/12	1/8	2/3		6	66	F#4	4	157
15	15	169/3	169/3	0.3333333333333333		1/12	1/12	2/2	1	1	1/12	1/8	2/3		8	68	G#4	4	157
15	15	170/3	170/3	0.3333333333333333		1/6	1/6	2/2	1	1	1/12	1/8	2/3		1	67	G4	4	158
15	15	170/3	170/3	0.3333333333333333		1/6	1/6	2/2	1	1	1/12	1/8	2/3		5	71	B4	4	158
15	15	57	57	1.0		1/4	1/4	2/2	2	1	1/4	1/4	1		3	57	A3	3	168
15	15	57	57	1.0		1/4	1/4	2/2	2	1	1/4	1/4	1		-3	63	Eb4	4	168
15	15	57	57	1.0		1/4	1/4	2/2	2	1	1/4	1/4	1		-1	65	F4	4	168
15	15	57	57	1.0		1/4	1/4	2/2	1	1	1/4	1/4	1		8	68	G#4	4	159
15	15	57	57	1.0		1/4	1/4	2/2	1	1	1/4	1/4	1		7	73	C#5	5	159
15	15	58	58	1.0		1/2	1/2	2/2	2	1	1/4	1/4	1		4	40	E2	2	169
15	15	58	58	1.0		1/2	1/2	2/2	2	1	1/4	1/4	1		5	47	B2	2	169
15	15	58	58	1.0		1/2	1/2	2/2	2	1	1/4	1/4	1		1	55	G3	3	169
15	15	58	58	0.5		1/2	1/2	2/2	1	1	1/8	1/8	1		1	67	G4	4	160
15	15	58	58	0.5		1/2	1/2	2/2	1	1	1/8	1/8	1		5	71	B4	4	160
15	15	117/2	117/2	0.5		5/8	5/8	2/2	1	1	1/8	1/8	1	1	6	66	F#4	4	161
15	15	117/2	117/2	0.5		5/8	5/8	2/2	1	1	1/8	1/8	1	1	8	68	G#4	4	161
15	15	59	59	1.0		3/4	3/4	2/2	2	1	1/4	1/4	1		6	54	F#3	3	170
15	15	59	59	1.0		3/4	3/4	2/2	2	1	1/4	1/4	1		8	56	G#3	3	170
15	15	59	59	1.0		3/4	3/4	2/2	2	1	1/4	1/4	1		2	62	D4	4	170
15	15	59	59	0.5		3/4	3/4	2/2	1	2	1/8	1/8	1	-1	6	66	F#4	4	164
15	15	59	59	0.5		3/4	3/4	2/2	1	1	1/8	1/8	1	-1	8	68	G#4	4	162
15	15	119/2	119/2	0.25		7/8	7/8	2/2	1	2	1/16	1/16	1		-1	65	F4	4	165
15	15	119/2	119/2	0.5		7/8	7/8	2/2	1	1	1/8	1/8	1		5	71	B4	4	163
15	15	239/4	239/4	0.25		15/16	15/16	2/2	1	2	1/16	1/16	1		4	64	E4	4	166
16	16	60	60	1.0		0	0	2/2	2	1	1/4	1/4	1		7	37	C#2	2	172
16	16	60	60	1.0		0	0	2/2	2	1	1/4	1/4	1		8	44	G#2	2	172
16	16	60	60	1.0		0	0	2/2	2	1	1/4	1/4	1		4	52	E3	3	172
16	16	60	60	4.0		0	0	2/2	1	1	1	1	1		9	63	D#4	4	171
16	16	60	60	4.0		0	0	2/2	1	1	1	1	1		8	68	G#4	4	171
16	16	61	61	1.0		1/4	1/4	2/2	2	1	1/4	1/4	1		11	53	E#3	3	173
16	16	61	61	1.0		1/4	1/4	2/2	2	1	1/4	1/4	1		5	59	B3	3	173
16	16	61	61	1.0		1/4	1/4	2/2	2	1	1/4	1/4	1		7	61	C#4	4	173
16	16	62	62	1.0		1/2	1/2	2/2	2	1	1/4	1/4	1		-2	34	Bb1	1	174
16	16	62	62	1.0		1/2	1/2	2/2	2	1	1/4	1/4	1		-2	46	Bb2	2	174
16	16	62	62	1.0		1/2	1/2	2/2	2	3	1/4	1/4	1		-1	53	F3	3	176
16	16	62	62	1.0		1/2	1/2	2/2	2	3	1/4	1/4	1		-4	56	Ab3	3	176
16	16	62	62	1.0		1/2	1/2	2/2	2	3	1/4	1/4	1		0	60	C4	4	176
16	16	62	62	1.0		1/2	1/2	2/2	2	3	1/4	1/4	1		2	62	D4	4	176
16	16	63	63	1.0		3/4	3/4	2/2	2	1	1/4	1/4	1		5	35	B1	1	175
16	16	63	63	1.0		3/4	3/4	2/2	2	1	1/4	1/4	1		5	47	B2	2	175
16	16	63	63	1.0		3/4	3/4	2/2	2	3	1/4	1/4	1		6	54	F#3	3	177
16	16	63	63	1.0		3/4	3/4	2/2	2	3	1/4	1/4	1		3	57	A3	3	177
16	16	63	63	1.0		3/4	3/4	2/2	2	3	1/4	1/4	1		7	61	C#4	4	177
16	16	63	63	1.0		3/4	3/4	2/2	2	3	1/4	1/4	1		9	63	D#4	4	177
17	17	64	64	0.75		0	0	2/2	2	1	3/16	1/8	3/2		4	40	E2	2	186
17	17	64	64	0.75		0	0	2/2	2	1	3/16	1/8	3/2		5	47	B2	2	186
17	17	64	64	0.75		0	0	2/2	2	1	3/16	1/8	3/2		1	55	G3	3	186
17	17	64	64	2.0		0	0	2/2	1	1	1/2	1/2	1	1	7	73	C#5	5	178
17	17	64	64	2.0		0	0	2/2	1	1	1/2	1/2	1	1	6	78	F#5	5	178
17	17	259/4	259/4	0.25		3/16	3/16	2/2	2	1	1/16	1/16	1		8	56	G#3	3	187
17	17	65	65	0.75		1/4	1/4	2/2	2	2	3/16	1/8	3/2		10	58	A#3	3	189
17	17	65	65	1.0		1/4	1/4	2/2	2	1	1/4	1/4	1		2	62	D4	4	188
17	17	65	65	1.0		1/4	1/4	2/2	2	1	1/4	1/4	1		4	64	E4	4	188
17	17	263/4	263/4	0.25		7/16	7/16	2/2	2	2	1/16	1/16	1		5	59	B3	3	190
17	17	66	66	1.0		1/2	1/2	2/2	2	2	1/4	1/4	1		3	45	A2	2	191
17	17	66	66	1.0		1/2	1/2	2/2	2	2	1/4	1/4	1		4	52	E3	3	191
17	17	66	66	1.0		1/2	1/2	2/2	2	2	1/4	1/4	1		0	60	C4	4	191
17	17	66	66	0.75		1/2	1/2	2/2	1	1	3/16	1/8	3/2	-1	7	73	C#5	5	179
17	17	66	66	0.75		1/2	1/2	2/2	1	1	3/16	1/8	3/2	-1	6	78	F#5	5	179
17	17	267/4	267/4	0.25		11/16	11/16	2/2	1	1	1/16	1/16	1		0	72	C5	5	180
17	17	267/4	267/4	0.25		11/16	11/16	2/2	1	1	1/16	1/16	1		4	76	E5	5	180
17	17	67	67	1.0		3/4	3/4	2/2	2	2	1/4	1/4	1		10	58	A#3	3	192
17	17	67	67	1.0		3/4	3/4	2/2	2	2	1/4	1/4	1		7	61	C#4	4	192
17	17	67	67	1.0		3/4	3/4	2/2	2	2	1/4	1/4	1		1	67	G4	4	192
17	17	67	67	0.3333333333333333		3/4	3/4	2/2	1	2	1/12	1/8	2/3		5	71	B4	4	183
17	17	67	67	0.75		3/4	3/4	2/2	1	1	3/16	1/8	3/2		7	73	C#5	5	181
17	17	202/3	202/3	0.3333333333333333		5/6	5/6	2/2	1	2	1/12	1/8	2/3		10	70	A#4	4	184
17	17	203/3	203/3	0.3333333333333333		11/12	11/12	2/2	1	2	1/12	1/8	2/3		3	69	A4	4	185
17	17	271/4	271/4	0.25		15/16	15/16	2/2	1	1	1/16	1/16	1		4	76	E5	5	182
18	18	68	68	1.0		0	0	2/2	2	1	1/4	1/4	1		6	42	F#2	2	201
18	18	68	68	1.0		0	0	2/2	2	1	1/4	1/4	1		7	49	C#3	3	201
18	18	68	68	1.0		0	0	2/2	2	1	1/4	1/4	1		3	57	A3	3	201
18	18	68	68	0.75		0	0	2/2	1	1	3/16	1/8	3/2		8	68	G#4	4	193
18	18	68	68	0.75		0	0	2/2	1	1	3/16	1/8	3/2		6	78	F#5	5	193
18	18	275/4	275/4	0.25		3/16	3/16	2/2	1	1	1/16	1/16	1		13	67	F##4	4	194
18	18	275/4	275/4	0.25		3/16	3/16	2/2	1	1	1/16	1/16	1		4	76	E5	5	194
18	18	69	69	1.0		1/4	1/4	2/2	2	1	1/4	1/4	1		6	54	F#3	3	202
18	18	69	69	1.0		1/4	1/4	2/2	2	1	1/4	1/4	1		10	58	A#3	3	202
18	18	69	69	1.0		1/4	1/4	2/2	2	1	1/4	1/4	1		4	64	E4	4	202
18	18	69	69	0.25		1/4	1/4	2/2	1	1	1/16	1/16	1		8	68	G#4	4	195
18	18	69	69	0.25		1/4	1/4	2/2	1	1	1/16	1/16	1		7	73	C#5	5	195
18	18	139/2	139/2	0.5		3/8	3/8	2/2	1	1	1/8	1/8	1	1	8	80	G#5	5	196
18	18	139/2	139/2	0.5		3/8	3/8	2/2	1	1	1/8	1/8	1	1	6	90	F#6	6	196
18	18	70	70	1.0		1/2	1/2	2/2	2	1	1/4	1/4	1		4	40	E2	2	203
18	18	70	70	1.0		1/2	1/2	2/2	2	1	1/4	1/4	1		5	47	B2	2	203
18	18	70	70	1.0		1/2	1/2	2/2	2	1	1/4	1/4	1		1	55	G3	3	203
18	18	70	70	0.25		1/2	1/2	2/2	1	1	1/16	1/16	1	-1	8	80	G#5	5	197
18	18	70	70	0.25		1/2	1/2	2/2	1	1	1/16	1/16	1	-1	6	90	F#6	6	197
18	18	281/4	281/4	0.25		9/16	9/16	2/2	1	1	1/16	1/16	1		1	79	G5	5	198
18	18	281/4	281/4	0.25		9/16	9/16	2/2	1	1	1/16	1/16	1		4	88	E6	6	198
18	18	141/2	141/2	0.5		5/8	5/8	2/2	1	1	1/8	1/8	1		6	78	F#5	5	199
18	18	141/2	141/2	0.5		5/8	5/8	2/2	1	1	1/8	1/8	1		7	85	C#6	6	199
18	18	71	71	1.0		3/4	3/4	2/2	2	1	1/4	1/4	1		8	56	G#3	3	204
18	18	71	71	1.0		3/4	3/4	2/2	2	1	1/4	1/4	1		2	62	D4	4	204
18	18	71	71	1.0		3/4	3/4	2/2	2	1	1/4	1/4	1		4	64	E4	4	204
18	18	143/2	143/2	0.5		7/8	7/8	2/2	1	1	1/8	1/8	1	1	7	73	C#5	5	200
18	18	143/2	143/2	0.5		7/8	7/8	2/2	1	1	1/8	1/8	1	1	6	78	F#5	5	200
19	19	72	72	0.75		0	0	2/2	2	1	3/16	1/8	3/2		2	38	D2	2	209
19	19	72	72	0.75		0	0	2/2	2	1	3/16	1/8	3/2		3	45	A2	2	209
19	19	72	72	0.75		0	0	2/2	2	1	3/16	1/8	3/2		11	53	E#3	3	209
19	19	72	72	3.0		0	0	2/2	1	1	3/4	1/2	3/2	-1	7	73	C#5	5	205
19	19	72	72	3.0		0	0	2/2	1	1	3/4	1/2	3/2	-1	6	78	F#5	5	205
19	19	291/4	291/4	0.25		3/16	3/16	2/2	2	1	1/16	1/16	1		6	54	F#3	3	210
19	19	73	73	0.5		1/4	1/4	2/2	2	2	1/8	1/8	1		8	56	G#3	3	212
19	19	73	73	1.0		1/4	1/4	2/2	2	1	1/4	1/4	1		0	60	C4	4	211
19	19	73	73	1.0		1/4	1/4	2/2	2	1	1/4	1/4	1		2	62	D4	4	211
19	19	147/2	147/2	0.5		3/8	3/8	2/2	2	2	1/8	1/8	1		3	57	A3	3	213
19	19	74	74	1.0		1/2	1/2	2/2	2	2	1/4	1/4	1		1	43	G2	2	214
19	19	74	74	1.0		1/2	1/2	2/2	2	2	1/4	1/4	1		2	50	D3	3	214
19	19	74	74	1.0		1/2	1/2	2/2	2	2	1/4	1/4	1		-2	58	Bb3	3	214
19	19	75	75	1.0		3/4	3/4	2/2	2	2	1/4	1/4	1		5	59	B3	3	215
19	19	75	75	1.0		3/4	3/4	2/2	2	2	1/4	1/4	1		-1	65	F4	4	215
19	19	75	75	1.0		3/4	3/4	2/2	2	2	1/4	1/4	1		1	67	G4	4	215
19	19	75	75	0.3333333333333333		3/4	3/4	2/2	1	1	1/12	1/8	2/3		0	72	C5	5	206
19	19	75	75	0.3333333333333333		3/4	3/4	2/2	1	1	1/12	1/8	2/3		4	76	E5	5	206
19	19	226/3	226/3	0.3333333333333333		5/6	5/6	2/2	1	1	1/12	1/8	2/3		5	71	B4	4	207
19	19	226/3	226/3	0.3333333333333333		5/6	5/6	2/2	1	1	1/12	1/8	2/3		7	73	C#5	5	207
19	19	227/3	227/3	0.3333333333333333		11/12	11/12	2/2	1	1	1/12	1/8	2/3		10	70	A#4	4	208
19	19	227/3	227/3	0.3333333333333333		11/12	11/12	2/2	1	1	1/12	1/8	2/3		4	76	E5	5	208
20	20	76	76	1.0		0	0	2/2	2	1	1/4	1/4	1		6	42	F#2	2	222
20	20	76	76	1.0		0	0	2/2	2	1	1/4	1/4	1		7	49	C#3	3	222
20	20	76	76	1.0		0	0	2/2	2	1	1/4	1/4	1		3	57	A3	3	222
20	20	76	76	0.25		0	0	2/2	1	2	1/16	1/16	1		3	69	A4	4	217
20	20	76	76	4.0		0	0	2/2	1	1	1	1	1		7	73	C#5	5	216
20	20	305/4	305/4	0.75		1/16	1/16	2/2	1	2	3/16	1/8	3/2	1	8	68	G#4	4	218
20	20	77	77	1.0		1/4	1/4	2/2	2	1	1/4	1/4	1		10	58	A#3	3	223
20	20	77	77	1.0		1/4	1/4	2/2	2	1	1/4	1/4	1		7	61	C#4	4	223
20	20	77	77	1.0		1/4	1/4	2/2	2	1	1/4	1/4	1		4	64	E4	4	223
20	20	77	77	1.0		1/4	1/4	2/2	2	1	1/4	1/4	1		6	66	F#4	4	223
20	20	77	77	1.0		1/4	1/4	2/2	1	2	1/4	1/4	1	-1	8	68	G#4	4	219
20	20	157/2	157/2	1.0		5/8	5/8	2/2	2	1	1/4	1/4	1		-1	41	F2	2	224
20	20	157/2	157/2	1.0		5/8	5/8	2/2	2	1	1/4	1/4	1		0	48	C3	3	224
20	20	157/2	157/2	1.0		5/8	5/8	2/2	1	2	1/4	1/4	1		3	57	A3	3	220
20	20	157/2	157/2	1.0		5/8	5/8	2/2	1	2	1/4	1/4	1		-3	63	Eb4	4	220
20	20	157/2	157/2	1.0		5/8	5/8	2/2	1	2	1/4	1/4	1		1	67	G4	4	220
20	20	159/2	159/2	0.5		7/8	7/8	2/2	2	1	1/8	1/8	1		4	40	E2	2	225
20	20	159/2	159/2	0.5		7/8	7/8	2/2	2	1	1/8	1/8	1		5	47	B2	2	225
20	20	159/2	159/2	0.5		7/8	7/8	2/2	1	2	1/8	1/8	1		8	56	G#3	3	221
20	20	159/2	159/2	0.5		7/8	7/8	2/2	1	2	1/8	1/8	1		2	62	D4	4	221
20	20	159/2	159/2	0.5		7/8	7/8	2/2	1	2	1/8	1/8	1		6	66	F#4	4	221
21	21	80	80	1.0		0	0	2/2	2	1	1/4	1/4	1		5	35	B1	1	232
21	21	80	80	1.0		0	0	2/2	2	1	1/4	1/4	1		6	42	F#2	2	232
21	21	80	80	1.0		0	0	2/2	2	1	1/4	1/4	1		2	50	D3	3	232
21	21	323/4	323/4	0.25		3/16	3/16	2/2	1	1	1/16	1/16	1		11	65	E#4	4	226
21	21	323/4	323/4	0.25		3/16	3/16	2/2	1	1	1/16	1/16	1		10	70	A#4	4	226
21	21	81	81	1.0		1/4	1/4	2/2	2	1	1/4	1/4	1		9	51	D#3	3	233
21	21	81	81	1.0		1/4	1/4	2/2	2	1	1/4	1/4	1		3	57	A3	3	233
21	21	81	81	1.0		1/4	1/4	2/2	2	1	1/4	1/4	1		5	59	B3	3	233
21	21	81	81	0.75		1/4	1/4	2/2	1	1	3/16	1/8	3/2		6	66	F#4	4	227
21	21	81	81	0.75		1/4	1/4	2/2	1	1	3/16	1/8	3/2		5	71	B4	4	227
21	21	327/4	327/4	0.25		7/16	7/16	2/2	1	1	1/16	1/16	1		1	67	G4	4	228
21	21	327/4	327/4	0.25		7/16	7/16	2/2	1	1	1/16	1/16	1		0	72	C5	5	228
21	21	82	82	1.0		1/2	1/2	2/2	2	1	1/4	1/4	1		4	40	E2	2	234
21	21	82	82	1.0		1/2	1/2	2/2	2	1	1/4	1/4	1		5	47	B2	2	234
21	21	82	82	1.0		1/2	1/2	2/2	2	1	1/4	1/4	1		1	55	G3	3	234
21	21	82	82	0.5		1/2	1/2	2/2	1	1	1/8	1/8	1		8	68	G#4	4	229
21	21	82	82	0.5		1/2	1/2	2/2	1	1	1/8	1/8	1		7	73	C#5	5	229
21	21	165/2	165/2	1.0		5/8	5/8	2/2	1	1	1/4	1/4	1		5	83	B5	5	230
21	21	165/2	165/2	1.0		5/8	5/8	2/2	1	1	1/4	1/4	1		4	88	E6	6	230
21	21	83	83	1.0		3/4	3/4	2/2	2	1	1/4	1/4	1		8	56	G#3	3	235
21	21	83	83	1.0		3/4	3/4	2/2	2	1	1/4	1/4	1		2	62	D4	4	235
21	21	83	83	1.0		3/4	3/4	2/2	2	1	1/4	1/4	1		4	64	E4	4	235
21	21	167/2	167/2	0.5		7/8	7/8	2/2	1	1	1/8	1/8	1		8	68	G#4	4	231
21	21	167/2	167/2	0.5		7/8	7/8	2/2	1	1	1/8	1/8	1		7	73	C#5	5	231
22	22	84	84	1.0		0	0	2/2	2	1	1/4	1/4	1		2	38	D2	2	246
22	22	84	84	1.0		0	0	2/2	2	1	1/4	1/4	1		3	45	A2	2	246
22	22	84	84	1.0		0	0	2/2	2	1	1/4	1/4	1		-1	53	F3	3	246
22	22	84	84	0.3333333333333333		0	0	2/2	1	1	1/12	1/8	2/3		11	65	E#4	4	236
22	22	84	84	0.3333333333333333		0	0	2/2	1	1	1/12	1/8	2/3		10	70	A#4	4	236
22	22	253/3	253/3	0.3333333333333333		1/12	1/12	2/2	1	1	1/12	1/8	2/3		6	66	F#4	4	237
22	22	253/3	253/3	0.3333333333333333		1/12	1/12	2/2	1	1	1/12	1/8	2/3		5	71	B4	4	237
22	22	254/3	254/3	0.3333333333333333		1/6	1/6	2/2	1	1	1/12	1/8	2/3		1	67	G4	4	238
22	22	254/3	254/3	0.3333333333333333		1/6	1/6	2/2	1	1	1/12	1/8	2/3		0	72	C5	5	238
22	22	85	85	1.0		1/4	1/4	2/2	2	1	1/4	1/4	1		6	54	F#3	3	247
22	22	85	85	1.0		1/4	1/4	2/2	2	1	1/4	1/4	1		0	60	C4	4	247
22	22	85	85	1.0		1/4	1/4	2/2	2	1	1/4	1/4	1		2	62	D4	4	247
22	22	85	85	0.5		1/4	1/4	2/2	1	1	1/8	1/8	1		8	68	G#4	4	239
22	22	85	85	0.5		1/4	1/4	2/2	1	1	1/8	1/8	1		7	73	C#5	5	239
22	22	171/2	171/2	1.0		3/8	3/8	2/2	1	1	1/4	1/4	1		5	83	B5	5	240
22	22	171/2	171/2	1.0		3/8	3/8	2/2	1	1	1/4	1/4	1		4	88	E6	6	240
22	22	86	86	1.0		1/2	1/2	2/2	2	1	1/4	1/4	1		7	37	C#2	2	248
22	22	86	86	1.0		1/2	1/2	2/2	2	1	1/4	1/4	1		8	44	G#2	2	248
22	22	86	86	1.0		1/2	1/2	2/2	2	1	1/4	1/4	1		4	52	E3	3	248
22	22	173/2	173/2	0.5		5/8	5/8	2/2	1	1	1/8	1/8	1	1	8	68	G#4	4	241
22	22	173/2	173/2	0.5		5/8	5/8	2/2	1	1	1/8	1/8	1	1	7	73	C#5	5	241
22	22	87	87	1.0		3/4	3/4	2/2	2	1	1/4	1/4	1		11	53	E#3	3	249
22	22	87	87	1.0		3/4	3/4	2/2	2	1	1/4	1/4	1		0	60	C4	4	249
22	22	87	87	1.0		3/4	3/4	2/2	2	1	1/4	1/4	1		9	63	D#4	4	249
22	22	87	87	0.25		3/4	3/4	2/2	1	1	1/16	1/16	1	-1	8	68	G#4	4	242
22	22	87	87	0.25		3/4	3/4	2/2	1	1	1/16	1/16	1	-1	7	73	C#5	5	242
22	22	349/4	349/4	0.25		13/16	13/16	2/2	1	1	1/16	1/16	1		11	65	E#4	4	243
22	22	349/4	349/4	0.25		13/16	13/16	2/2	1	1	1/16	1/16	1		10	70	A#4	4	243
22	22	175/2	175/2	0.25		7/8	7/8	2/2	1	1	1/16	1/16	1		6	66	F#4	4	244
22	22	175/2	175/2	0.25		7/8	7/8	2/2	1	1	1/16	1/16	1		5	71	B4	4	244
22	22	351/4	351/4	0.25		15/16	15/16	2/2	1	1	1/16	1/16	1		1	67	G4	4	245
22	22	351/4	351/4	0.25		15/16	15/16	2/2	1	1	1/16	1/16	1		0	72	C5	5	245
23	23	88	88	1.0		0	0	2/2	2	1	1/4	1/4	1		1	43	G2	2	257
23	23	88	88	1.0		0	0	2/2	2	1	1/4	1/4	1		2	50	D3	3	257
23	23	88	88	1.0		0	0	2/2	2	1	1/4	1/4	1		-2	58	Bb3	3	257
23	23	88	88	0.5		0	0	2/2	1	1	1/8	1/8	1		8	68	G#4	4	250
23	23	88	88	0.5		0	0	2/2	1	1	1/8	1/8	1		7	73	C#5	5	250
23	23	177/2	177/2	1.0		1/8	1/8	2/2	1	1	1/4	1/4	1		5	83	B5	5	251
23	23	177/2	177/2	1.0		1/8	1/8	2/2	1	1	1/4	1/4	1		4	88	E6	6	251
23	23	89	89	1.0		1/4	1/4	2/2	2	1	1/4	1/4	1		5	59	B3	3	258
23	23	89	89	1.0		1/4	1/4	2/2	2	1	1/4	1/4	1		-1	65	F4	4	258
23	23	89	89	1.0		1/4	1/4	2/2	2	1	1/4	1/4	1		1	67	G4	4	258
23	23	179/2	179/2	0.5		3/8	3/8	2/2	1	1	1/8	1/8	1		8	68	G#4	4	252
23	23	179/2	179/2	0.5		3/8	3/8	2/2	1	1	1/8	1/8	1		7	73	C#5	5	252
23	23	90	90	1.0		1/2	1/2	2/2	2	1	1/4	1/4	1		-1	41	F2	2	259
23	23	90	90	1.0		1/2	1/2	2/2	2	1	1/4	1/4	1		0	48	C3	3	259
23	23	90	90	1.0		1/2	1/2	2/2	2	1	1/4	1/4	1		-4	56	Ab3	3	259
23	23	90	90	0.75		1/2	1/2	2/2	1	1	3/16	1/8	3/2		11	65	E#4	4	253
23	23	90	90	0.75		1/2	1/2	2/2	1	1	3/16	1/8	3/2		10	70	A#4	4	253
23	23	363/4	363/4	0.25		11/16	11/16	2/2	1	1	1/16	1/16	1		6	66	F#4	4	254
23	23	363/4	363/4	0.25		11/16	11/16	2/2	1	1	1/16	1/16	1		5	71	B4	4	254
23	23	91	91	1.0		3/4	3/4	2/2	2	1	1/4	1/4	1		3	57	A3	3	260
23	23	91	91	1.0		3/4	3/4	2/2	2	1	1/4	1/4	1		-3	63	Eb4	4	260
23	23	91	91	1.0		3/4	3/4	2/2	2	1	1/4	1/4	1		-1	65	F4	4	260
23	23	91	91	0.25		3/4	3/4	2/2	1	1	1/16	1/16	1		1	67	G4	4	255
23	23	91	91	0.25		3/4	3/4	2/2	1	1	1/16	1/16	1		0	72	C5	5	255
23	23	365/4	365/4	0.75		13/16	13/16	2/2	1	1	3/16	1/8	3/2	1	8	68	G#4	4	256
23	23	365/4	365/4	0.75		13/16	13/16	2/2	1	1	3/16	1/8	3/2	1	7	73	C#5	5	256
24	24	92	92	1.0		0	0	2/2	2	1	1/4	1/4	1		4	40	E2	2	267
24	24	92	92	1.0		0	0	2/2	2	1	1/4	1/4	1		5	47	B2	2	267
24	24	92	92	1.0		0	0	2/2	2	1	1/4	1/4	1		1	55	G3	3	267
24	24	92	92	0.3333333333333333		0	0	2/2	1	1	1/12	1/8	2/3	-1	8	68	G#4	4	261
24	24	92	92	0.3333333333333333		0	0	2/2	1	1	1/12	1/8	2/3	-1	7	73	C#5	5	261
24	24	277/3	277/3	0.3333333333333333		1/12	1/12	2/2	1	1	1/12	1/8	2/3		5	83	B5	5	262
24	24	277/3	277/3	0.3333333333333333		1/12	1/12	2/2	1	1	1/12	1/8	2/3		4	88	E6	6	262
24	24	278/3	278/3	0.3333333333333333		1/6	1/6	2/2	1	1	1/12	1/8	2/3	1	5	83	B5	5	263
24	24	278/3	278/3	0.3333333333333333		1/6	1/6	2/2	1	1	1/12	1/8	2/3	1	4	88	E6	6	263
24	24	93	93	1.0		1/4	1/4	2/2	2	1	1/4	1/4	1		8	56	G#3	3	268
24	24	93	93	1.0		1/4	1/4	2/2	2	1	1/4	1/4	1		5	59	B3	3	268
24	24	93	93	1.0		1/4	1/4	2/2	2	1	1/4	1/4	1		2	62	D4	4	268
24	24	93	93	1.0		1/4	1/4	2/2	2	1	1/4	1/4	1		6	66	F#4	4	268
24	24	93	93	1.0		1/4	1/4	2/2	1	1	1/4	1/4	1	-1	5	83	B5	5	264
24	24	93	93	1.0		1/4	1/4	2/2	1	1	1/4	1/4	1	-1	4	88	E6	6	264
24	24	94	94	1.0		1/2	1/2	2/2	2	1	1/4	1/4	1		-3	39	Eb2	2	269
24	24	94	94	1.0		1/2	1/2	2/2	2	1	1/4	1/4	1		-2	46	Bb2	2	269
24	24	94	94	1.0		1/2	1/2	2/2	2	1	1/4	1/4	1		-3	51	Eb3	3	269
24	24	94	94	1.0		1/2	1/2	2/2	1	2	1/4	1/4	1		1	55	G3	3	265
24	24	94	94	1.0		1/2	1/2	2/2	1	2	1/4	1/4	1		-5	61	Db4	4	265
24	24	94	94	1.0		1/2	1/2	2/2	1	2	1/4	1/4	1		-1	65	F4	4	265
24	24	94	94	1.0		1/2	1/2	2/2	1	2	1/4	1/4	1		1	67	G4	4	265
24	24	95	95	1.0		3/4	3/4	2/2	2	1	1/4	1/4	1		2	38	D2	2	270
24	24	95	95	1.0		3/4	3/4	2/2	2	1	1/4	1/4	1		3	45	A2	2	270
24	24	95	95	1.0		3/4	3/4	2/2	2	1	1/4	1/4	1		2	50	D3	3	270
24	24	95	95	1.0		3/4	3/4	2/2	1	2	1/4	1/4	1		6	54	F#3	3	266
24	24	95	95	1.0		3/4	3/4	2/2	1	2	1/4	1/4	1		0	60	C4	4	266
24	24	95	95	1.0		3/4	3/4	2/2	1	2	1/4	1/4	1		4	64	E4	4	266
24	24	95	95	1.0		3/4	3/4	2/2	1	2	1/4	1/4	1		8	68	G#4	4	266
25	25	96	96	1.0		0	0	2/2	2	1	1/4	1/4	1		-1	41	F2	2	273
25	25	96	96	1.0		0	0	2/2	2	1	1/4	1/4	1		2	50	D3	3	273
25	25	96	96	1.0		0	0	2/2	2	1	1/4	1/4	1		-2	58	Bb3	3	273
25	25	193/2	193/2	0.5		1/8	1/8	2/2	1	1	1/8	1/8	1	1	5	71	B4	4	271
25	25	193/2	193/2	0.5		1/8	1/8	2/2	1	1	1/8	1/8	1	1	4	76	E5	5	271
25	25	97	97	1.0		1/4	1/4	2/2	2	1	1/4	1/4	1		3	57	A3	3	274
25	25	97	97	1.0		1/4	1/4	2/2	2	1	1/4	1/4	1		2	62	D4	4	274
25	25	97	97	1.0		1/4	1/4	2/2	2	1	1/4	1/4	1		-1	65	F4	4	274
25	25	97	97	3.0		1/4	1/4	2/2	1	1	3/4	1/2	3/2	-1	5	71	B4	4	272
25	25	97	97	3.0		1/4	1/4	2/2	1	1	3/4	1/2	3/2	-1	4	76	E5	5	272
25	25	98	98	1.0		1/2	1/2	2/2	2	1	1/4	1/4	1		-4	56	Ab3	3	275
25	25	98	98	1.0		1/2	1/2	2/2	2	1	1/4	1/4	1		0	60	C4	4	275
25	25	98	98	1.0		1/2	1/2	2/2	2	1	1/4	1/4	1		-6	66	Gb4	4	275
25	25	99	99	1.0		3/4	3/4	2/2	2	1	1/4	1/4	1		-3	51	Eb3	3	276
25	25	99	99	1.0		3/4	3/4	2/2	2	1	1/4	1/4	1		-5	61	Db4	4	276
25	25	99	99	1.0		3/4	3/4	2/2	2	1	1/4	1/4	1		1	67	G4	4	276
26	26	100	100	1.0		0	0	2/2	2	1	1/4	1/4	1		1	43	G2	2	285
26	26	100	100	1.0		0	0	2/2	2	1	1/4	1/4	1		2	50	D3	3	285
26	26	100	100	1.0		0	0	2/2	2	1	1/4	1/4	1		-2	58	Bb3	3	285
26	26	100	100	0.3333333333333333		0	0	2/2	1	1	1/12	1/8	2/3		8	68	G#4	4	277
26	26	100	100	0.3333333333333333		0	0	2/2	1	1	1/12	1/8	2/3		7	73	C#5	5	277
26	26	301/3	301/3	0.3333333333333333		1/12	1/12	2/2	1	1	1/12	1/8	2/3		3	69	A4	4	278
26	26	301/3	301/3	0.3333333333333333		1/12	1/12	2/2	1	1	1/12	1/8	2/3		2	74	D5	5	278
26	26	302/3	302/3	0.3333333333333333		1/6	1/6	2/2	1	1	1/12	1/8	2/3		10	70	A#4	4	279
26	26	302/3	302/3	0.3333333333333333		1/6	1/6	2/2	1	1	1/12	1/8	2/3		9	75	D#5	5	279
26	26	101	101	1.0		1/4	1/4	2/2	2	1	1/4	1/4	1		5	59	B3	3	286
26	26	101	101	1.0		1/4	1/4	2/2	2	1	1/4	1/4	1		-1	65	F4	4	286
26	26	101	101	1.0		1/4	1/4	2/2	2	1	1/4	1/4	1		3	69	A4	4	286
26	26	101	101	1.5		1/4	1/4	2/2	1	1	3/8	1/4	3/2		5	71	B4	4	280
26	26	101	101	1.5		1/4	1/4	2/2	1	1	3/8	1/4	3/2		4	76	E5	5	280
26	26	102	102	1.0		1/2	1/2	2/2	2	1	1/4	1/4	1		-1	41	F2	2	287
26	26	102	102	1.0		1/2	1/2	2/2	2	1	1/4	1/4	1		0	48	C3	3	287
26	26	102	102	1.0		1/2	1/2	2/2	2	1	1/4	1/4	1		-4	56	Ab3	3	287
26	26	205/2	205/2	0.5		5/8	5/8	2/2	1	1	1/8	1/8	1	1	8	80	G#5	5	281
26	26	205/2	205/2	0.5		5/8	5/8	2/2	1	1	1/8	1/8	1	1	7	85	C#6	6	281
26	26	103	103	1.0		3/4	3/4	2/2	2	1	1/4	1/4	1		-3	39	Eb2	2	288
26	26	103	103	1.0		3/4	3/4	2/2	2	1	1/4	1/4	1		-2	46	Bb2	2	288
26	26	103	103	1.0		3/4	3/4	2/2	2	1	1/4	1/4	1		-6	54	Gb3	3	288
26	26	103	103	0.3333333333333333		3/4	3/4	2/2	1	1	1/12	1/8	2/3	-1	8	80	G#5	5	282
26	26	103	103	0.3333333333333333		3/4	3/4	2/2	1	1	1/12	1/8	2/3	-1	7	85	C#6	6	282
26	26	310/3	310/3	0.3333333333333333		5/6	5/6	2/2	1	1	1/12	1/8	2/3		3	81	A5	5	283
26	26	310/3	310/3	0.3333333333333333		5/6	5/6	2/2	1	1	1/12	1/8	2/3		2	86	D6	6	283
26	26	311/3	311/3	0.3333333333333333		11/12	11/12	2/2	1	1	1/12	1/8	2/3		10	82	A#5	5	284
26	26	311/3	311/3	0.3333333333333333		11/12	11/12	2/2	1	1	1/12	1/8	2/3		9	87	D#6	6	284
27	27	104	104	1.0		0	0	2/2	2	1	1/4	1/4	1		2	38	D2	2	292
27	27	104	104	1.0		0	0	2/2	2	1	1/4	1/4	1		3	45	A2	2	292
27	27	104	104	1.0		0	0	2/2	2	1	1/4	1/4	1		-1	53	F3	3	292
27	27	104	104	1.5		0	0	2/2	1	1	3/8	1/4	3/2		5	83	B5	5	289
27	27	104	104	1.5		0	0	2/2	1	1	3/8	1/4	3/2		4	88	E6	6	289
27	27	105	105	1.0		1/4	1/4	2/2	2	1	1/4	1/4	1		6	54	F#3	3	293
27	27	105	105	1.0		1/4	1/4	2/2	2	1	1/4	1/4	1		0	60	C4	4	293
27	27	105	105	1.0		1/4	1/4	2/2	2	1	1/4	1/4	1		2	62	D4	4	293
27	27	211/2	211/2	1.0		3/8	3/8	2/2	1	1	1/4	1/4	1		5	71	B4	4	290
27	27	211/2	211/2	1.0		3/8	3/8	2/2	1	1	1/4	1/4	1		4	76	E5	5	290
27	27	106	106	1.0		1/2	1/2	2/2	2	1	1/4	1/4	1		0	36	C2	2	294
27	27	106	106	1.0		1/2	1/2	2/2	2	1	1/4	1/4	1		1	43	G2	2	294
27	27	106	106	1.0		1/2	1/2	2/2	2	1	1/4	1/4	1		-3	51	Eb3	3	294
27	27	213/2	213/2	1.5		5/8	5/8	2/2	1	1	3/8	1/4	3/2		8	68	G#4	4	291
27	27	213/2	213/2	1.5		5/8	5/8	2/2	1	1	3/8	1/4	3/2		7	73	C#5	5	291
27	27	107	107	1.0		3/4	3/4	2/2	2	1	1/4	1/4	1		4	52	E3	3	295
27	27	107	107	1.0		3/4	3/4	2/2	2	1	1/4	1/4	1		-2	58	Bb3	3	295
27	27	107	107	1.0		3/4	3/4	2/2	2	1	1/4	1/4	1		0	60	C4	4	295
28	28	108	108	1.0		0	0	2/2	2	1	1/4	1/4	1		5	35	B1	1	301
28	28	108	108	1.0		0	0	2/2	2	1	1/4	1/4	1		6	42	F#2	2	301
28	28	108	108	1.0		0	0	2/2	2	1	1/4	1/4	1		2	50	D3	3	301
28	28	108	108	0.5		0	0	2/2	1	1	1/8	1/8	1		5	71	B4	4	296
28	28	108	108	0.5		0	0	2/2	1	1	1/8	1/8	1		4	76	E5	5	296
28	28	217/2	217/2	0.5		1/8	1/8	2/2	1	1	1/8	1/8	1	1	8	68	G#4	4	297
28	28	217/2	217/2	0.5		1/8	1/8	2/2	1	1	1/8	1/8	1	1	7	73	C#5	5	297
28	28	109	109	0.75		1/4	1/4	2/2	2	1	3/16	1/8	3/2		9	51	D#3	3	302
28	28	109	109	0.75		1/4	1/4	2/2	2	1	3/16	1/8	3/2		3	57	A3	3	302
28	28	109	109	0.75		1/4	1/4	2/2	2	1	3/16	1/8	3/2		5	59	B3	3	302
28	28	109	109	2.0		1/4	1/4	2/2	1	1	1/2	1/2	1	0	8	68	G#4	4	298
28	28	109	109	2.0		1/4	1/4	2/2	1	1	1/2	1/2	1	0	7	73	C#5	5	298
28	28	439/4	439/4	0.25		7/16	7/16	2/2	2	1	1/16	1/16	1		0	60	C4	4	303
28	28	110	110	0.75		1/2	1/2	2/2	2	1	3/16	1/8	3/2		6	54	F#3	3	304
28	28	110	110	0.75		1/2	1/2	2/2	2	1	3/16	1/8	3/2		3	57	A3	3	304
28	28	110	110	0.75		1/2	1/2	2/2	2	1	3/16	1/8	3/2		7	61	C#4	4	304
28	28	443/4	443/4	0.25		11/16	11/16	2/2	2	1	1/16	1/16	1		2	62	D4	4	305
28	28	111	111	1.0		3/4	3/4	2/2	2	1	1/4	1/4	1		3	57	A3	3	306
28	28	111	111	1.0		3/4	3/4	2/2	2	1	1/4	1/4	1		7	61	C#4	4	306
28	28	111	111	1.0		3/4	3/4	2/2	2	1	1/4	1/4	1		9	63	D#4	4	306
28	28	111	111	0.5		3/4	3/4	2/2	1	1	1/8	1/8	1	-1	8	68	G#4	4	299
28	28	111	111	0.5		3/4	3/4	2/2	1	1	1/8	1/8	1	-1	7	73	C#5	5	299
28	28	223/2	223/2	0.5		7/8	7/8	2/2	1	1	1/8	1/8	1	1	8	80	G#5	5	300
28	28	223/2	223/2	0.5		7/8	7/8	2/2	1	1	1/8	1/8	1	1	7	85	C#6	6	300
29	29	112	112	1.0		0	0	2/2	2	1	1/4	1/4	1		4	40	E2	2	314
29	29	112	112	1.0		0	0	2/2	2	1	1/4	1/4	1		5	47	B2	2	314
29	29	112	112	1.0		0	0	2/2	2	1	1/4	1/4	1		1	55	G3	3	314
29	29	112	112	0.75		0	0	2/2	1	1	3/16	1/8	3/2	-1	8	80	G#5	5	307
29	29	112	112	0.75		0	0	2/2	1	1	3/16	1/8	3/2	-1	7	85	C#6	6	307
29	29	451/4	451/4	0.25		3/16	3/16	2/2	1	1	1/16	1/16	1		11	77	E#5	5	308
29	29	451/4	451/4	0.25		3/16	3/16	2/2	1	1	1/16	1/16	1		10	82	A#5	5	308
29	29	113	113	1.0		1/4	1/4	2/2	2	1	1/4	1/4	1		8	56	G#3	3	315
29	29	113	113	1.0		1/4	1/4	2/2	2	1	1/4	1/4	1		2	62	D4	4	315
29	29	113	113	1.0		1/4	1/4	2/2	2	1	1/4	1/4	1		4	64	E4	4	315
29	29	113	113	0.75		1/4	1/4	2/2	1	1	3/16	1/8	3/2		6	78	F#5	5	309
29	29	113	113	0.75		1/4	1/4	2/2	1	1	3/16	1/8	3/2		5	83	B5	5	309
29	29	455/4	455/4	0.25		7/16	7/16	2/2	1	1	1/16	1/16	1		1	79	G5	5	310
29	29	455/4	455/4	0.25		7/16	7/16	2/2	1	1	1/16	1/16	1		0	84	C6	6	310
29	29	114	114	1.0		1/2	1/2	2/2	2	1	1/4	1/4	1		2	38	D2	2	316
29	29	114	114	1.0		1/2	1/2	2/2	2	1	1/4	1/4	1		3	45	A2	2	316
29	29	114	114	1.0		1/2	1/2	2/2	2	1	1/4	1/4	1		-1	53	F3	3	316
29	29	114	114	1.0		1/2	1/2	2/2	1	1	1/4	1/4	1		8	80	G#5	5	311
29	29	114	114	1.0		1/2	1/2	2/2	1	1	1/4	1/4	1		7	85	C#6	6	311
29	29	115	115	1.0		3/4	3/4	2/2	2	1	1/4	1/4	1		9	39	D#2	2	317
29	29	115	115	1.0		3/4	3/4	2/2	2	1	1/4	1/4	1		10	46	A#2	2	317
29	29	115	115	1.0		3/4	3/4	2/2	2	1	1/4	1/4	1		6	54	F#3	3	317
29	29	346/3	346/3	0.3333333333333333		5/6	5/6	2/2	1	1	1/12	1/8	2/3		8	68	G#4	4	312
29	29	346/3	346/3	0.3333333333333333		5/6	5/6	2/2	1	1	1/12	1/8	2/3		7	73	C#5	5	312
29	29	347/3	347/3	0.3333333333333333		11/12	11/12	2/2	1	1	1/12	1/8	2/3		11	65	E#4	4	313
29	29	347/3	347/3	0.3333333333333333		11/12	11/12	2/2	1	1	1/12	1/8	2/3		10	70	A#4	4	313
30	30	116	116	1.0		0	0	2/2	2	1	1/4	1/4	1		4	40	E2	2	326
30	30	116	116	1.0		0	0	2/2	2	1	1/4	1/4	1		5	47	B2	2	326
30	30	116	116	1.0		0	0	2/2	2	1	1/4	1/4	1		1	55	G3	3	326
30	30	116	116	0.75		0	0	2/2	1	1	3/16	1/8	3/2		6	66	F#4	4	318
30	30	116	116	0.75		0	0	2/2	1	1	3/16	1/8	3/2		5	71	B4	4	318
30	30	467/4	467/4	0.25		3/16	3/16	2/2	1	1	1/16	1/16	1		1	67	G4	4	319
30	30	467/4	467/4	0.25		3/16	3/16	2/2	1	1	1/16	1/16	1		0	72	C5	5	319
30	30	117	117	1.0		1/4	1/4	2/2	2	1	1/4	1/4	1		8	56	G#3	3	327
30	30	117	117	1.0		1/4	1/4	2/2	2	1	1/4	1/4	1		2	62	D4	4	327
30	30	117	117	1.0		1/4	1/4	2/2	2	1	1/4	1/4	1		4	64	E4	4	327
30	30	117	117	0.25		1/4	1/4	2/2	1	1	1/16	1/16	1		8	68	G#4	4	320
30	30	117	117	0.25		1/4	1/4	2/2	1	1	1/16	1/16	1		7	73	C#5	5	320
30	30	235/2	235/2	0.5		3/8	3/8	2/2	1	1	1/8	1/8	1	1	8	80	G#5	5	321
30	30	235/2	235/2	0.5		3/8	3/8	2/2	1	1	1/8	1/8	1	1	7	85	C#6	6	321
30	30	118	118	1.0		1/2	1/2	2/2	2	1	1/4	1/4	1		1	43	G2	2	328
30	30	118	118	1.0		1/2	1/2	2/2	2	1	1/4	1/4	1		2	50	D3	3	328
30	30	118	118	1.0		1/2	1/2	2/2	2	1	1/4	1/4	1		-2	58	Bb3	3	328
30	30	118	118	0.75		1/2	1/2	2/2	1	1	3/16	1/8	3/2	-1	8	80	G#5	5	322
30	30	118	118	0.75		1/2	1/2	2/2	1	1	3/16	1/8	3/2	-1	7	85	C#6	6	322
30	30	475/4	475/4	0.25		11/16	11/16	2/2	1	1	1/16	1/16	1		11	77	E#5	5	323
30	30	475/4	475/4	0.25		11/16	11/16	2/2	1	1	1/16	1/16	1		10	82	A#5	5	323
30	30	119	119	1.0		3/4	3/4	2/2	2	1	1/4	1/4	1		5	59	B3	3	329
30	30	119	119	1.0		3/4	3/4	2/2	2	1	1/4	1/4	1		2	62	D4	4	329
30	30	119	119	1.0		3/4	3/4	2/2	2	1	1/4	1/4	1		-1	65	F4	4	329
30	30	119	119	1.0		3/4	3/4	2/2	2	1	1/4	1/4	1		1	67	G4	4	329
30	30	119	119	0.75		3/4	3/4	2/2	1	1	3/16	1/8	3/2		6	78	F#5	5	324
30	30	119	119	0.75		3/4	3/4	2/2	1	1	3/16	1/8	3/2		5	83	B5	5	324
30	30	479/4	479/4	0.25		15/16	15/16	2/2	1	1	1/16	1/16	1		1	79	G5	5	325
30	30	479/4	479/4	0.25		15/16	15/16	2/2	1	1	1/16	1/16	1		0	84	C6	6	325
31	31	120	120	1.0		0	0	2/2	2	1	1/4	1/4	1		6	42	F#2	2	338
31	31	120	120	1.0		0	0	2/2	2	1	1/4	1/4	1		7	49	C#3	3	338
31	31	120	120	1.0		0	0	2/2	2	1	1/4	1/4	1		3	57	A3	3	338
31	31	120	120	0.5		0	0	2/2	1	1	1/8	1/8	1		8	80	G#5	5	330
31	31	120	120	0.5		0	0	2/2	1	1	1/8	1/8	1		7	85	C#6	6	330
31	31	121	121	1.0		1/4	1/4	2/2	2	1	1/4	1/4	1		10	58	A#3	3	339
31	31	121	121	1.0		1/4	1/4	2/2	2	1	1/4	1/4	1		7	61	C#4	4	339
31	31	121	121	1.0		1/4	1/4	2/2	2	1	1/4	1/4	1		4	64	E4	4	339
31	31	121	121	1.0		1/4	1/4	2/2	2	1	1/4	1/4	1		6	66	F#4	4	339
31	31	121	121	0.75		1/4	1/4	2/2	1	1	3/16	1/8	3/2		8	68	G#4	4	331
31	31	121	121	0.75		1/4	1/4	2/2	1	1	3/16	1/8	3/2		7	73	C#5	5	331
31	31	487/4	487/4	0.25		7/16	7/16	2/2	1	1	1/16	1/16	1	1	11	65	E#4	4	332
31	31	487/4	487/4	0.25		7/16	7/16	2/2	1	1	1/16	1/16	1	1	10	70	A#4	4	332
31	31	122	122	1.0		1/2	1/2	2/2	2	1	1/4	1/4	1		-1	41	F2	2	340
31	31	122	122	1.0		1/2	1/2	2/2	2	1	1/4	1/4	1		0	48	C3	3	340
31	31	122	122	1.0		1/2	1/2	2/2	2	1	1/4	1/4	1		-4	56	Ab3	3	340
31	31	122	122	0.3333333333333333		1/2	1/2	2/2	1	1	1/12	1/8	2/3	-1	11	65	E#4	4	333
31	31	122	122	0.3333333333333333		1/2	1/2	2/2	1	1	1/12	1/8	2/3	-1	10	70	A#4	4	333
31	31	367/3	367/3	0.3333333333333333		7/12	7/12	2/2	1	1	1/12	1/8	2/3		6	66	F#4	4	334
31	31	367/3	367/3	0.3333333333333333		7/12	7/12	2/2	1	1	1/12	1/8	2/3		5	71	B4	4	334
31	31	368/3	368/3	0.3333333333333333		2/3	2/3	2/2	1	1	1/12	1/8	2/3		1	67	G4	4	335
31	31	368/3	368/3	0.3333333333333333		2/3	2/3	2/2	1	1	1/12	1/8	2/3		0	72	C5	5	335
31	31	123	123	1.0		3/4	3/4	2/2	2	1	1/4	1/4	1		4	40	E2	2	341
31	31	123	123	1.0		3/4	3/4	2/2	2	1	1/4	1/4	1		5	47	B2	2	341
31	31	123	123	1.0		3/4	3/4	2/2	2	1	1/4	1/4	1		1	55	G3	3	341
31	31	123	123	0.75		3/4	3/4	2/2	1	1	3/16	1/8	3/2		8	68	G#4	4	336
31	31	123	123	0.75		3/4	3/4	2/2	1	1	3/16	1/8	3/2		7	73	C#5	5	336
31	31	495/4	495/4	0.25		15/16	15/16	2/2	1	1	1/16	1/16	1		6	66	F#4	4	337
31	31	495/4	495/4	0.25		15/16	15/16	2/2	1	1	1/16	1/16	1		9	75	D#5	5	337
32	32	124	124	1.0		0	0	2/2	2	1	1/4	1/4	1		-3	39	Eb2	2	343
32	32	124	124	1.0		0	0	2/2	2	1	1/4	1/4	1		-2	46	Bb2	2	343
32	32	124	124	1.0		0	0	2/2	2	1	1/4	1/4	1		-6	54	Gb3	3	343
32	32	124	124	4.0		0	0	2/2	1	1	1	1	1		-1	65	F4	4	342
32	32	124	124	4.0		0	0	2/2	1	1	1	1	1		-2	70	Bb4	4	342
32	32	125	125	1.0		1/4	1/4	2/2	2	1	1/4	1/4	1		1	55	G3	3	344
32	32	125	125	1.0		1/4	1/4	2/2	2	1	1/4	1/4	1		-5	61	Db4	4	344
32	32	125	125	1.0		1/4	1/4	2/2	2	1	1/4	1/4	1		-3	63	Eb4	4	344
32	32	126	126	1.0		1/2	1/2	2/2	2	2	1/4	1/4	1		2	38	D2	2	347
32	32	126	126	1.0		1/2	1/2	2/2	2	2	1/4	1/4	1		2	50	D3	3	347
32	32	126	126	1.0		1/2	1/2	2/2	2	1	1/4	1/4	1		6	54	F#3	3	345
32	32	126	126	1.0		1/2	1/2	2/2	2	1	1/4	1/4	1		0	60	C4	4	345
32	32	126	126	1.0		1/2	1/2	2/2	2	1	1/4	1/4	1		4	64	E4	4	345
32	32	127	127	1.0		3/4	3/4	2/2	2	2	1/4	1/4	1		7	37	C#2	2	348
32	32	127	127	1.0		3/4	3/4	2/2	2	2	1/4	1/4	1		7	49	C#3	3	348
32	32	127	127	1.0		3/4	3/4	2/2	2	1	1/4	1/4	1		11	53	E#3	3	346
32	32	127	127	1.0		3/4	3/4	2/2	2	1	1/4	1/4	1		5	59	B3	3	346
32	32	127	127	1.0		3/4	3/4	2/2	2	1	1/4	1/4	1		11	65	E#4	4	346
33	33	128	128	1.0		0	0	2/2	2	1	1/4	1/4	1		0	36	C2	2	351
33	33	128	128	1.0		0	0	2/2	2	1	1/4	1/4	1		1	43	G2	2	351
33	33	128	128	1.0		0	0	2/2	2	1	1/4	1/4	1		-3	51	Eb3	3	351
33	33	257/2	257/2	0.5		1/8	1/8	2/2	1	1	1/8	1/8	1	1	7	73	C#5	5	349
33	33	257/2	257/2	0.5		1/8	1/8	2/2	1	1	1/8	1/8	1	1	6	78	F#5	5	349
33	33	129	129	1.0		1/4	1/4	2/2	2	1	1/4	1/4	1		4	52	E3	3	352
33	33	129	129	1.0		1/4	1/4	2/2	2	1	1/4	1/4	1		-2	58	Bb3	3	352
33	33	129	129	1.0		1/4	1/4	2/2	2	1	1/4	1/4	1		0	60	C4	4	352
33	33	129	129	3.0		1/4	1/4	2/2	1	1	3/4	1/2	3/2	-1	7	73	C#5	5	350
33	33	129	129	3.0		1/4	1/4	2/2	1	1	3/4	1/2	3/2	-1	6	78	F#5	5	350
33	33	130	130	1.0		1/2	1/2	2/2	2	1	1/4	1/4	1		-3	39	Eb2	2	353
33	33	130	130	1.0		1/2	1/2	2/2	2	1	1/4	1/4	1		-2	46	Bb2	2	353
33	33	130	130	1.0		1/2	1/2	2/2	2	1	1/4	1/4	1		-6	54	Gb3	3	353
33	33	131	131	1.0		3/4	3/4	2/2	2	1	1/4	1/4	1		1	55	G3	3	354
33	33	131	131	1.0		3/4	3/4	2/2	2	1	1/4	1/4	1		-5	61	Db4	4	354
33	33	131	131	1.0		3/4	3/4	2/2	2	1	1/4	1/4	1		-3	63	Eb4	4	354
34	34	132	132	1.0		0	0	2/2	2	1	1/4	1/4	1		8	56	G#3	3	364
34	34	132	132	1.0		0	0	2/2	2	1	1/4	1/4	1		2	62	D4	4	364
34	34	132	132	1.0		0	0	2/2	2	1	1/4	1/4	1		4	64	E4	4	364
34	34	132	132	0.3333333333333333		0	0	2/2	1	1	1/12	1/8	2/3		0	72	C5	5	355
34	34	132	132	0.3333333333333333		0	0	2/2	1	1	1/12	1/8	2/3		4	76	E5	5	355
34	34	397/3	397/3	0.3333333333333333		1/12	1/12	2/2	1	1	1/12	1/8	2/3		5	71	B4	4	356
34	34	397/3	397/3	0.3333333333333333		1/12	1/12	2/2	1	1	1/12	1/8	2/3		7	73	C#5	5	356
34	34	398/3	398/3	0.3333333333333333		1/6	1/6	2/2	1	1	1/12	1/8	2/3		0	72	C5	5	357
34	34	398/3	398/3	0.3333333333333333		1/6	1/6	2/2	1	1	1/12	1/8	2/3		4	76	E5	5	357
34	34	133	133	1.0		1/4	1/4	2/2	2	1	1/4	1/4	1		9	39	D#2	2	365
34	34	133	133	1.0		1/4	1/4	2/2	2	1	1/4	1/4	1		10	46	A#2	2	365
34	34	133	133	1.0		1/4	1/4	2/2	2	1	1/4	1/4	1		6	54	F#3	3	365
34	34	133	133	0.5		1/4	1/4	2/2	1	1	1/8	1/8	1		7	73	C#5	5	358
34	34	133	133	0.5		1/4	1/4	2/2	1	1	1/8	1/8	1		6	78	F#5	5	358
34	34	267/2	267/2	0.5		3/8	3/8	2/2	1	1	1/8	1/8	1	1	7	73	C#5	5	359
34	34	267/2	267/2	0.5		3/8	3/8	2/2	1	1	1/8	1/8	1	1	6	78	F#5	5	359
34	34	134	134	1.0		1/2	1/2	2/2	2	1	1/4	1/4	1		4	40	E2	2	366
34	34	134	134	1.0		1/2	1/2	2/2	2	1	1/4	1/4	1		5	47	B2	2	366
34	34	134	134	1.0		1/2	1/2	2/2	2	1	1/4	1/4	1		1	55	G3	3	366
34	34	134	134	0.5		1/2	1/2	2/2	1	1	1/8	1/8	1	-1	7	73	C#5	5	360
34	34	134	134	0.5		1/2	1/2	2/2	1	1	1/8	1/8	1	-1	6	78	F#5	5	360
34	34	269/2	269/2	0.5		5/8	5/8	2/2	1	1	1/8	1/8	1		7	73	C#5	5	361
34	34	269/2	269/2	0.5		5/8	5/8	2/2	1	1	1/8	1/8	1		6	78	F#5	5	361
34	34	135	135	1.0		3/4	3/4	2/2	2	1	1/4	1/4	1		8	56	G#3	3	367
34	34	135	135	1.0		3/4	3/4	2/2	2	1	1/4	1/4	1		2	62	D4	4	367
34	34	135	135	1.0		3/4	3/4	2/2	2	1	1/4	1/4	1		4	64	E4	4	367
34	34	135	135	0.5		3/4	3/4	2/2	1	1	1/8	1/8	1		5	71	B4	4	362
34	34	135	135	0.5		3/4	3/4	2/2	1	1	1/8	1/8	1		7	73	C#5	5	362
34	34	271/2	271/2	0.5		7/8	7/8	2/2	1	1	1/8	1/8	1		0	72	C5	5	363
34	34	271/2	271/2	0.5		7/8	7/8	2/2	1	1	1/8	1/8	1		4	76	E5	5	363
35	35	136	136	1.0		0	0	2/2	2	1	1/4	1/4	1		9	39	D#2	2	379
35	35	136	136	1.0		0	0	2/2	2	1	1/4	1/4	1		10	46	A#2	2	379
35	35	136	136	1.0		0	0	2/2	2	1	1/4	1/4	1		6	54	F#3	3	379
35	35	136	136	0.25		0	0	2/2	1	1	1/16	1/16	1		7	73	C#5	5	368
35	35	136	136	0.25		0	0	2/2	1	1	1/16	1/16	1		6	78	F#5	5	368
35	35	545/4	545/4	0.25		1/16	1/16	2/2	1	1	1/16	1/16	1		7	73	C#5	5	369
35	35	545/4	545/4	0.25		1/16	1/16	2/2	1	1	1/16	1/16	1		6	78	F#5	5	369
35	35	273/2	273/2	0.5		1/8	1/8	2/2	1	1	1/8	1/8	1	1	7	73	C#5	5	370
35	35	273/2	273/2	0.5		1/8	1/8	2/2	1	1	1/8	1/8	1	1	6	78	F#5	5	370
35	35	137	137	1.0		1/4	1/4	2/2	2	1	1/4	1/4	1		4	40	E2	2	380
35	35	137	137	1.0		1/4	1/4	2/2	2	1	1/4	1/4	1		5	47	B2	2	380
35	35	137	137	1.0		1/4	1/4	2/2	2	1	1/4	1/4	1		1	55	G3	3	380
35	35	137	137	0.5		1/4	1/4	2/2	1	1	1/8	1/8	1	-1	7	73	C#5	5	371
35	35	137	137	0.5		1/4	1/4	2/2	1	1	1/8	1/8	1	-1	6	78	F#5	5	371
35	35	275/2	275/2	0.5		3/8	3/8	2/2	1	1	1/8	1/8	1		0	72	C5	5	372
35	35	275/2	275/2	0.5		3/8	3/8	2/2	1	1	1/8	1/8	1		4	76	E5	5	372
35	35	138	138	1.0		1/2	1/2	2/2	2	1	1/4	1/4	1		8	56	G#3	3	381
35	35	138	138	1.0		1/2	1/2	2/2	2	1	1/4	1/4	1		2	62	D4	4	381
35	35	138	138	1.0		1/2	1/2	2/2	2	1	1/4	1/4	1		4	64	E4	4	381
35	35	138	138	0.5		1/2	1/2	2/2	1	1	1/8	1/8	1		5	71	B4	4	373
35	35	138	138	0.5		1/2	1/2	2/2	1	1	1/8	1/8	1		7	73	C#5	5	373
35	35	277/2	277/2	0.5		5/8	5/8	2/2	1	1	1/8	1/8	1		0	72	C5	5	374
35	35	277/2	277/2	0.5		5/8	5/8	2/2	1	1	1/8	1/8	1	1	4	76	E5	5	374
35	35	139	139	1.0		3/4	3/4	2/2	2	1	1/4	1/4	1		-1	41	F2	2	382
35	35	139	139	1.0		3/4	3/4	2/2	2	1	1/4	1/4	1		0	48	C3	3	382
35	35	139	139	1.0		3/4	3/4	2/2	2	1	1/4	1/4	1		-4	56	Ab3	3	382
35	35	139	139	0.3333333333333333		3/4	3/4	2/2	1	2	1/12	1/8	2/3		5	71	B4	4	376
35	35	139	139	1.0		3/4	3/4	2/2	1	1	1/4	1/4	1	-1	4	76	E5	5	375
35	35	418/3	418/3	0.3333333333333333		5/6	5/6	2/2	1	2	1/12	1/8	2/3		10	70	A#4	4	377
35	35	419/3	419/3	0.3333333333333333		11/12	11/12	2/2	1	2	1/12	1/8	2/3	1	3	69	A4	4	378
36	36	140	140	1.0		0	0	2/2	2	1	1/4	1/4	1		6	42	F#2	2	390
36	36	140	140	1.0		0	0	2/2	2	1	1/4	1/4	1		7	49	C#3	3	390
36	36	140	140	1.0		0	0	2/2	2	1	1/4	1/4	1		3	57	A3	3	390
36	36	140	140	0.5		0	0	2/2	1	1	1/8	1/8	1	-1	3	69	A4	4	383
36	36	140	140	0.5		0	0	2/2	1	1	1/8	1/8	1		4	76	E5	5	383
36	36	281/2	281/2	0.5		1/8	1/8	2/2	1	1	1/8	1/8	1	1	8	68	G#4	4	384
36	36	281/2	281/2	0.5		1/8	1/8	2/2	1	1	1/8	1/8	1		7	73	C#5	5	384
36	36	141	141	1.0		1/4	1/4	2/2	2	1	1/4	1/4	1		10	58	A#3	3	391
36	36	141	141	1.0		1/4	1/4	2/2	2	1	1/4	1/4	1		7	61	C#4	4	391
36	36	141	141	1.0		1/4	1/4	2/2	2	1	1/4	1/4	1		4	64	E4	4	391
36	36	141	141	1.0		1/4	1/4	2/2	2	1	1/4	1/4	1		6	66	F#4	4	391
36	36	141	141	1.0		1/4	1/4	2/2	1	2	1/4	1/4	1	0	8	68	G#4	4	386
36	36	141	141	3.0		1/4	1/4	2/2	1	1	3/4	1/2	3/2		7	73	C#5	5	385
36	36	142	142	1.0		1/2	1/2	2/2	2	1	1/4	1/4	1		8	56	G#3	3	392
36	36	142	142	1.0		1/2	1/2	2/2	2	1	1/4	1/4	1		5	59	B3	3	392
36	36	142	142	1.0		1/2	1/2	2/2	2	1	1/4	1/4	1		2	62	D4	4	392
36	36	142	142	1.0		1/2	1/2	2/2	2	1	1/4	1/4	1		4	64	E4	4	392
36	36	142	142	0.5		1/2	1/2	2/2	1	2	1/8	1/8	1	-1	8	68	G#4	4	387
36	36	285/2	285/2	1.0		5/8	5/8	2/2	1	2	1/4	1/4	1		11	65	E#4	4	388
36	36	143	143	1.0		3/4	3/4	2/2	2	1	1/4	1/4	1		6	54	F#3	3	393
36	36	143	143	1.0		3/4	3/4	2/2	2	1	1/4	1/4	1		3	57	A3	3	393
36	36	143	143	1.0		3/4	3/4	2/2	2	1	1/4	1/4	1		0	60	C4	4	393
36	36	143	143	1.0		3/4	3/4	2/2	2	1	1/4	1/4	1		2	62	D4	4	393
36	36	287/2	287/2	0.5		7/8	7/8	2/2	1	2	1/8	1/8	1		6	66	F#4	4	389
37	37	144	144	1.0		0	0	2/2	2	1	1/4	1/4	1		5	35	B1	1	401
37	37	144	144	1.0		0	0	2/2	2	1	1/4	1/4	1		6	42	F#2	2	401
37	37	144	144	1.0		0	0	2/2	2	1	1/4	1/4	1		2	50	D3	3	401
37	37	144	144	0.5		0	0	2/2	1	1	1/8	1/8	1		13	67	F##4	4	394
37	37	289/2	289/2	0.5		1/8	1/8	2/2	1	1	1/8	1/8	1	1	8	68	G#4	4	395
37	37	289/2	289/2	0.5		1/8	1/8	2/2	1	1	1/8	1/8	1	1	7	73	C#5	5	395
37	37	145	145	1.0		1/4	1/4	2/2	2	1	1/4	1/4	1		9	51	D#3	3	402
37	37	145	145	1.0		1/4	1/4	2/2	2	1	1/4	1/4	1		3	57	A3	3	402
37	37	145	145	1.0		1/4	1/4	2/2	2	1	1/4	1/4	1		5	59	B3	3	402
37	37	145	145	1.0		1/4	1/4	2/2	1	1	1/4	1/4	1	0	8	68	G#4	4	396
37	37	145	145	1.0		1/4	1/4	2/2	1	1	1/4	1/4	1	0	7	73	C#5	5	396
37	37	146	146	1.0		1/2	1/2	2/2	2	1	1/4	1/4	1		4	40	E2	2	403
37	37	146	146	1.0		1/2	1/2	2/2	2	1	1/4	1/4	1		5	47	B2	2	403
37	37	146	146	1.0		1/2	1/2	2/2	2	1	1/4	1/4	1		1	55	G3	3	403
37	37	146	146	0.75		1/2	1/2	2/2	1	1	3/16	1/8	3/2	-1	8	68	G#4	4	397
37	37	146	146	0.75		1/2	1/2	2/2	1	1	3/16	1/8	3/2	-1	7	73	C#5	5	397
37	37	587/4	587/4	0.25		11/16	11/16	2/2	1	1	1/16	1/16	1		1	67	G4	4	398
37	37	587/4	587/4	0.25		11/16	11/16	2/2	1	1	1/16	1/16	1		5	71	B4	4	398
37	37	147	147	1.0		3/4	3/4	2/2	2	1	1/4	1/4	1		8	56	G#3	3	404
37	37	147	147	1.0		3/4	3/4	2/2	2	1	1/4	1/4	1		2	62	D4	4	404
37	37	147	147	1.0		3/4	3/4	2/2	2	1	1/4	1/4	1		4	64	E4	4	404
37	37	147	147	0.75		3/4	3/4	2/2	1	1	3/16	1/8	3/2		6	66	F#4	4	399
37	37	147	147	0.75		3/4	3/4	2/2	1	1	3/16	1/8	3/2		8	68	G#4	4	399
37	37	591/4	591/4	0.25		15/16	15/16	2/2	1	1	1/16	1/16	1		13	67	F##4	4	400
37	37	591/4	591/4	0.25		15/16	15/16	2/2	1	1	1/16	1/16	1		5	71	B4	4	400
38	38	148	148	1.0		0	0	2/2	2	1	1/4	1/4	1		1	43	G2	2	414
38	38	148	148	1.0		0	0	2/2	2	1	1/4	1/4	1		2	50	D3	3	414
38	38	148	148	1.0		0	0	2/2	2	1	1/4	1/4	1		-2	58	Bb3	3	414
38	38	148	148	0.3333333333333333		0	0	2/2	1	1	1/12	1/8	2/3		8	68	G#4	4	405
38	38	148	148	0.3333333333333333		0	0	2/2	1	1	1/12	1/8	2/3		7	73	C#5	5	405
38	38	445/3	445/3	0.3333333333333333		1/12	1/12	2/2	1	1	1/12	1/8	2/3		3	69	A4	4	406
38	38	445/3	445/3	0.3333333333333333		1/12	1/12	2/2	1	1	1/12	1/8	2/3		4	76	E5	5	406
38	38	446/3	446/3	0.3333333333333333		1/6	1/6	2/2	1	1	1/12	1/8	2/3	1	8	68	G#4	4	407
38	38	446/3	446/3	0.3333333333333333		1/6	1/6	2/2	1	1	1/12	1/8	2/3	1	7	73	C#5	5	407
38	38	149	149	1.0		1/4	1/4	2/2	2	1	1/4	1/4	1		5	59	B3	3	415
38	38	149	149	1.0		1/4	1/4	2/2	2	1	1/4	1/4	1		-1	65	F4	4	415
38	38	149	149	1.0		1/4	1/4	2/2	2	1	1/4	1/4	1		1	67	G4	4	415
38	38	149	149	0.5		1/4	1/4	2/2	1	1	1/8	1/8	1	-1	8	68	G#4	4	408
38	38	149	149	0.5		1/4	1/4	2/2	1	1	1/8	1/8	1	-1	7	73	C#5	5	408
38	38	299/2	299/2	0.5		3/8	3/8	2/2	1	1	1/8	1/8	1	1	8	68	G#4	4	409
38	38	299/2	299/2	0.5		3/8	3/8	2/2	1	1	1/8	1/8	1	1	7	73	C#5	5	409
38	38	150	150	1.0		1/2	1/2	2/2	2	1	1/4	1/4	1		-1	41	F2	2	416
38	38	150	150	1.0		1/2	1/2	2/2	2	1	1/4	1/4	1		0	48	C3	3	416
38	38	150	150	1.0		1/2	1/2	2/2	2	1	1/4	1/4	1		-4	56	Ab3	3	416
38	38	150	150	0.5		1/2	1/2	2/2	1	1	1/8	1/8	1	-1	8	68	G#4	4	410
38	38	150	150	0.5		1/2	1/2	2/2	1	1	1/8	1/8	1	-1	7	73	C#5	5	410
38	38	301/2	301/2	0.5		5/8	5/8	2/2	1	1	1/8	1/8	1		3	69	A4	4	411
38	38	301/2	301/2	0.5		5/8	5/8	2/2	1	1	1/8	1/8	1		4	76	E5	5	411
38	38	151	151	1.0		3/4	3/4	2/2	2	1	1/4	1/4	1		3	57	A3	3	417
38	38	151	151	1.0		3/4	3/4	2/2	2	1	1/4	1/4	1		-3	63	Eb4	4	417
38	38	151	151	1.0		3/4	3/4	2/2	2	1	1/4	1/4	1		-1	65	F4	4	417
38	38	151	151	0.5		3/4	3/4	2/2	1	1	1/8	1/8	1		8	68	G#4	4	412
38	38	151	151	0.5		3/4	3/4	2/2	1	1	1/8	1/8	1		7	73	C#5	5	412
38	38	303/2	303/2	0.5		7/8	7/8	2/2	1	1	1/8	1/8	1		1	67	G4	4	413
38	38	303/2	303/2	0.5		7/8	7/8	2/2	1	1	1/8	1/8	1		5	71	B4	4	413
39	39	152	152	1.0		0	0	2/2	2	1	1/4	1/4	1		4	40	E2	2	426
39	39	152	152	1.0		0	0	2/2	2	1	1/4	1/4	1		5	47	B2	2	426
39	39	152	152	1.0		0	0	2/2	2	1	1/4	1/4	1		1	55	G3	3	426
39	39	152	152	0.25		0	0	2/2	1	1	1/16	1/16	1		6	66	F#4	4	418
39	39	152	152	0.25		0	0	2/2	1	1	1/16	1/16	1		7	73	C#5	5	418
39	39	609/4	609/4	0.5		1/16	1/16	2/2	1	1	1/8	1/8	1		-1	65	F4	4	419
39	39	609/4	609/4	0.5		1/16	1/16	2/2	1	1	1/8	1/8	1		5	71	B4	4	419
39	39	611/4	611/4	0.25		3/16	3/16	2/2	1	1	1/16	1/16	1	1	4	64	E4	4	420
39	39	611/4	611/4	0.25		3/16	3/16	2/2	1	1	1/16	1/16	1	1	8	68	G#4	4	420
39	39	153	153	1.0		1/4	1/4	2/2	2	1	1/4	1/4	1		6	54	F#3	3	427
39	39	153	153	1.0		1/4	1/4	2/2	2	1	1/4	1/4	1		8	56	G#3	3	427
39	39	153	153	1.0		1/4	1/4	2/2	2	1	1/4	1/4	1		2	62	D4	4	427
39	39	153	153	1.0		1/4	1/4	2/2	1	1	1/4	1/4	1	-1	4	64	E4	4	421
39	39	153	153	1.0		1/4	1/4	2/2	1	1	1/4	1/4	1	-1	8	68	G#4	4	421
39	39	154	154	1.0		1/2	1/2	2/2	2	1	1/4	1/4	1		2	38	D2	2	428
39	39	154	154	1.0		1/2	1/2	2/2	2	1	1/4	1/4	1		3	45	A2	2	428
39	39	154	154	1.0		1/2	1/2	2/2	2	1	1/4	1/4	1		-1	53	F3	3	428
39	39	154	154	0.25		1/2	1/2	2/2	1	1	1/16	1/16	1		9	63	D#4	4	422
39	39	617/4	617/4	0.75		9/16	9/16	2/2	1	1	3/16	1/8	3/2	1	4	64	E4	4	423
39	39	617/4	617/4	0.75		9/16	9/16	2/2	1	1	3/16	1/8	3/2	1	5	71	B4	4	423
39	39	155	155	1.0		3/4	3/4	2/2	2	1	1/4	1/4	1		6	54	F#3	3	429
39	39	155	155	1.0		3/4	3/4	2/2	2	1	1/4	1/4	1		0	60	C4	4	429
39	39	155	155	1.0		3/4	3/4	2/2	2	1	1/4	1/4	1		2	62	D4	4	429
39	39	155	155	0.25		3/4	3/4	2/2	1	1	1/16	1/16	1	-1	4	64	E4	4	424
39	39	155	155	0.25		3/4	3/4	2/2	1	1	1/16	1/16	1	-1	5	71	B4	4	424
39	39	311/2	311/2	0.5		7/8	7/8	2/2	1	1	1/8	1/8	1	1	9	63	D#4	4	425
39	39	311/2	311/2	0.5		7/8	7/8	2/2	1	1	1/8	1/8	1	1	8	68	G#4	4	425
40	40		156	1.0	1	0	0	2/2	2	1	1/4	1/4	1		7	37	C#2	2	431
40	40		156	1.0	1	0	0	2/2	2	1	1/4	1/4	1		8	44	G#2	2	431
40	40		156	1.0	1	0	0	2/2	2	1	1/4	1/4	1		4	52	E3	3	431
40	40		156	4.0	1	0	0	2/2	1	1	1	1	1	-1	9	63	D#4	4	430
40	40		156	4.0	1	0	0	2/2	1	1	1	1	1	-1	8	68	G#4	4	430
40	40		157	1.0	1	1/4	1/4	2/2	2	1	1/4	1/4	1		11	53	E#3	3	432
40	40		157	1.0	1	1/4	1/4	2/2	2	1	1/4	1/4	1		5	59	B3	3	432
40	40		157	1.0	1	1/4	1/4	2/2	2	1	1/4	1/4	1		7	61	C#4	4	432
40	40		158	1.0	1	1/2	1/2	2/2	2	1	1/4	1/4	1		-2	34	Bb1	1	433
40	40		158	1.0	1	1/2	1/2	2/2	2	1	1/4	1/4	1		-2	46	Bb2	2	433
40	40		158	1.0	1	1/2	1/2	2/2	2	3	1/4	1/4	1		-1	53	F3	3	435
40	40		158	1.0	1	1/2	1/2	2/2	2	3	1/4	1/4	1		-4	56	Ab3	3	435
40	40		158	1.0	1	1/2	1/2	2/2	2	3	1/4	1/4	1		0	60	C4	4	435
40	40		158	1.0	1	1/2	1/2	2/2	2	3	1/4	1/4	1		2	62	D4	4	435
40	40		159	1.0	1	3/4	3/4	2/2	2	1	1/4	1/4	1		5	35	B1	1	434
40	40		159	1.0	1	3/4	3/4	2/2	2	1	1/4	1/4	1		5	47	B2	2	434
40	40		159	1.0	1	3/4	3/4	2/2	2	3	1/4	1/4	1		6	54	F#3	3	436
40	40		159	1.0	1	3/4	3/4	2/2	2	3	1/4	1/4	1		3	57	A3	3	436
40	40		159	1.0	1	3/4	3/4	2/2	2	3	1/4	1/4	1		7	61	C#4	4	436
40	40		159	1.0	1	3/4	3/4	2/2	2	3	1/4	1/4	1		9	63	D#4	4	436
41	40	156	160	1.0	2	0	0	2/2	2	1	1/4	1/4	1		7	37	C#2	2	440
41	40	156	160	1.0	2	0	0	2/2	2	1	1/4	1/4	1		8	44	G#2	2	440
41	40	156	160	1.0	2	0	0	2/2	2	1	1/4	1/4	1		4	52	E3	3	440
41	40	156	160	2.0	2	0	0	2/2	1	1	1/2	1/2	1	1	9	63	D#4	4	437
41	40	156	160	2.0	2	0	0	2/2	1	1	1/2	1/2	1	1	8	68	G#4	4	437
41	40	157	161	1.0	2	1/4	1/4	2/2	2	1	1/4	1/4	1		11	53	E#3	3	441
41	40	157	161	1.0	2	1/4	1/4	2/2	2	1	1/4	1/4	1		5	59	B3	3	441
41	40	157	161	1.0	2	1/4	1/4	2/2	2	1	1/4	1/4	1		7	61	C#4	4	441
41	40	158	162	1.0	2	1/2	1/2	2/2	2	1	1/4	1/4	1		2	38	D2	2	442
41	40	158	162	1.0	2	1/2	1/2	2/2	2	1	1/4	1/4	1		3	45	A2	2	442
41	40	158	162	1.0	2	1/2	1/2	2/2	2	1	1/4	1/4	1		-1	53	F3	3	442
41	40	158	162	0.5	2	1/2	1/2	2/2	1	1	1/8	1/8	1	-1	9	63	D#4	4	438
41	40	158	162	0.5	2	1/2	1/2	2/2	1	1	1/8	1/8	1	-1	8	68	G#4	4	438
41	40	317/2	325/2	1.5	2	5/8	5/8	2/2	1	1	3/8	1/4	3/2		4	64	E4	4	439
41	40	317/2	325/2	1.5	2	5/8	5/8	2/2	1	1	3/8	1/4	3/2		5	71	B4	4	439
41	40	159	163	1.0	2	3/4	3/4	2/2	2	1	1/4	1/4	1		6	54	F#3	3	443
41	40	159	163	1.0	2	3/4	3/4	2/2	2	1	1/4	1/4	1		0	60	C4	4	443
41	40	159	163	1.0	2	3/4	3/4	2/2	2	1	1/4	1/4	1		2	62	D4	4	443
42	41	160	164	1.0	2	0	0	2/2	2	1	1/4	1/4	1		-2	46	Bb2	2	450
42	41	160	164	0.5	2	0	0	2/2	1	3	1/8	1/8	1		-3	63	Eb4	4	446
42	41	160	164	4.0	2	0	0	2/2	1	2	1	1	1		8	68	G#4	4	445
42	41	321/2	329/2	1.0	2	1/8	1/8	2/2	1	3	1/4	1/4	1		2	62	D4	4	447
42	41	161	165	1.0	2	1/4	1/4	2/2	2	1	1/4	1/4	1		-4	56	Ab3	3	451
42	41	161	165	1.0	2	1/4	1/4	2/2	2	1	1/4	1/4	1		-1	65	F4	4	451
42	41	323/2	331/2	0.5	2	3/8	3/8	2/2	1	3	1/8	1/8	1	1	7	61	C#4	4	448
42	41	162	166	1.0	2	1/2	1/2	2/2	2	1	1/4	1/4	1		3	57	A3	3	452
42	41	162	166	2.0	2	1/2	1/2	2/2	1	3	1/2	1/2	1	-1	7	61	C#4	4	449
42	41	162	166	1.0	2	1/2	1/2	2/2	2	1	1/4	1/4	1		4	64	E4	4	452
42	41	325/2	333/2	1.5	2	5/8	5/8	2/2	1	1	3/8	1/4	3/2		5	83	B5	5	444
42	41	163	167	1.0	2	3/4	3/4	2/2	2	1	1/4	1/4	1		5	35	B1	1	453
