mc	mn	mc_onset	mn_onset	timesig	staff	voice	duration	gracenote	nominal_duration	scalar	tied	tpc	midi	volta	chord_id
1	1	1/4	1/4	2/2	1	1	1/4		1/4	1		5	59		0
1	1	1/2	1/2	2/2	1	1	1/4		1/4	1		7	61		1
1	1	1/2	1/2	2/2	1	1	1/4		1/4	1		4	64		1
1	1	3/4	3/4	2/2	1	1	1/4		1/4	1		0	60		2
1	1	3/4	3/4	2/2	1	1	1/4		1/4	1		6	66		2
2	2	0	0	2/2	2	1	1/4		1/4	1		4	40		12
2	2	0	0	2/2	2	1	1/4		1/4	1		5	47		12
2	2	0	0	2/2	1	2	1		1	1		5	59		11
2	2	0	0	2/2	1	1	3/16		1/8	3/2		1	67		3
2	2	3/16	3/16	2/2	1	1	1/16		1/16	1		-2	70		4
2	2	1/4	1/4	2/2	2	1	1/4		1/4	1		8	56		13
2	2	1/4	1/4	2/2	2	1	1/4		1/4	1		7	61		13
2	2	1/4	1/4	2/2	2	1	1/4		1/4	1		2	62		13
2	2	1/4	1/4	2/2	1	1	3/16		1/8	3/2		4	64		5
2	2	7/16	7/16	2/2	1	1	1/16		1/16	1		6	66		6
2	2	1/2	1/2	2/2	2	1	1/4		1/4	1		4	40		14
2	2	1/2	1/2	2/2	2	1	1/4		1/4	1		5	47		14
2	2	1/2	1/2	2/2	1	1	3/16		1/8	3/2		1	67		7
2	2	11/16	11/16	2/2	1	1	1/16		1/16	1		-2	70		8
2	2	3/4	3/4	2/2	2	1	1/4		1/4	1		8	56		15
2	2	3/4	3/4	2/2	2	1	1/4		1/4	1		7	61		15
2	2	3/4	3/4	2/2	2	1	1/4		1/4	1		2	62		15
2	2	3/4	3/4	2/2	1	1	3/16		1/8	3/2		4	64		9
2	2	15/16	15/16	2/2	1	1	1/16		1/16	1		6	66		10
3	3	0	0	2/2	2	1	1/4		1/4	1		-5	37		27
3	3	0	0	2/2	2	1	1/4		1/4	1		-4	44		27
3	3	0	0	2/2	2	1	1/4		1/4	1		-1	53		27
3	3	0	0	2/2	1	2	3/16		1/8	3/2		0	60		19
3	3	0	0	2/2	1	1	3/4		1/2	3/2		1	67		16
3	3	3/16	3/16	2/2	1	2	1/16		1/16	1		0	60		20
3	3	1/4	1/4	2/2	2	1	1/4		1/4	1		-4	56		28
3	3	1/4	1/4	2/2	2	1	1/4		1/4	1		-2	58		28
3	3	1/4	1/4	2/2	1	2	1/12		1/8	2/3		0	60		21
3	3	1/3	1/3	2/2	1	2	1/12		1/8	2/3		0	60		22
3	3	5/12	5/12	2/2	1	2	1/12		1/8	2/3		-3	63		23
3	3	1/2	1/2	2/2	2	1	1/4		1/4	1		-5	37		29
3	3	1/2	1/2	2/2	2	1	1/4		1/4	1		-4	44		29
3	3	1/2	1/2	2/2	2	1	1/4		1/4	1		-1	53		29
3	3	1/2	1/2	2/2	1	2	3/16		1/8	3/2		0	60		24
3	3	11/16	11/16	2/2	1	2	1/16		1/16	1		5	59		25
3	3	3/4	3/4	2/2	2	1	1/4		1/4	1		-4	56		30
3	3	3/4	3/4	2/2	2	1	1/4		1/4	1		-2	58		30
3	3	3/4	3/4	2/2	1	2	1/4		1/4	1		0	60		26
3	3	3/4	3/4	2/2	1	1	3/16		1/8	3/2		4	64		17
3	3	15/16	15/16	2/2	1	1	1/16		1/16	1		6	66		18
4	4	0	0	2/2	2	1	1/4		1/4	1		4	40		41
4	4	0	0	2/2	2	1	1/4		1/4	1		5	47		41
4	4	0	0	2/2	1	2	1/2		1/2	1		5	59		40
4	4	0	0	2/2	1	1	3/16		1/8	3/2		1	67		31
4	4	3/16	3/16	2/2	1	1	1/16		1/16	1		-2	70		32
4	4	1/4	1/4	2/2	2	1	1/4		1/4	1		8	56		42
4	4	1/4	1/4	2/2	2	1	1/4		1/4	1		7	61		42
4	4	1/4	1/4	2/2	2	1	1/4		1/4	1		2	62		42
4	4	1/4	1/4	2/2	1	1	3/16		1/8	3/2		4	64		33
4	4	7/16	7/16	2/2	1	1	1/16		1/16	1		6	66		34
4	4	1/2	1/2	2/2	2	1	1/4		1/4	1		4	40		43
4	4	1/2	1/2	2/2	2	1	1/4		1/4	1		5	47		43
4	4	1/2	1/2	2/2	2	1	1/4		1/4	1		1	55		43
4	4	1/2	1/2	2/2	1	1	1/12		1/8	2/3		1	67		35
4	4	7/12	7/12	2/2	1	1	1/12		1/8	2/3		10	70		36
4	4	2/3	2/3	2/2	1	1	1/12		1/8	2/3		5	71		37
4	4	3/4	3/4	2/2	2	1	1/4		1/4	1		1	55		44
4	4	3/4	3/4	2/2	2	1	1/4		1/4	1		7	61		44
4	4	3/4	3/4	2/2	2	1	1/4		1/4	1		2	62		44
4	4	3/4	3/4	2/2	1	1	3/16		1/8	3/2		2	74		38
4	4	3/4	3/4	2/2	1	1	3/16		1/8	3/2		4	76		38
4	4	15/16	15/16	2/2	1	1	1/16		1/16	1		7	73		39
4	4	15/16	15/16	2/2	1	1	1/16		1/16	1		6	78		39
5	5	0	0	2/2	2	1	1/4		1/4	1		-5	37		51
5	5	0	0	2/2	2	1	1/4		1/4	1		-4	44		51
5	5	0	0	2/2	2	1	1/4		1/4	1		-1	53		51
5	5	0	0	2/2	1	1	3/16		1/8	3/2		0	72		45
5	5	0	0	2/2	1	1	3/16		1/8	3/2		1	79		45
5	5	3/16	3/16	2/2	1	1	1/16		1/16	1		5	71		46
5	5	3/16	3/16	2/2	1	1	1/16		1/16	1		10	82		46
5	5	1/4	1/4	2/2	2	1	1/4		1/4	1		-4	56		52
5	5	1/4	1/4	2/2	2	1	1/4		1/4	1		-2	58		52
5	5	1/4	1/4	2/2	2	1	1/4		1/4	1		-3	63		52
5	5	1/4	1/4	2/2	2	1	1/4		1/4	1		-1	65		52
5	5	1/4	1/4	2/2	1	1	1/2		1/2	1		0	72		47
5	5	1/4	1/4	2/2	1	1	1/2		1/2	1		1	79		47
5	5	1/2	1/2	2/2	2	1	1/4		1/4	1		-5	37		53
5	5	1/2	1/2	2/2	2	1	1/4		1/4	1		-4	44		53
5	5	1/2	1/2	2/2	2	1	1/4		1/4	1		-1	53		53
5	5	3/4	3/4	2/2	2	1	1/4		1/4	1		-4	56		54
5	5	3/4	3/4	2/2	2	1	1/4		1/4	1		-2	58		54
5	5	3/4	3/4	2/2	2	1	1/4		1/4	1		-3	63		54
5	5	3/4	3/4	2/2	2	1	1/4		1/4	1		-1	65		54
5	5	3/4	3/4	2/2	1	1	1/12		1/8	2/3		-1	77		48
5	5	5/6	5/6	2/2	1	1	1/12		1/8	2/3		-3	75		49
5	5	11/12	11/12	2/2	1	1	1/12		1/8	2/3		0	72		50
6	6	0	0	2/2	2	1	1/4		1/4	1		-4	44		63
6	6	0	0	2/2	2	1	1/4		1/4	1		-6	54		63
6	6	0	0	2/2	1	1	3/16		1/8	3/2		5	71		55
6	6	3/16	3/16	2/2	1	1	1/16		1/16	1		2	74		56
6	6	1/4	1/4	2/2	2	1	1/4		1/4	1		-4	56		64
6	6	1/4	1/4	2/2	2	1	1/4		1/4	1		0	60		64
6	6	1/4	1/4	2/2	2	1	1/4		1/4	1		-6	66		64
6	6	1/4	1/4	2/2	1	1	3/16		1/8	3/2		5	71		57
6	6	7/16	7/16	2/2	1	1	1/16		1/16	1		3	69		58
6	6	1/2	1/2	2/2	2	1	1/4		1/4	1		-1	41		65
6	6	1/2	1/2	2/2	2	1	1/4		1/4	1		-3	51		65
6	6	1/2	1/2	2/2	2	1	1/4		1/4	1		3	57		65
6	6	1/2	1/2	2/2	1	1	3/16		1/8	3/2		6	66		59
6	6	11/16	11/16	2/2	1	1	1/16		1/16	1		2	62		60
6	6	3/4	3/4	2/2	2	1	1/4		1/4	1		3	57		66
6	6	3/4	3/4	2/2	2	1	1/4		1/4	1		-3	63		66
6	6	3/4	3/4	2/2	1	1	3/16		1/8	3/2		1	67		61
6	6	15/16	15/16	2/2	1	1	1/16		1/16	1		8	68		62
7	7	0	0	2/2	2	1	1/4		1/4	1		4	40		77
7	7	0	0	2/2	2	1	1/4		1/4	1		5	47		77
7	7	0	0	2/2	2	1	1/4		1/4	1		8	56		77
7	7	0	0	2/2	1	1	1/12		1/8	2/3		6	66		67
7	7	0	0	2/2	1	1	1/12		1/8	2/3		5	71		67
7	7	1/12	1/12	2/2	1	1	1/12		1/8	2/3		6	66		68
7	7	1/12	1/12	2/2	1	1	1/12		1/8	2/3		5	71		68
7	7	1/6	1/6	2/2	1	1	1/12		1/8	2/3		-1	65		69
7	7	1/6	1/6	2/2	1	1	1/12		1/8	2/3		2	74		69
7	7	1/4	1/4	2/2	2	1	1/4		1/4	1		8	56		78
7	7	1/4	1/4	2/2	2	1	1/4		1/4	1		2	62		78
7	7	1/4	1/4	2/2	1	1	3/16		1/8	3/2		4	64		70
7	7	1/4	1/4	2/2	1	1	3/16		1/8	3/2		5	71		70
7	7	7/16	7/16	2/2	1	1	1/16		1/16	1		-3	63		71
7	7	7/16	7/16	2/2	1	1	1/16		1/16	1		-2	70		71
7	7	1/2	1/2	2/2	2	1	1/4		1/4	1		7	37		79
7	7	1/2	1/2	2/2	2	1	1/4		1/4	1		8	44		79
7	7	1/2	1/2	2/2	2	1	1/4		1/4	1		11	53		79
7	7	1/2	1/2	2/2	1	1	1/6		1/4	2/3		2	62		72
7	7	1/2	1/2	2/2	1	1	1/6		1/4	2/3		1	67		72
7	7	2/3	2/3	2/2	1	1	1/12		1/8	2/3		4	64		73
7	7	3/4	3/4	2/2	2	1	1/4		1/4	1		5	59		80
7	7	3/4	3/4	2/2	2	1	1/4		1/4	1		9	63		80
7	7	3/4	3/4	2/2	1	1	1/12		1/8	2/3		-1	65		74
7	7	5/6	5/6	2/2	1	1	1/12		1/8	2/3		1	67		75
7	7	11/12	11/12	2/2	1	1	1/12		1/8	2/3		-2	70		76
8	8	0	0	2/2	2	1	1/8		1/8	1		4	52		92
8	8	0	0	2/2	1	1	1/16		1/16	1		0	72		81
8	8	0	0	2/2	1	1	1/16		1/16	1		4	76		81
8	8	1/16	1/16	2/2	1	1	1/8		1/8	1		5	71		82
8	8	1/16	1/16	2/2	1	1	1/8		1/8	1		1	79		82
8	8	1/8	1/8	2/2	2	1	1/8		1/8	1		2	62		93
8	8	1/8	1/8	2/2	2	1	1/8		1/8	1		8	68		93
8	8	3/16	3/16	2/2	1	1	1/16		1/16	1		-2	70		83
8	8	3/16	3/16	2/2	1	1	1/16		1/16	1		4	76		83
8	8	1/4	1/4	2/2	2	1	1/8		1/8	1		5	59		94
8	8	1/4	1/4	2/2	2	1	1/8		1/8	1		-1	65		94
8	8	1/4	1/4	2/2	1	1	1/16		1/16	1		3	69		84
8	8	1/4	1/4	2/2	1	1	1/16		1/16	1		2	74		84
8	8	3/8	3/8	2/2	2	1	1/8		1/8	1		-4	56		95
8	8	3/8	3/8	2/2	2	1	1/8		1/8	1		2	62		95
8	8	3/8	3/8	2/2	1	1	1/16		1/16	1		-4	68		85
8	8	3/8	3/8	2/2	1	1	1/16		1/16	1		0	72		85
8	8	7/16	7/16	2/2	1	1	1/8		1/8	1		1	67		86
8	8	7/16	7/16	2/2	1	1	1/8		1/8	1		4	76		86
8	8	1/2	1/2	2/2	2	1	1/8		1/8	1		-2	46		96
8	8	9/16	9/16	2/2	1	1	1/16		1/16	1		-6	66		87
8	8	9/16	9/16	2/2	1	1	1/16		1/16	1		0	72		87
8	8	5/8	5/8	2/2	2	1	1/8		1/8	1		1	55		97
8	8	5/8	5/8	2/2	2	1	1/8		1/8	1		-5	61		97
8	8	5/8	5/8	2/2	1	1	1/16		1/16	1		-1	65		88
8	8	5/8	5/8	2/2	1	1	1/16		1/16	1		3	69		88
8	8	3/4	3/4	2/2	2	1	1/8		1/8	1		3	45		98
8	8	3/4	3/4	2/2	1	1	1/16		1/16	1		0	72		89
8	8	3/4	3/4	2/2	1	1	1/16		1/16	1		4	76		89
8	8	13/16	13/16	2/2	1	1	1/8		1/8	1		5	71		90
8	8	13/16	13/16	2/2	1	1	1/8		1/8	1		1	79		90
8	8	7/8	7/8	2/2	2	1	1/8		1/8	1		1	55		99
8	8	7/8	7/8	2/2	2	1	1/8		1/8	1		7	61		99
8	8	15/16	15/16	2/2	1	1	1/16		1/16	1		-2	70		91
8	8	15/16	15/16	2/2	1	1	1/16		1/16	1		4	76		91
9	9	0	0	2/2	2	1	1/8		1/8	1		6	54		109
9	9	0	0	2/2	2	1	1/8		1/8	1		0	60		109
9	9	0	0	2/2	1	1	1/16		1/16	1		3	69		100
9	9	0	0	2/2	1	1	1/16		1/16	1		2	74		100
9	9	1/8	1/8	2/2	2	1	1/8		1/8	1		-1	53		110
9	9	1/8	1/8	2/2	2	1	1/8		1/8	1		5	59		110
9	9	1/8	1/8	2/2	1	1	1/16		1/16	1		4	64		101
9	9	1/8	1/8	2/2	1	1	1/16		1/16	1		3	69		101
9	9	3/16	3/16	2/2	1	1	1/8		1/8	1		2	74		102
9	9	1/4	1/4	2/2	2	1	1/8		1/8	1		5	47		111
9	9	5/16	5/16	2/2	1	1	1/16		1/16	1		-3	63		103
9	9	5/16	5/16	2/2	1	1	1/16		1/16	1		-4	68		103
9	9	3/8	3/8	2/2	2	1	1/8		1/8	1		4	52		112
9	9	3/8	3/8	2/2	2	1	1/8		1/8	1		-2	58		112
9	9	3/8	3/8	2/2	1	1	1/16		1/16	1		2	62		104
9	9	3/8	3/8	2/2	1	1	1/16		1/16	1		1	67		104
9	9	1/2	1/2	2/2	2	1	1/8		1/8	1		6	42		113
9	9	1/2	1/2	2/2	1	1	1/16		1/16	1		3	69		105
9	9	1/2	1/2	2/2	1	1	1/16		1/16	1		2	74		105
9	9	9/16	9/16	2/2	1	1	1/8		1/8	1		1	79		106
9	9	5/8	5/8	2/2	2	1	1/8		1/8	1		4	52		114
9	9	5/8	5/8	2/2	2	1	1/8		1/8	1		10	58		114
9	9	11/16	11/16	2/2	1	1	1/16		1/16	1		-4	68		107
9	9	11/16	11/16	2/2	1	1	1/16		1/16	1		-5	73		107
9	9	3/4	3/4	2/2	1	1	1/16		1/16	1		1	67		108
9	9	3/4	3/4	2/2	1	1	1/16		1/16	1		0	72		108
9	9	13/16	13/16	2/2	2	1	1/16		1/16	1		7	61		115
9	9	13/16	13/16	2/2	2	1	1/16		1/16	1		6	66		115
9	9	7/8	7/8	2/2	2	1	1/16		1/16	1		10	58		116
9	9	7/8	7/8	2/2	2	1	1/16		1/16	1		4	64		116
10	10	0	0	2/2	2	1	1/4		1/4	1		4	40		117
10	10	0	0	2/2	2	1	1/4		1/4	1		5	47		117
10	10	0	0	2/2	2	1	1/4		1/4	1		1	55		117
10	10	1/4	1/4	2/2	2	1	1/4		1/4	1		8	56		118
10	10	1/4	1/4	2/2	2	1	1/4		1/4	1		7	61		118
10	10	1/4	1/4	2/2	2	1	1/4		1/4	1		2	62		118
10	10	1/2	1/2	2/2	2	1	1/4		1/4	1		4	40		119
10	10	1/2	1/2	2/2	2	1	1/4		1/4	1		5	47		119
10	10	1/2	1/2	2/2	2	1	1/4		1/4	1		1	55		119
10	10	3/4	3/4	2/2	2	1	1/4		1/4	1		8	56		120
10	10	3/4	3/4	2/2	2	1	1/4		1/4	1		7	61		120
10	10	3/4	3/4	2/2	2	1	1/4		1/4	1		2	62		120
11	11	0	0	2/2	1	1	0	grace16	1/16	1		5	71		121
11	11	0	0	2/2	1	1	0	grace16	1/16	1		4	76		122
11	11	0	0	2/2	1	1	0	grace16	1/16	1		6	78		123
11	11	0	0	2/2	2	1	1/4		1/4	1		4	40		133
11	11	0	0	2/2	2	1	1/4		1/4	1		5	47		133
11	11	0	0	2/2	2	1	1/4		1/4	1		1	55		133
11	11	0	0	2/2	1	2	1		1	1		5	71		132
11	11	0	0	2/2	1	1	3/16		1/8	3/2		1	79		124
11	11	3/16	3/16	2/2	1	1	1/16		1/16	1		-2	82		125
11	11	1/4	1/4	2/2	2	1	1/4		1/4	1		8	56		134
11	11	1/4	1/4	2/2	2	1	1/4		1/4	1		7	61		134
11	11	1/4	1/4	2/2	2	1	1/4		1/4	1		2	62		134
11	11	1/4	1/4	2/2	1	1	3/16		1/8	3/2		4	76		126
11	11	7/16	7/16	2/2	1	1	1/16		1/16	1		6	78		127
11	11	1/2	1/2	2/2	2	1	1/4		1/4	1		4	40		135
11	11	1/2	1/2	2/2	2	1	1/4		1/4	1		5	47		135
11	11	1/2	1/2	2/2	2	1	1/4		1/4	1		1	55		135
11	11	1/2	1/2	2/2	1	1	3/16		1/8	3/2		1	79		128
11	11	11/16	11/16	2/2	1	1	1/16		1/16	1		-2	82		129
11	11	3/4	3/4	2/2	2	1	1/4		1/4	1		8	56		136
11	11	3/4	3/4	2/2	2	1	1/4		1/4	1		7	61		136
11	11	3/4	3/4	2/2	2	1	1/4		1/4	1		2	62		136
11	11	3/4	3/4	2/2	1	1	3/16		1/8	3/2		4	76		130
11	11	15/16	15/16	2/2	1	1	1/16		1/16	1		6	78		131
12	12	0	0	2/2	2	1	1/4		1/4	1		-5	37		148
12	12	0	0	2/2	2	1	1/4		1/4	1		-4	44		148
12	12	0	0	2/2	2	1	1/4		1/4	1		-1	53		148
12	12	0	0	2/2	1	2	3/16		1/8	3/2		0	72		143
12	12	0	0	2/2	1	1	1/2		1/2	1	1	1	79		137
12	12	3/16	3/16	2/2	1	2	1/16		1/16	1		0	72		144
12	12	1/4	1/4	2/2	2	1	1/4		1/4	1		-4	56		149
12	12	1/4	1/4	2/2	2	1	1/4		1/4	1		-2	58		149
12	12	1/4	1/4	2/2	2	1	1/4		1/4	1		-3	63		149
12	12	1/4	1/4	2/2	2	1	1/4		1/4	1		-1	65		149
12	12	1/4	1/4	2/2	1	2	1/12		1/8	2/3		0	72		145
12	12	1/3	1/3	2/2	1	2	1/12		1/8	2/3		0	72		146
12	12	5/12	5/12	2/2	1	2	1/12		1/8	2/3		-3	75		147
12	12	1/2	1/2	2/2	2	1	1/4		1/4	1		-5	37		150
12	12	1/2	1/2	2/2	2	1	1/4		1/4	1		-4	44		150
12	12	1/2	1/2	2/2	2	1	1/4		1/4	1		-1	53		150
12	12	1/2	1/2	2/2	1	1	1/12		1/8	2/3		0	72		138
12	12	1/2	1/2	2/2	1	1	1/12		1/8	2/3	-1	1	79		138
12	12	2/3	2/3	2/2	1	1	1/12		1/8	2/3		5	71		139
12	12	2/3	2/3	2/2	1	1	1/12		1/8	2/3		6	78		139
12	12	3/4	3/4	2/2	2	1	1/4		1/4	1		-4	56		151
12	12	3/4	3/4	2/2	2	1	1/4		1/4	1		-2	58		151
12	12	3/4	3/4	2/2	2	1	1/4		1/4	1		-3	63		151
12	12	3/4	3/4	2/2	2	1	1/4		1/4	1		-1	65		151
12	12	3/4	3/4	2/2	1	1	1/12		1/8	2/3		-2	70		140
12	12	3/4	3/4	2/2	1	1	1/12		1/8	2/3		-1	77		140
12	12	5/6	5/6	2/2	1	1	1/12		1/8	2/3		1	67		141
12	12	5/6	5/6	2/2	1	1	1/12		1/8	2/3		2	74		141
12	12	11/12	11/12	2/2	1	1	1/12		1/8	2/3		6	66		142
12	12	11/12	11/12	2/2	1	1	1/12		1/8	2/3		7	73		142
13	13	0	0	2/2	2	1	1/4		1/4	1		4	40		162
13	13	0	0	2/2	2	1	1/4		1/4	1		5	47		162
13	13	0	0	2/2	1	2	1/2		1/2	1		5	59		161
13	13	0	0	2/2	1	1	3/16		1/8	3/2		1	67		152
13	13	3/16	3/16	2/2	1	1	1/16		1/16	1		-2	70		153
13	13	1/4	1/4	2/2	2	1	1/4		1/4	1		8	56		163
13	13	1/4	1/4	2/2	2	1	1/4		1/4	1		7	61		163
13	13	1/4	1/4	2/2	2	1	1/4		1/4	1		9	63		163
13	13	1/4	1/4	2/2	1	1	3/16		1/8	3/2		4	64		154
13	13	7/16	7/16	2/2	1	1	1/16		1/16	1		6	66		155
13	13	1/2	1/2	2/2	2	1	1/4		1/4	1		4	40		164
13	13	1/2	1/2	2/2	2	1	1/4		1/4	1		5	47		164
13	13	1/2	1/2	2/2	1	1	1/12		1/8	2/3		5	59		156
13	13	1/2	1/2	2/2	1	1	1/12		1/8	2/3		1	67		156
13	13	7/12	7/12	2/2	1	1	1/12		1/8	2/3		5	71		157
13	13	2/3	2/3	2/2	1	1	1/12		1/8	2/3		-2	70		158
13	13	2/3	2/3	2/2	1	1	1/12		1/8	2/3		2	74		158
13	13	3/4	3/4	2/2	2	1	1/4		1/4	1		8	56		165
13	13	3/4	3/4	2/2	2	1	1/4		1/4	1		7	61		165
13	13	3/4	3/4	2/2	2	1	1/4		1/4	1		9	63		165
13	13	3/4	3/4	2/2	1	1	3/16		1/8	3/2		3	69		159
13	13	3/4	3/4	2/2	1	1	3/16		1/8	3/2		7	73		159
13	13	15/16	15/16	2/2	1	1	1/16		1/16	1		-6	66		160
13	13	15/16	15/16	2/2	1	1	1/16		1/16	1		-2	70		160
14	14	0	0	2/2	2	1	1/4		1/4	1		-5	37		172
14	14	0	0	2/2	2	1	1/4		1/4	1		3	45		172
14	14	0	0	2/2	2	1	1/4		1/4	1		-1	53		172
14	14	0	0	2/2	1	1	3/16		1/8	3/2		0	60		166
14	14	0	0	2/2	1	1	3/16		1/8	3/2		1	67		166
14	14	3/16	3/16	2/2	1	1	1/16		1/16	1		5	59		167
14	14	3/16	3/16	2/2	1	1	1/16		1/16	1		10	70		167
14	14	1/4	1/4	2/2	2	1	1/4		1/4	1		-4	56		173
14	14	1/4	1/4	2/2	2	1	1/4		1/4	1		-2	58		173
14	14	1/4	1/4	2/2	1	1	1/2		1/2	1		0	60		168
14	14	1/4	1/4	2/2	2	1	1/4		1/4	1		-3	63		173
14	14	1/4	1/4	2/2	1	1	1/2		1/2	1		1	67		168
14	14	1/2	1/2	2/2	2	1	1/4		1/4	1		-5	37		174
14	14	1/2	1/2	2/2	2	1	1/4		1/4	1		3	45		174
14	14	1/2	1/2	2/2	2	1	1/4		1/4	1		-1	53		174
14	14	3/4	3/4	2/2	2	1	1/4		1/4	1		-4	56		175
14	14	3/4	3/4	2/2	2	1	1/4		1/4	1		-2	58		175
14	14	3/4	3/4	2/2	2	1	1/4		1/4	1		-3	63		175
14	14	3/4	3/4	2/2	1	1	1/12		1/8	2/3		-1	65		169
14	14	5/6	5/6	2/2	1	1	1/12		1/8	2/3		1	67		170
14	14	11/12	11/12	2/2	1	1	1/12		1/8	2/3		-2	70		171
15	15	0	0	2/2	2	1	1/4		1/4	1		2	50		188
15	15	0	0	2/2	2	1	1/4		1/4	1		1	55		188
15	15	0	0	2/2	2	1	1/4		1/4	1		0	60		188
15	15	0	0	2/2	1	2	1/4		1/4	1		4	64		186
15	15	0	0	2/2	1	1	3/16		1/8	3/2		5	71		176
15	15	3/16	3/16	2/2	1	1	1/16		1/16	1		2	74		177
15	15	1/4	1/4	2/2	2	1	1/4		1/4	1		7	49		189
15	15	1/4	1/4	2/2	2	1	1/4		1/4	1		6	54		189
15	15	1/4	1/4	2/2	2	1	1/4		1/4	1		5	59		189
15	15	1/4	1/4	2/2	1	2	1/4		1/4	1		-3	63		187
15	15	1/4	1/4	2/2	1	1	3/16		1/8	3/2		5	71		178
15	15	7/16	7/16	2/2	1	1	1/16		1/16	1		3	69		179
15	15	1/2	1/2	2/2	2	1	1/4		1/4	1		0	48		190
15	15	1/2	1/2	2/2	2	1	1/4		1/4	1		-1	53		190
15	15	1/2	1/2	2/2	2	1	1/4		1/4	1		5	59		190
15	15	1/2	1/2	2/2	1	1	1/12		1/8	2/3		2	62		180
15	15	1/2	1/2	2/2	1	1	1/12		1/8	2/3		6	66		180
15	15	7/12	7/12	2/2	1	1	1/12		1/8	2/3		-3	63		181
15	15	2/3	2/3	2/2	1	1	1/12		1/8	2/3		1	67		182
15	15	3/4	3/4	2/2	2	1	1/4		1/4	1		5	47		191
15	15	3/4	3/4	2/2	2	1	1/4		1/4	1		4	52		191
15	15	3/4	3/4	2/2	2	1	1/4		1/4	1		5	59		191
15	15	3/4	3/4	2/2	1	1	1/12		1/8	2/3		7	73		183
15	15	5/6	5/6	2/2	1	1	1/12		1/8	2/3		2	74		184
15	15	11/12	11/12	2/2	1	1	1/12		1/8	2/3		1	79		185
16	16	0	0	2/2	2	1	1/4		1/4	1		4	40		203
16	16	0	0	2/2	2	1	1/4		1/4	1		5	47		203
16	16	0	0	2/2	2	1	1/4		1/4	1		1	55		203
16	16	0	0	2/2	1	1	1/12		1/8	2/3		6	78		192
16	16	0	0	2/2	1	1	1/12		1/8	2/3		10	82		192
16	16	1/12	1/12	2/2	1	1	1/12		1/8	2/3		5	83		193
16	16	1/6	1/6	2/2	1	1	1/12		1/8	2/3		-1	77		194
16	16	1/6	1/6	2/2	1	1	1/12		1/8	2/3		2	86		194
16	16	1/4	1/4	2/2	2	1	1/4		1/4	1		8	56		204
16	16	1/4	1/4	2/2	2	1	1/4		1/4	1		2	62		204
16	16	1/4	1/4	2/2	2	1	1/4		1/4	1		4	64		204
16	16	1/4	1/4	2/2	1	1	3/16		1/8	3/2		4	76		195
16	16	1/4	1/4	2/2	1	1	3/16		1/8	3/2		5	83		195
16	16	7/16	7/16	2/2	1	1	1/16		1/16	1		-3	75		196
16	16	7/16	7/16	2/2	1	1	1/16		1/16	1		-2	82		196
16	16	1/2	1/2	2/2	2	1	1/4		1/4	1		7	37		205
16	16	1/2	1/2	2/2	2	1	1/4		1/4	1		8	44		205
16	16	1/2	1/2	2/2	2	1	1/4		1/4	1		11	53		205
16	16	1/2	1/2	2/2	1	1	1/12		1/8	2/3		2	74		197
16	16	1/2	1/2	2/2	1	1	1/12		1/8	2/3		1	79		197
16	16	7/12	7/12	2/2	1	1	1/12		1/8	2/3		4	76		198
16	16	2/3	2/3	2/2	1	1	1/12		1/8	2/3		8	80		199
16	16	3/4	3/4	2/2	2	1	1/4		1/4	1		8	56		206
16	16	3/4	3/4	2/2	2	1	1/4		1/4	1		5	59		206
16	16	3/4	3/4	2/2	2	1	1/4		1/4	1		9	63		206
16	16	3/4	3/4	2/2	2	1	1/4		1/4	1		11	65		206
16	16	3/4	3/4	2/2	1	1	1/12		1/8	2/3		-2	82		200
16	16	5/6	5/6	2/2	1	1	1/12		1/8	2/3		7	85		201
16	16	11/12	11/12	2/2	1	1	1/12		1/8	2/3		2	86		202
17	17	0	0	2/2	1	2	1/8		1/8	1		4	64		218
17	17	0	0	2/2	1	1	1/16		1/16	1		0	84		207
17	17	0	0	2/2	1	1	1/16		1/16	1		4	88		207
17	17	1/16	1/16	2/2	1	1	1/8		1/8	1		5	83		208
17	17	1/16	1/16	2/2	1	1	1/8		1/8	1		1	91		208
17	17	1/8	1/8	2/2	1	2	1/8		1/8	1		2	74		219
17	17	1/8	1/8	2/2	1	2	1/8		1/8	1		8	80		219
17	17	3/16	3/16	2/2	1	1	1/16		1/16	1		-2	82		209
17	17	3/16	3/16	2/2	1	1	1/16		1/16	1		4	88		209
17	17	1/4	1/4	2/2	1	2	1/8		1/8	1		5	71		220
17	17	1/4	1/4	2/2	1	2	1/8		1/8	1		-1	77		220
17	17	1/4	1/4	2/2	1	1	1/16		1/16	1		3	81		210
17	17	1/4	1/4	2/2	1	1	1/16		1/16	1		2	86		210
17	17	3/8	3/8	2/2	1	2	1/8		1/8	1		-4	68		221
17	17	3/8	3/8	2/2	1	2	1/8		1/8	1		2	74		221
17	17	3/8	3/8	2/2	1	1	1/16		1/16	1		-4	80		211
17	17	3/8	3/8	2/2	1	1	1/16		1/16	1		0	84		211
17	17	7/16	7/16	2/2	1	1	1/8		1/8	1		8	80		212
17	17	7/16	7/16	2/2	1	1	1/8		1/8	1		4	88		212
17	17	1/2	1/2	2/2	1	2	1/8		1/8	1		-2	58		222
17	17	9/16	9/16	2/2	1	1	1/16		1/16	1		-6	78		213
17	17	9/16	9/16	2/2	1	1	1/16		1/16	1		0	84		213
17	17	5/8	5/8	2/2	1	2	1/8		1/8	1		1	67		223
17	17	5/8	5/8	2/2	1	2	1/8		1/8	1		-5	73		223
17	17	5/8	5/8	2/2	1	1	1/16		1/16	1		-1	77		214
17	17	5/8	5/8	2/2	1	1	1/16		1/16	1		3	81		214
17	17	3/4	3/4	2/2	1	2	1/8		1/8	1		8	56		224
17	17	3/4	3/4	2/2	1	2	1/8		1/8	1		6	66		224
17	17	3/4	3/4	2/2	1	1	1/16		1/16	1		0	72		215
17	17	3/4	3/4	2/2	1	1	1/16		1/16	1		4	76		215
17	17	13/16	13/16	2/2	1	1	1/8		1/8	1		5	71		216
17	17	13/16	13/16	2/2	1	1	1/8		1/8	1		1	79		216
17	17	7/8	7/8	2/2	1	2	1/8		1/8	1		1	55		225
17	17	7/8	7/8	2/2	1	2	1/8		1/8	1		-1	65		225
17	17	15/16	15/16	2/2	1	1	1/16		1/16	1		-2	70		217
17	17	15/16	15/16	2/2	1	1	1/16		1/16	1		4	76		217
18	18	0	0	2/2	2	1	1/8		1/8	1		6	54		237
18	18	0	0	2/2	2	1	1/8		1/8	1		4	64		237
18	18	0	0	2/2	1	1	1/16		1/16	1		3	69		226
18	18	0	0	2/2	1	1	1/16		1/16	1		2	74		226
18	18	1/8	1/8	2/2	2	1	1/8		1/8	1		-1	53		238
18	18	1/8	1/8	2/2	2	1	1/8		1/8	1		5	59		238
18	18	1/8	1/8	2/2	1	1	1/16		1/16	1		4	64		227
18	18	1/8	1/8	2/2	1	1	1/16		1/16	1		3	69		227
18	18	3/16	3/16	2/2	1	1	1/8		1/8	1		2	74		228
18	18	1/4	1/4	2/2	2	1	1/8		1/8	1		1	43		239
18	18	5/16	5/16	2/2	1	1	1/16		1/16	1		-3	63		229
18	18	5/16	5/16	2/2	1	1	1/16		1/16	1		-4	68		229
18	18	3/8	3/8	2/2	2	1	1/8		1/8	1		4	52		240
18	18	3/8	3/8	2/2	2	1	1/8		1/8	1		-2	58		240
18	18	3/8	3/8	2/2	1	1	1/16		1/16	1		2	62		230
18	18	3/8	3/8	2/2	1	1	1/16		1/16	1		1	67		230
18	18	1/2	1/2	2/2	2	1	1/8		1/8	1		6	42		241
18	18	1/2	1/2	2/2	1	1	1/16		1/16	1		3	69		231
18	18	1/2	1/2	2/2	1	2	1/4		1/4	1		3	69		236
18	18	1/2	1/2	2/2	1	1	1/16		1/16	1		2	74		231
18	18	9/16	9/16	2/2	1	1	1/8		1/8	1		1	79		232
18	18	5/8	5/8	2/2	2	1	1/8		1/8	1		4	52		242
18	18	5/8	5/8	2/2	2	1	1/8		1/8	1		10	58		242
18	18	11/16	11/16	2/2	1	1	1/16		1/16	1		-4	68		233
18	18	11/16	11/16	2/2	1	1	1/16		1/16	1		-5	73		233
18	18	3/4	3/4	2/2	1	1	1/16		1/16	1		1	67		234
18	18	3/4	3/4	2/2	1	1	1/16		1/16	1		0	72		234
18	18	13/16	13/16	2/2	2	1	1/16		1/16	1		7	61		243
18	18	13/16	13/16	2/2	2	1	1/16		1/16	1		-1	65		243
18	18	7/8	7/8	2/2	2	1	1/16		1/16	1		10	58		244
18	18	7/8	7/8	2/2	2	1	1/16		1/16	1		4	64		244
18	18	15/16	15/16	2/2	1	1	1/16		1/16	1	1	9	75		235
18	18	15/16	15/16	2/2	1	1	1/16		1/16	1	1	8	80		235
18	18	15/16	15/16	2/2	1	1	1/16		1/16	1	1	7	85		235
19	19	0	0	2/2	2	1	1/4		1/4	1		4	40		252
19	19	0	0	2/2	2	1	1/4		1/4	1		5	47		252
19	19	0	0	2/2	2	1	1/4		1/4	1		8	56		252
19	19	0	0	2/2	1	1	1/8		1/8	1	-1	9	75		245
19	19	0	0	2/2	1	1	1/8		1/8	1	-1	8	80		245
19	19	0	0	2/2	1	1	1/8		1/8	1	-1	7	85		245
19	19	1/8	1/8	2/2	1	1	1/8		1/8	1		2	74		246
19	19	1/8	1/8	2/2	1	1	1/8		1/8	1		1	79		246
19	19	1/4	1/4	2/2	2	1	1/4		1/4	1		1	55		253
19	19	1/4	1/4	2/2	2	1	1/4		1/4	1		5	59		253
19	19	1/4	1/4	2/2	2	1	1/4		1/4	1		7	61		253
19	19	1/4	1/4	2/2	2	1	1/4		1/4	1		4	64		253
19	19	1/4	1/4	2/2	1	1	1/8		1/8	1		7	73		247
19	19	1/4	1/4	2/2	1	1	1/8		1/8	1		6	78		247
19	19	1/4	1/4	2/2	1	1	1/8		1/8	1		5	83		247
19	19	3/8	3/8	2/2	1	1	1/8		1/8	1	1	-2	70		248
19	19	3/8	3/8	2/2	1	1	1/8		1/8	1	1	-3	75		248
19	19	3/8	3/8	2/2	1	1	1/8		1/8	1	1	-4	80		248
19	19	1/2	1/2	2/2	2	1	1/4		1/4	1		-3	39		254
19	19	1/2	1/2	2/2	2	1	1/4		1/4	1		-4	44		254
19	19	1/2	1/2	2/2	2	1	1/4		1/4	1		0	48		254
19	19	1/2	1/2	2/2	2	1	1/4		1/4	1		-6	54		254
19	19	1/2	1/2	2/2	1	1	1/8		1/8	1	-1	-2	70		249
19	19	1/2	1/2	2/2	1	1	1/8		1/8	1	-1	-3	75		249
19	19	1/2	1/2	2/2	1	1	1/8		1/8	1	-1	-4	80		249
19	19	5/8	5/8	2/2	1	1	1/8		1/8	1		3	69		250
19	19	5/8	5/8	2/2	1	1	1/8		1/8	1		2	74		250
19	19	5/8	5/8	2/2	1	1	1/8		1/8	1		-6	78		250
19	19	3/4	3/4	2/2	2	1	1/4		1/4	1		-4	56		255
19	19	3/4	3/4	2/2	2	1	1/4		1/4	1		0	60		255
19	19	3/4	3/4	2/2	2	1	1/4		1/4	1		-6	66		255
19	19	3/4	3/4	2/2	1	1	1/4		1/4	1		-4	68		251
19	19	3/4	3/4	2/2	1	1	1/4		1/4	1		-3	75		251
19	19	3/4	3/4	2/2	1	1	1/4		1/4	1		-4	80		251
20	20	0	0	2/2	2	1	1/4		1/4	1		-5	37		261
20	20	0	0	2/2	2	1	1/4		1/4	1		-4	44		261
20	20	0	0	2/2	2	1	1/4		1/4	1		-1	53		261
20	20	0	0	2/2	1	1	1/8		1/8	1		-1	65		256
20	20	0	0	2/2	1	1	1/8		1/8	1		-2	70		256
20	20	0	0	2/2	1	1	1/8		1/8	1		-3	75		256
20	20	1/4	1/4	2/2	2	1	1/4		1/4	1		-4	56		262
20	20	1/4	1/4	2/2	2	1	1/4		1/4	1		-7	59		262
20	20	1/4	1/4	2/2	2	1	1/4		1/4	1		-3	63		262
20	20	1/4	1/4	2/2	2	1	1/4		1/4	1		-1	65		262
20	20	3/8	3/8	2/2	1	1	1/8		1/8	1	1	-2	70		257
20	20	3/8	3/8	2/2	1	1	1/8		1/8	1	1	-3	75		257
20	20	3/8	3/8	2/2	1	1	1/8		1/8	1	1	-4	80		257
20	20	1/2	1/2	2/2	2	1	1/4		1/4	1		0	36		263
20	20	1/2	1/2	2/2	2	1	1/4		1/4	1		1	43		263
20	20	1/2	1/2	2/2	2	1	1/4		1/4	1		4	52		263
20	20	1/2	1/2	2/2	1	1	1/8		1/8	1	-1	-2	70		258
20	20	1/2	1/2	2/2	1	1	1/8		1/8	1	-1	-3	75		258
20	20	1/2	1/2	2/2	1	1	1/8		1/8	1	-1	-4	80		258
20	20	5/8	5/8	2/2	1	1	1/8		1/8	1		1	67		259
20	20	5/8	5/8	2/2	1	1	1/8		1/8	1		7	73		259
20	20	5/8	5/8	2/2	1	1	1/8		1/8	1		6	78		259
20	20	3/4	3/4	2/2	2	1	1/4		1/4	1		-2	58		264
20	20	3/4	3/4	2/2	2	1	1/4		1/4	1		0	60		264
20	20	3/4	3/4	2/2	2	1	1/4		1/4	1		4	64		264
20	20	3/4	3/4	2/2	1	1	1/8		1/8	1		6	66		260
20	20	3/4	3/4	2/2	1	1	1/8		1/8	1		2	74		260
20	20	3/4	3/4	2/2	1	1	1/8		1/8	1		-4	80		260
21	21	0	0	2/2	2	1	1/4		1/4	1		5	35		271
21	21	0	0	2/2	2	1	1/4		1/4	1		6	42		271
21	21	0	0	2/2	2	1	1/4		1/4	1		9	51		271
21	21	1/8	1/8	2/2	1	1	1/8		1/8	1		9	63		265
21	21	1/8	1/8	2/2	1	1	1/8		1/8	1		3	69		265
21	21	1/8	1/8	2/2	1	1	1/8		1/8	1		9	75		265
21	21	1/4	1/4	2/2	2	1	1/4		1/4	1		3	57		272
21	21	1/4	1/4	2/2	2	1	1/4		1/4	1		5	59		272
21	21	1/4	1/4	2/2	2	1	1/4		1/4	1		9	63		272
21	21	3/8	3/8	2/2	1	1	1/8		1/8	1	1	8	68		266
21	21	3/8	3/8	2/2	1	1	1/8		1/8	1	1	9	75		266
21	21	3/8	3/8	2/2	1	1	1/8		1/8	1	1	8	80		266
21	21	1/2	1/2	2/2	2	1	1/4		1/4	1		-2	34		273
21	21	1/2	1/2	2/2	2	1	1/4		1/4	1		-1	41		273
21	21	1/2	1/2	2/2	2	1	1/4		1/4	1		2	50		273
21	21	1/2	1/2	2/2	1	1	1/8		1/8	1	-1	8	68		267
21	21	1/2	1/2	2/2	1	1	1/8		1/8	1	-1	9	75		267
21	21	1/2	1/2	2/2	1	1	1/8		1/8	1	-1	8	80		267
21	21	5/8	5/8	2/2	1	1	1/8		1/8	1		1	67		268
21	21	5/8	5/8	2/2	1	1	1/8		1/8	1		2	74		268
21	21	5/8	5/8	2/2	1	1	1/8		1/8	1		6	78		268
21	21	3/4	3/4	2/2	2	1	1/4		1/4	1		-4	56		274
21	21	3/4	3/4	2/2	2	1	1/4		1/4	1		-2	58		274
21	21	3/4	3/4	2/2	2	1	1/4		1/4	1		2	62		274
21	21	3/4	3/4	2/2	1	1	1/8		1/8	1		6	66		269
21	21	3/4	3/4	2/2	1	1	1/8		1/8	1		7	73		269
21	21	3/4	3/4	2/2	1	1	1/8		1/8	1		8	80		269
21	21	7/8	7/8	2/2	1	2	1/8		1/8	1	1	1	67		270
21	21	7/8	7/8	2/2	1	2	1/8		1/8	1	1	2	74		270
22	22	0	0	2/2	2	1	1/4		1/4	1		-3	39		284
22	22	0	0	2/2	2	1	1/4		1/4	1		-2	46		284
22	22	0	0	2/2	2	1	1/4		1/4	1		1	55		284
22	22	0	0	2/2	1	2	1/8		1/8	1	-1	1	67		276
22	22	0	0	2/2	1	2	1/8		1/8	1		2	74		276
22	22	0	0	2/2	1	1	1/2		1/2	1	-1	2	74		275
22	22	1/8	1/8	2/2	1	2	1/8		1/8	1		6	66		277
22	22	1/8	1/8	2/2	1	2	1/8		1/8	1		7	73		277
22	22	1/4	1/4	2/2	2	1	1/4		1/4	1		-2	58		285
22	22	1/4	1/4	2/2	2	1	1/4		1/4	1		0	60		285
22	22	1/4	1/4	2/2	2	1	1/4		1/4	1		-3	63		285
22	22	1/4	1/4	2/2	1	2	1/8		1/8	1		-1	65		278
22	22	1/4	1/4	2/2	1	2	1/8		1/8	1		0	72		278
22	22	3/8	3/8	2/2	1	2	1/8		1/8	1		2	62		279
22	22	3/8	3/8	2/2	1	2	1/8		1/8	1		3	69		279
22	22	1/2	1/2	2/2	2	1	1/4		1/4	1		5	35		286
22	22	1/2	1/2	2/2	2	1	1/4		1/4	1		5	47		286
22	22	1/2	1/2	2/2	1	2	1/8		1/8	1		-5	61		280
22	22	1/2	1/2	2/2	1	2	1/8		1/8	1		-4	68		280
22	22	5/8	5/8	2/2	1	2	1/8		1/8	1		0	60		281
22	22	5/8	5/8	2/2	1	2	1/8		1/8	1		1	67		281
22	22	3/4	3/4	2/2	2	1	1/4		1/4	1		3	57		287
22	22	3/4	3/4	2/2	1	2	1/8		1/8	1		2	62		282
22	22	3/4	3/4	2/2	2	1	1/4		1/4	1		9	63		287
22	22	3/4	3/4	2/2	2	1	1/4		1/4	1		8	68		287
22	22	7/8	7/8	2/2	1	2	1/8		1/8	1		-5	61		283
23	23	0	0	2/2	2	1	1/4		1/4	1		-2	34		301
23	23	0	0	2/2	2	1	1/4		1/4	1		-1	41		301
23	23	0	0	2/2	2	1	1/4		1/4	1		2	50		301
23	23	0	0	2/2	1	2	3/8		1/4	3/2		0	60		296
23	23	0	0	2/2	1	1	1/8		1/8	1		1	67		288
23	23	1/8	1/8	2/2	1	1	1/8		1/8	1		3	69		289
23	23	1/4	1/4	2/2	2	1	1/4		1/4	1		-1	53		302
23	23	1/4	1/4	2/2	2	1	1/4		1/4	1		1	55		302
23	23	1/4	1/4	2/2	1	1	1/8		1/8	1		2	74		290
23	23	3/8	3/8	2/2	1	2	1/4		1/4	1		7	61		297
23	23	3/8	3/8	2/2	1	1	1/8		1/8	1		1	67		291
23	23	1/2	1/2	2/2	2	1	1/4		1/4	1		3	33		303
23	23	1/2	1/2	2/2	2	1	1/4		1/4	1		4	40		303
23	23	1/2	1/2	2/2	2	1	1/4		1/4	1		7	49		303
23	23	1/2	1/2	2/2	1	1	1/8		1/8	1		3	69		292
23	23	5/8	5/8	2/2	1	2	1/8		1/8	1		2	62		298
23	23	5/8	5/8	2/2	1	1	1/8		1/8	1		2	74		293
23	23	3/4	3/4	2/2	2	1	1/4		1/4	1		1	55		304
23	23	3/4	3/4	2/2	2	1	1/4		1/4	1		3	57		304
23	23	3/4	3/4	2/2	1	2	1/8		1/8	1		9	63		299
23	23	3/4	3/4	2/2	1	1	1/8		1/8	1		1	67		294
23	23	7/8	7/8	2/2	1	2	1/8		1/8	1		4	64		300
23	23	7/8	7/8	2/2	1	1	1/8		1/8	1		3	69		295
24	24	0	0	2/2	2	1	1/4		1/4	1		-4	32		312
24	24	0	0	2/2	2	1	1/4		1/4	1		-3	39		312
24	24	0	0	2/2	2	1	1/4		1/4	1		0	48		312
24	24	0	0	2/2	1	1	1/8		1/8	1		11	65		305
24	24	0	0	2/2	1	1	1/8		1/8	1		7	73		305
24	24	1/8	1/8	2/2	1	1	1/8		1/8	1		6	66		306
24	24	1/8	1/8	2/2	1	1	1/8		1/8	1		2	74		306
24	24	1/4	1/4	2/2	2	1	1/4		1/4	1		1	31		313
24	24	1/4	1/4	2/2	2	1	1/4		1/4	1		2	38		313
24	24	1/4	1/4	2/2	2	1	1/4		1/4	1		5	47		313
24	24	3/8	3/8	2/2	1	1	1/8		1/8	1	1	4	76		307
24	24	3/8	3/8	2/2	1	1	1/8		1/8	1	1	3	81		307
24	24	1/2	1/2	2/2	2	1	1/4		1/4	1		-1	53		314
24	24	1/2	1/2	2/2	2	1	1/4		1/4	1		5	59		314
24	24	1/2	1/2	2/2	2	1	1/4		1/4	1		4	64		314
24	24	1/2	1/2	2/2	1	1	1/8		1/8	1	-1	4	76		308
24	24	1/2	1/2	2/2	1	1	1/8		1/8	1	-1	3	81		308
24	24	5/8	5/8	2/2	1	1	1/8		1/8	1		9	75		309
24	24	5/8	5/8	2/2	1	1	1/8		1/8	1		8	80		309
24	24	3/4	3/4	2/2	1	2	1/4		1/4	1		-3	63		311
24	24	3/4	3/4	2/2	1	2	1/4		1/4	1		1	67		311
24	24	3/4	3/4	2/2	1	2	1/4		1/4	1		5	71		311
24	24	3/4	3/4	2/2	1	1	1/8		1/8	1		2	74		310
24	24	3/4	3/4	2/2	1	1	1/8		1/8	1		3	81		310
25	25	0	0	2/2	2	1	1/4		1/4	1		6	42		321
25	25	0	0	2/2	2	1	1/4		1/4	1		4	52		321
25	25	0	0	2/2	2	1	1/4		1/4	1		10	58		321
25	25	0	0	2/2	1	1	1/8		1/8	1		8	68		315
25	25	0	0	2/2	1	1	1/8		1/8	1		7	73		315
25	25	1/8	1/8	2/2	1	1	1/8		1/8	1		3	69		316
25	25	1/8	1/8	2/2	1	1	1/8		1/8	1		2	74		316
25	25	1/4	1/4	2/2	2	1	1/4		1/4	1		10	58		322
25	25	1/4	1/4	2/2	2	1	1/4		1/4	1		4	64		322
25	25	1/4	1/4	2/2	2	1	1/4		1/4	1		6	66		322
25	25	3/8	3/8	2/2	1	1	1/8		1/8	1	1	4	76		317
25	25	3/8	3/8	2/2	1	1	1/8		1/8	1	1	3	81		317
25	25	1/2	1/2	2/2	2	1	1/4		1/4	1		-1	41		323
25	25	1/2	1/2	2/2	2	1	1/4		1/4	1		-3	51		323
25	25	1/2	1/2	2/2	2	1	1/4		1/4	1		3	57		323
25	25	1/2	1/2	2/2	1	1	1/8		1/8	1	-1	4	76		318
25	25	1/2	1/2	2/2	1	1	1/8		1/8	1	-1	3	81		318
25	25	5/8	5/8	2/2	1	1	1/8		1/8	1		9	75		319
25	25	5/8	5/8	2/2	1	1	1/8		1/8	1		8	80		319
25	25	3/4	3/4	2/2	2	1	1/4		1/4	1		3	57		324
25	25	3/4	3/4	2/2	2	1	1/4		1/4	1		-3	63		324
25	25	3/4	3/4	2/2	2	1	1/4		1/4	1		1	67		324
25	25	3/4	3/4	2/2	1	1	1/8		1/8	1		2	74		320
25	25	3/4	3/4	2/2	1	1	1/8		1/8	1		3	81		320
26	26	0	0	2/2	2	1	1/8		1/8	1		-2	58		333
26	26	0	0	2/2	2	1	1/8		1/8	1		2	62		333
26	26	0	0	2/2	1	1	1/8		1/8	1		-4	68		325
26	26	0	0	2/2	1	1	1/8		1/8	1		2	74		325
26	26	1/8	1/8	2/2	2	1	1/4		1/4	1		1	43		334
26	26	1/8	1/8	2/2	2	1	1/4		1/4	1		-1	53		334
26	26	1/8	1/8	2/2	1	1	1/8		1/8	1		5	59		326
26	26	1/8	1/8	2/2	1	1	1/8		1/8	1		1	67		326
26	26	1/4	1/4	2/2	1	1	1/8		1/8	1		4	64		327
26	26	3/8	3/8	2/2	2	1	1/4		1/4	1		-4	44		335
26	26	3/8	3/8	2/2	2	1	1/4		1/4	1		-6	54		335
26	26	3/8	3/8	2/2	1	1	1/8		1/8	1		-3	63		328
26	26	1/2	1/2	2/2	1	1	1/8		1/8	1		0	60		329
26	26	5/8	5/8	2/2	2	1	3/8		1/4	3/2		-1	41		336
26	26	5/8	5/8	2/2	2	1	3/8		1/4	3/2		-3	51		336
26	26	5/8	5/8	2/2	1	1	1/8		1/8	1		5	59		330
26	26	3/4	3/4	2/2	1	1	1/8		1/8	1		-2	58		331
26	26	7/8	7/8	2/2	1	1	1/8		1/8	1		3	57		332
27	27	0	0	2/2	2	1	1/4		1/4	1		4	40		344
27	27	0	0	2/2	2	1	1/4		1/4	1		5	47		344
27	27	0	0	2/2	2	1	1/4		1/4	1		8	56		344
27	27	0	0	2/2	1	1	1/8		1/8	1		9	75		337
27	27	0	0	2/2	1	1	1/8		1/8	1		8	80		337
27	27	0	0	2/2	1	1	1/8		1/8	1		7	85		337
27	27	1/8	1/8	2/2	1	1	1/8		1/8	1		2	74		338
27	27	1/8	1/8	2/2	1	1	1/8		1/8	1		1	79		338
27	27	1/4	1/4	2/2	2	1	1/4		1/4	1		1	55		345
27	27	1/4	1/4	2/2	2	1	1/4		1/4	1		5	59		345
27	27	1/4	1/4	2/2	2	1	1/4		1/4	1		7	61		345
27	27	1/4	1/4	2/2	2	1	1/4		1/4	1		4	64		345
27	27	1/4	1/4	2/2	1	1	1/8		1/8	1		7	73		339
27	27	1/4	1/4	2/2	1	1	1/8		1/8	1		6	78		339
27	27	1/4	1/4	2/2	1	1	1/8		1/8	1		5	83		339
27	27	3/8	3/8	2/2	1	1	1/8		1/8	1	1	-2	70		340
27	27	3/8	3/8	2/2	1	1	1/8		1/8	1	1	-3	75		340
27	27	3/8	3/8	2/2	1	1	1/8		1/8	1	1	-4	80		340
27	27	1/2	1/2	2/2	2	1	1/4		1/4	1		-3	39		346
27	27	1/2	1/2	2/2	2	1	1/4		1/4	1		-4	44		346
27	27	1/2	1/2	2/2	2	1	1/4		1/4	1		0	48		346
27	27	1/2	1/2	2/2	2	1	1/4		1/4	1		-6	54		346
27	27	1/2	1/2	2/2	1	1	1/8		1/8	1	-1	-2	70		341
27	27	1/2	1/2	2/2	1	1	1/8		1/8	1	-1	-3	75		341
27	27	1/2	1/2	2/2	1	1	1/8		1/8	1	-1	-4	80		341
27	27	5/8	5/8	2/2	1	1	1/8		1/8	1		3	69		342
27	27	5/8	5/8	2/2	1	1	1/8		1/8	1		2	74		342
27	27	5/8	5/8	2/2	1	1	1/8		1/8	1		-6	78		342
27	27	3/4	3/4	2/2	2	1	1/4		1/4	1		3	57		347
27	27	3/4	3/4	2/2	2	1	1/4		1/4	1		7	61		347
27	27	3/4	3/4	2/2	2	1	1/4		1/4	1		-6	66		347
27	27	3/4	3/4	2/2	1	1	1/4		1/4	1		-4	68		343
27	27	3/4	3/4	2/2	1	1	1/4		1/4	1		-3	75		343
27	27	3/4	3/4	2/2	1	1	1/4		1/4	1		-4	80		343
28	28	0	0	2/2	2	1	1/4		1/4	1		-5	37		353
28	28	0	0	2/2	2	1	1/4		1/4	1		-4	44		353
28	28	0	0	2/2	2	1	1/4		1/4	1		-1	53		353
28	28	0	0	2/2	1	1	1/8		1/8	1		-1	65		348
28	28	0	0	2/2	1	1	1/8		1/8	1		-2	70		348
28	28	0	0	2/2	1	1	1/8		1/8	1		-3	75		348
28	28	1/4	1/4	2/2	2	1	1/4		1/4	1		-4	56		354
28	28	1/4	1/4	2/2	2	1	1/4		1/4	1		-7	59		354
28	28	1/4	1/4	2/2	2	1	1/4		1/4	1		-3	63		354
28	28	1/4	1/4	2/2	2	1	1/4		1/4	1		-1	65		354
28	28	3/8	3/8	2/2	1	1	1/8		1/8	1	1	-2	70		349
28	28	3/8	3/8	2/2	1	1	1/8		1/8	1	1	-3	75		349
28	28	3/8	3/8	2/2	1	1	1/8		1/8	1	1	-4	80		349
28	28	1/2	1/2	2/2	2	1	1/4		1/4	1		0	36		355
28	28	1/2	1/2	2/2	2	1	1/4		1/4	1		1	43		355
28	28	1/2	1/2	2/2	2	1	1/4		1/4	1		4	52		355
28	28	1/2	1/2	2/2	1	1	1/8		1/8	1	-1	-2	70		350
28	28	1/2	1/2	2/2	1	1	1/8		1/8	1	-1	-3	75		350
28	28	1/2	1/2	2/2	1	1	1/8		1/8	1	-1	-4	80		350
28	28	5/8	5/8	2/2	1	1	1/8		1/8	1		1	67		351
28	28	5/8	5/8	2/2	1	1	1/8		1/8	1		7	73		351
28	28	5/8	5/8	2/2	1	1	1/8		1/8	1		6	78		351
28	28	3/4	3/4	2/2	2	1	1/4		1/4	1		-2	58		356
28	28	3/4	3/4	2/2	2	1	1/4		1/4	1		0	60		356
28	28	3/4	3/4	2/2	2	1	1/4		1/4	1		4	64		356
28	28	3/4	3/4	2/2	1	1	1/8		1/8	1		6	66		352
28	28	3/4	3/4	2/2	1	1	1/8		1/8	1		2	74		352
28	28	3/4	3/4	2/2	1	1	1/8		1/8	1		-4	80		352
29	29	0	0	2/2	2	1	1/4		1/4	1		5	35		363
29	29	0	0	2/2	2	1	1/4		1/4	1		6	42		363
29	29	0	0	2/2	2	1	1/4		1/4	1		9	51		363
29	29	0	0	2/2	1	1	1/8		1/8	1		9	63		357
29	29	0	0	2/2	1	1	1/8		1/8	1		3	69		357
29	29	0	0	2/2	1	1	1/8		1/8	1		9	75		357
29	29	1/4	1/4	2/2	2	1	1/4		1/4	1		3	57		364
29	29	1/4	1/4	2/2	2	1	1/4		1/4	1		5	59		364
29	29	1/4	1/4	2/2	2	1	1/4		1/4	1		9	63		364
29	29	3/8	3/8	2/2	1	1	1/8		1/8	1	1	8	68		358
29	29	3/8	3/8	2/2	1	1	1/8		1/8	1	1	9	75		358
29	29	3/8	3/8	2/2	1	1	1/8		1/8	1	1	8	80		358
29	29	1/2	1/2	2/2	2	1	1/4		1/4	1		-2	34		365
29	29	1/2	1/2	2/2	2	1	1/4		1/4	1		-1	41		365
29	29	1/2	1/2	2/2	2	1	1/4		1/4	1		2	50		365
29	29	1/2	1/2	2/2	1	1	1/8		1/8	1	-1	8	68		359
29	29	1/2	1/2	2/2	1	1	1/8		1/8	1	-1	9	75		359
29	29	1/2	1/2	2/2	1	1	1/8		1/8	1	-1	8	80		359
29	29	5/8	5/8	2/2	1	1	1/8		1/8	1		1	67		360
29	29	5/8	5/8	2/2	1	1	1/8		1/8	1		2	74		360
29	29	5/8	5/8	2/2	1	1	1/8		1/8	1		6	78		360
29	29	3/4	3/4	2/2	2	1	1/4		1/4	1		-4	56		366
29	29	3/4	3/4	2/2	2	1	1/4		1/4	1		-2	58		366
29	29	3/4	3/4	2/2	2	1	1/4		1/4	1		2	62		366
29	29	3/4	3/4	2/2	1	1	1/8		1/8	1		6	66		361
29	29	3/4	3/4	2/2	1	1	1/8		1/8	1		7	73		361
29	29	3/4	3/4	2/2	1	1	1/8		1/8	1		8	80		361
29	29	7/8	7/8	2/2	1	1	1/8		1/8	1	1	1	67		362
29	29	7/8	7/8	2/2	1	1	1/8		1/8	1	1	2	74		362
30	30	0	0	2/2	2	1	1/4		1/4	1		-3	39		376
30	30	0	0	2/2	2	1	1/4		1/4	1		-2	46		376
30	30	0	0	2/2	2	1	1/4		1/4	1		1	55		376
30	30	0	0	2/2	1	1	1/8		1/8	1	-1	1	67		367
30	30	0	0	2/2	1	1	1/8		1/8	1	-1	2	74		367
30	30	0	0	2/2	1	2	1		1	1		2	74		375
30	30	1/8	1/8	2/2	1	1	1/8		1/8	1		6	66		368
30	30	1/8	1/8	2/2	1	1	1/8		1/8	1		7	73		368
30	30	1/4	1/4	2/2	2	1	1/4		1/4	1		1	55		377
30	30	1/4	1/4	2/2	2	1	1/4		1/4	1		-2	58		377
30	30	1/4	1/4	2/2	2	1	1/4		1/4	1		0	60		377
30	30	1/4	1/4	2/2	1	1	1/8		1/8	1		-1	65		369
30	30	1/4	1/4	2/2	1	1	1/8		1/8	1		0	72		369
30	30	3/8	3/8	2/2	1	1	1/8		1/8	1		2	74		370
30	30	3/8	3/8	2/2	1	1	1/8		1/8	1		3	81		370
30	30	1/2	1/2	2/2	2	1	1/4		1/4	1		-6	42		378
30	30	1/2	1/2	2/2	2	1	1/4		1/4	1		-8	52		378
30	30	1/2	1/2	2/2	2	1	1/4		1/4	1		-2	58		378
30	30	1/2	1/2	2/2	1	1	1/8		1/8	1		-5	73		371
30	30	1/2	1/2	2/2	1	1	1/8		1/8	1		-4	80		371
30	30	5/8	5/8	2/2	1	1	1/8		1/8	1		0	72		372
30	30	5/8	5/8	2/2	1	1	1/8		1/8	1		1	79		372
30	30	3/4	3/4	2/2	2	1	1/4		1/4	1		-2	58		379
30	30	3/4	3/4	2/2	2	1	1/4		1/4	1		-8	64		379
30	30	3/4	3/4	2/2	2	1	1/4		1/4	1		-2	70		379
30	30	3/4	3/4	2/2	1	1	1/8		1/8	1		3	81		373
30	30	3/4	3/4	2/2	1	1	1/8		1/8	1		2	86		373
30	30	7/8	7/8	2/2	1	1	1/8		1/8	1		-4	80		374
30	30	7/8	7/8	2/2	1	1	1/8		1/8	1		-5	85		374
31	31	0	0	2/2	2	1	1/8		1/8	1		3	57		389
31	31	0	0	2/2	2	1	1/8		1/8	1		9	63		389
31	31	0	0	2/2	2	1	1/8		1/8	1		3	69		389
31	31	0	0	2/2	1	1	1/16		1/16	1		2	74		380
31	31	0	0	2/2	1	1	1/16		1/16	1		1	79		380
31	31	0	0	2/2	1	1	1/16		1/16	1		0	84		380
31	31	1/16	1/16	2/2	1	1	1/8		1/8	1		2	74		381
31	31	1/16	1/16	2/2	1	1	1/8		1/8	1		1	79		381
31	31	1/16	1/16	2/2	1	1	1/8		1/8	1		0	84		381
31	31	1/8	1/8	2/2	2	1	1/8		1/8	1		5	47		390
31	31	3/16	3/16	2/2	1	1	1/16		1/16	1		-5	73		382
31	31	3/16	3/16	2/2	1	1	1/16		1/16	1		-6	78		382
31	31	1/4	1/4	2/2	2	1	1/8		1/8	1		-4	44		391
31	31	1/4	1/4	2/2	2	1	1/8		1/8	1		-6	54		391
31	31	1/4	1/4	2/2	2	1	1/8		1/8	1		0	60		391
31	31	1/4	1/4	2/2	1	1	1/16		1/16	1		-2	70		383
31	31	1/4	1/4	2/2	1	1	1/16		1/16	1		-1	77		383
31	31	3/8	3/8	2/2	2	1	1/8		1/8	1		2	38		392
31	31	3/8	3/8	2/2	2	1	1/8		1/8	1		3	45		392
31	31	3/8	3/8	2/2	2	1	1/8		1/8	1		6	54		392
31	31	3/8	3/8	2/2	1	1	1/16		1/16	1		3	69		384
31	31	3/8	3/8	2/2	1	1	1/16		1/16	1		4	76		384
31	31	3/8	3/8	2/2	1	1	1/16		1/16	1		3	81		384
31	31	7/16	7/16	2/2	1	1	1/8		1/8	1		3	69		385
31	31	7/16	7/16	2/2	1	1	1/8		1/8	1		4	76		385
31	31	7/16	7/16	2/2	1	1	1/8		1/8	1		3	81		385
31	31	1/2	1/2	2/2	2	1	1/8		1/8	1		6	54		393
31	31	1/2	1/2	2/2	2	1	1/8		1/8	1		0	60		393
31	31	9/16	9/16	2/2	1	1	3/16		1/8	3/2		-4	68		386
31	31	9/16	9/16	2/2	1	1	3/16		1/8	3/2		-3	75		386
31	31	9/16	9/16	2/2	1	1	3/16		1/8	3/2		-4	80		386
31	31	5/8	5/8	2/2	2	1	1/8		1/8	1		6	66		394
31	31	5/8	5/8	2/2	2	1	1/8		1/8	1		0	72		394
31	31	3/4	3/4	2/2	2	1	1/8		1/8	1		1	55		395
31	31	3/4	3/4	2/2	2	1	1/8		1/8	1		5	59		395
31	31	3/4	3/4	2/2	2	1	1/8		1/8	1		-1	65		395
31	31	3/4	3/4	2/2	1	1	1/16		1/16	1		3	69		387
31	31	3/4	3/4	2/2	1	1	1/16		1/16	1		4	76		387
31	31	3/4	3/4	2/2	1	1	1/16		1/16	1		1	79		387
31	31	13/16	13/16	2/2	1	1	3/16		1/8	3/2		3	69		388
31	31	13/16	13/16	2/2	1	1	3/16		1/8	3/2		4	76		388
31	31	13/16	13/16	2/2	1	1	3/16		1/8	3/2		1	79		388
31	31	7/8	7/8	2/2	2	1	1/8		1/8	1		1	43		396
32	32	0	0	2/2	2	1	1/8		1/8	1		3	57		406
32	32	0	0	2/2	2	1	1/8		1/8	1		9	63		406
32	32	0	0	2/2	2	1	1/8		1/8	1		3	69		406
32	32	0	0	2/2	1	1	1/16		1/16	1		2	74		397
32	32	0	0	2/2	1	1	1/16		1/16	1		1	79		397
32	32	0	0	2/2	1	1	1/16		1/16	1		0	84		397
32	32	1/16	1/16	2/2	1	1	1/8		1/8	1		2	74		398
32	32	1/16	1/16	2/2	1	1	1/8		1/8	1		1	79		398
32	32	1/16	1/16	2/2	1	1	1/8		1/8	1		0	84		398
32	32	1/8	1/8	2/2	2	1	1/8		1/8	1		5	47		407
32	32	3/16	3/16	2/2	1	1	1/16		1/16	1		-5	73		399
32	32	3/16	3/16	2/2	1	1	1/16		1/16	1		-6	78		399
32	32	1/4	1/4	2/2	2	1	1/8		1/8	1		-4	44		408
32	32	1/4	1/4	2/2	2	1	1/8		1/8	1		-6	54		408
32	32	1/4	1/4	2/2	2	1	1/8		1/8	1		0	60		408
32	32	1/4	1/4	2/2	1	1	1/16		1/16	1		-2	70		400
32	32	1/4	1/4	2/2	1	1	1/16		1/16	1		-1	77		400
32	32	3/8	3/8	2/2	2	1	1/8		1/8	1		2	38		409
32	32	3/8	3/8	2/2	2	1	1/8		1/8	1		3	45		409
32	32	3/8	3/8	2/2	2	1	1/8		1/8	1		6	54		409
32	32	3/8	3/8	2/2	1	1	1/16		1/16	1		3	69		401
32	32	3/8	3/8	2/2	1	1	1/16		1/16	1		4	76		401
32	32	3/8	3/8	2/2	1	1	1/16		1/16	1		3	81		401
32	32	7/16	7/16	2/2	1	1	1/8		1/8	1		3	69		402
32	32	7/16	7/16	2/2	1	1	1/8		1/8	1		4	76		402
32	32	7/16	7/16	2/2	1	1	1/8		1/8	1		3	81		402
32	32	1/2	1/2	2/2	2	1	1/8		1/8	1		6	54		410
32	32	1/2	1/2	2/2	2	1	1/8		1/8	1		0	60		410
32	32	9/16	9/16	2/2	1	1	3/16		1/8	3/2		5	71		403
32	32	9/16	9/16	2/2	1	1	3/16		1/8	3/2		4	76		403
32	32	9/16	9/16	2/2	1	1	3/16		1/8	3/2		5	83		403
32	32	5/8	5/8	2/2	2	1	1/8		1/8	1		6	66		411
32	32	5/8	5/8	2/2	2	1	1/8		1/8	1		0	72		411
32	32	3/4	3/4	2/2	2	1	1/8		1/8	1		5	59		412
32	32	3/4	3/4	2/2	2	1	1/8		1/8	1		-1	65		412
32	32	3/4	3/4	2/2	2	1	1/8		1/8	1		3	69		412
32	32	3/4	3/4	2/2	1	1	1/16		1/16	1		9	75		404
32	32	3/4	3/4	2/2	1	1	1/16		1/16	1		8	80		404
32	32	3/4	3/4	2/2	1	1	1/16		1/16	1		9	87		404
32	32	13/16	13/16	2/2	1	1	3/16		1/8	3/2		-3	75		405
32	32	13/16	13/16	2/2	1	1	3/16		1/8	3/2		-4	80		405
32	32	13/16	13/16	2/2	1	1	3/16		1/8	3/2		4	88		405
32	32	7/8	7/8	2/2	2	1	1/8		1/8	1		1	43		413
32	32	7/8	7/8	2/2	2	1	1/8		1/8	1		2	50		413
33	33	0	0	2/2	2	1	1/8		1/8	1		3	45		425
33	33	0	0	2/2	2	1	1/8		1/8	1		4	52		425
33	33	0	0	2/2	1	1	1/16		1/16	1		5	71		414
33	33	0	0	2/2	1	1	1/16		1/16	1		4	76		414
33	33	0	0	2/2	1	1	1/16		1/16	1		5	83		414
33	33	1/16	1/16	2/2	1	1	1/8		1/8	1		0	72		415
33	33	1/16	1/16	2/2	1	1	1/8		1/8	1		-1	77		415
33	33	1/16	1/16	2/2	1	1	1/8		1/8	1		0	84		415
33	33	1/8	1/8	2/2	2	1	1/8		1/8	1		0	60		426
33	33	1/8	1/8	2/2	2	1	1/8		1/8	1		6	66		426
33	33	1/8	1/8	2/2	2	1	1/8		1/8	1		10	70		426
33	33	3/16	3/16	2/2	1	1	1/16		1/16	1		9	75		416
33	33	3/16	3/16	2/2	1	1	1/16		1/16	1		8	80		416
33	33	3/16	3/16	2/2	1	1	1/16		1/16	1		9	87		416
33	33	1/4	1/4	2/2	2	1	1/8		1/8	1		7	61		427
33	33	1/4	1/4	2/2	2	1	1/8		1/8	1		1	67		427
33	33	1/4	1/4	2/2	2	1	1/8		1/8	1		5	71		427
33	33	1/4	1/4	2/2	1	1	1/16		1/16	1		4	76		417
33	33	1/4	1/4	2/2	1	1	1/16		1/16	1		3	81		417
33	33	1/4	1/4	2/2	1	1	1/16		1/16	1		4	88		417
33	33	3/8	3/8	2/2	2	1	1/8		1/8	1		2	62		428
33	33	3/8	3/8	2/2	2	1	1/8		1/8	1		-4	68		428
33	33	3/8	3/8	2/2	1	1	1/16		1/16	1		5	71		418
33	33	3/8	3/8	2/2	1	1	1/16		1/16	1		4	76		418
33	33	3/8	3/8	2/2	1	1	1/16		1/16	1		5	83		418
33	33	7/16	7/16	2/2	1	1	1/8		1/8	1		0	72		419
33	33	7/16	7/16	2/2	1	1	1/8		1/8	1		-1	77		419
33	33	7/16	7/16	2/2	1	1	1/8		1/8	1		0	84		419
33	33	1/2	1/2	2/2	2	1	1/8		1/8	1		-2	46		429
33	33	1/2	1/2	2/2	2	1	1/8		1/8	1		-4	56		429
33	33	9/16	9/16	2/2	1	1	1/16		1/16	1		9	75		420
33	33	9/16	9/16	2/2	1	1	1/16		1/16	1		8	80		420
33	33	9/16	9/16	2/2	1	1	1/16		1/16	1		9	87		420
33	33	5/8	5/8	2/2	2	1	1/8		1/8	1		5	47		430
33	33	5/8	5/8	2/2	2	1	1/8		1/8	1		3	57		430
33	33	5/8	5/8	2/2	1	1	1/16		1/16	1		4	76		421
33	33	5/8	5/8	2/2	1	1	1/16		1/16	1		3	81		421
33	33	5/8	5/8	2/2	1	1	1/16		1/16	1		4	88		421
33	33	3/4	3/4	2/2	2	1	1/8		1/8	1		0	48		431
33	33	3/4	3/4	2/2	2	1	1/8		1/8	1		-2	58		431
33	33	3/4	3/4	2/2	1	1	1/16		1/16	1		5	71		422
33	33	3/4	3/4	2/2	1	1	1/16		1/16	1		4	76		422
33	33	3/4	3/4	2/2	1	1	1/16		1/16	1		5	83		422
33	33	13/16	13/16	2/2	1	1	1/16		1/16	1		0	72		423
33	33	13/16	13/16	2/2	1	1	1/16		1/16	1		1	79		423
33	33	13/16	13/16	2/2	1	1	1/16		1/16	1		0	84		423
33	33	7/8	7/8	2/2	2	1	1/8		1/8	1		0	60		432
33	33	7/8	7/8	2/2	2	1	1/8		1/8	1		4	64		432
33	33	7/8	7/8	2/2	2	1	1/8		1/8	1		-5	73		432
33	33	15/16	15/16	2/2	1	1	1/16		1/16	1		9	75		424
33	33	15/16	15/16	2/2	1	1	1/16		1/16	1		8	80		424
33	33	15/16	15/16	2/2	1	1	1/16		1/16	1		9	87		424
34	34	0	0	2/2	2	1	1/8		1/8	1		7	61		434
34	34	0	0	2/2	2	1	1/8		1/8	1		11	65		434
34	34	0	0	2/2	2	1	1/8		1/8	1		5	71		434
34	34	0	0	2/2	1	1	1/16		1/16	1		4	76		433
34	34	0	0	2/2	1	1	1/16		1/16	1		3	81		433
34	34	0	0	2/2	1	1	1/16		1/16	1		4	88		433
34	34	1/8	1/8	2/2	2	1	1/16		1/16	1		4	64		435
34	34	3/16	3/16	2/2	2	1	1/16		1/16	1		-1	65		436
34	34	1/4	1/4	2/2	2	1	1/16		1/16	1		5	71		437
34	34	1/4	1/4	2/2	2	1	1/16		1/16	1		4	76		437
34	34	5/16	5/16	2/2	2	1	1/16		1/16	1		10	70		438
34	34	3/8	3/8	2/2	2	1	1/16		1/16	1		5	71		439
34	34	7/16	7/16	2/2	2	1	1/16		1/16	1		4	76		440
34	34	7/16	7/16	2/2	2	1	1/16		1/16	1		3	81		440
34	34	1/2	1/2	2/2	2	1	1/16		1/16	1		9	75		441
34	34	9/16	9/16	2/2	2	1	1/16		1/16	1		4	76		442
34	34	5/8	5/8	2/2	2	1	1/16		1/16	1		3	81		443
34	34	5/8	5/8	2/2	2	1	1/16		1/16	1		2	86		443
34	34	11/16	11/16	2/2	2	1	1/16		1/16	1		8	80		444
34	34	3/4	3/4	2/2	2	1	1/16		1/16	1		3	81		445
34	34	3/4	3/4	2/2	2	1	1/16		1/16	1		2	86		445
34	34	3/4	3/4	2/2	2	1	1/16		1/16	1		1	91		445
35	35	0	0	2/2	2	1	1/4		1/4	1		5	47		453
35	35	0	0	2/2	2	1	1/4		1/4	1		8	56		453
35	35	0	0	2/2	1	1	1/8		1/8	1		9	75		446
35	35	0	0	2/2	1	1	1/8		1/8	1		8	80		446
35	35	0	0	2/2	1	1	1/8		1/8	1		7	85		446
35	35	1/8	1/8	2/2	1	1	1/8		1/8	1		2	74		447
35	35	1/8	1/8	2/2	1	1	1/8		1/8	1		1	79		447
35	35	1/4	1/4	2/2	2	1	1/4		1/4	1		1	55		454
35	35	1/4	1/4	2/2	2	1	1/4		1/4	1		5	59		454
35	35	1/4	1/4	2/2	2	1	1/4		1/4	1		7	61		454
35	35	1/4	1/4	2/2	2	1	1/4		1/4	1		4	64		454
35	35	1/4	1/4	2/2	1	1	1/8		1/8	1		7	73		448
35	35	1/4	1/4	2/2	1	1	1/8		1/8	1		6	78		448
35	35	1/4	1/4	2/2	1	1	1/8		1/8	1		5	83		448
35	35	3/8	3/8	2/2	1	1	1/8		1/8	1	1	-2	70		449
35	35	3/8	3/8	2/2	1	1	1/8		1/8	1	1	-3	75		449
35	35	3/8	3/8	2/2	1	1	1/8		1/8	1	1	-4	80		449
35	35	1/2	1/2	2/2	2	1	1/4		1/4	1		-3	39		455
35	35	1/2	1/2	2/2	2	1	1/4		1/4	1		-4	44		455
35	35	1/2	1/2	2/2	2	1	1/4		1/4	1		0	48		455
35	35	1/2	1/2	2/2	2	1	1/4		1/4	1		-6	54		455
35	35	1/2	1/2	2/2	1	1	1/8		1/8	1	-1	-2	70		450
35	35	1/2	1/2	2/2	1	1	1/8		1/8	1	-1	-3	75		450
35	35	1/2	1/2	2/2	1	1	1/8		1/8	1	-1	-4	80		450
35	35	5/8	5/8	2/2	1	1	1/8		1/8	1		3	69		451
35	35	5/8	5/8	2/2	1	1	1/8		1/8	1		2	74		451
35	35	5/8	5/8	2/2	1	1	1/8		1/8	1		-6	78		451
35	35	3/4	3/4	2/2	2	1	1/4		1/4	1		-4	56		456
35	35	3/4	3/4	2/2	2	1	1/4		1/4	1		0	60		456
35	35	3/4	3/4	2/2	2	1	1/4		1/4	1		-6	66		456
35	35	3/4	3/4	2/2	1	1	1/8		1/8	1		-4	68		452
35	35	3/4	3/4	2/2	1	1	1/8		1/8	1		-3	75		452
35	35	3/4	3/4	2/2	1	1	1/8		1/8	1		-4	80		452
36	36	0	0	2/2	2	1	1/4		1/4	1		-5	37		464
36	36	0	0	2/2	2	1	1/4		1/4	1		-4	44		464
36	36	0	0	2/2	2	1	1/4		1/4	1		-1	53		464
36	36	0	0	2/2	1	1	1/8		1/8	1		9	75		457
36	36	0	0	2/2	1	1	1/8		1/8	1		8	80		457
36	36	0	0	2/2	1	1	1/8		1/8	1		7	85		457
36	36	1/8	1/8	2/2	1	1	1/8		1/8	1		2	74		458
36	36	1/8	1/8	2/2	1	1	1/8		1/8	1		1	79		458
36	36	1/4	1/4	2/2	2	1	1/4		1/4	1		-4	56		465
36	36	1/4	1/4	2/2	2	1	1/4		1/4	1		-7	59		465
36	36	1/4	1/4	2/2	2	1	1/4		1/4	1		-3	63		465
36	36	1/4	1/4	2/2	2	1	1/4		1/4	1		-1	65		465
36	36	1/4	1/4	2/2	1	1	1/8		1/8	1		7	73		459
36	36	1/4	1/4	2/2	1	1	1/8		1/8	1		6	78		459
36	36	1/4	1/4	2/2	1	1	1/8		1/8	1		5	83		459
36	36	3/8	3/8	2/2	1	1	1/8		1/8	1	1	-2	70		460
36	36	3/8	3/8	2/2	1	1	1/8		1/8	1	1	-3	75		460
36	36	3/8	3/8	2/2	1	1	1/8		1/8	1	1	-4	80		460
36	36	1/2	1/2	2/2	2	1	1/4		1/4	1		0	36		466
36	36	1/2	1/2	2/2	2	1	1/4		1/4	1		1	43		466
36	36	1/2	1/2	2/2	2	1	1/4		1/4	1		4	52		466
36	36	1/2	1/2	2/2	1	1	1/8		1/8	1	-1	-2	70		461
36	36	1/2	1/2	2/2	1	1	1/8		1/8	1	-1	-3	75		461
36	36	1/2	1/2	2/2	1	1	1/8		1/8	1	-1	-4	80		461
36	36	5/8	5/8	2/2	1	1	1/8		1/8	1		1	67		462
36	36	5/8	5/8	2/2	1	1	1/8		1/8	1		7	73		462
36	36	5/8	5/8	2/2	1	1	1/8		1/8	1		6	78		462
36	36	3/4	3/4	2/2	2	1	1/4		1/4	1		1	55		467
36	36	3/4	3/4	2/2	2	1	1/4		1/4	1		-2	58		467
36	36	3/4	3/4	2/2	2	1	1/4		1/4	1		0	60		467
36	36	3/4	3/4	2/2	2	1	1/4		1/4	1		4	64		467
36	36	3/4	3/4	2/2	1	1	1/8		1/8	1		6	66		463
36	36	3/4	3/4	2/2	1	1	1/8		1/8	1		2	74		463
36	36	3/4	3/4	2/2	1	1	1/8		1/8	1		-4	80		463
37	37	0	0	2/2	2	1	1/4		1/4	1		5	35		478
37	37	0	0	2/2	2	1	1/4		1/4	1		6	42		478
37	37	0	0	2/2	2	1	1/4		1/4	1		9	51		478
37	37	0	0	2/2	1	1	1/8		1/8	1		9	75		468
37	37	0	0	2/2	1	1	1/8		1/8	1		8	80		468
37	37	0	0	2/2	1	1	1/8		1/8	1		7	85		468
37	37	1/8	1/8	2/2	1	1	1/8		1/8	1		2	74		469
37	37	1/8	1/8	2/2	1	1	1/8		1/8	1		1	79		469
37	37	1/4	1/4	2/2	2	1	1/4		1/4	1		3	57		479
37	37	1/4	1/4	2/2	2	1	1/4		1/4	1		5	59		479
37	37	1/4	1/4	2/2	2	1	1/4		1/4	1		9	63		479
37	37	1/4	1/4	2/2	1	1	1/8		1/8	1		7	73		470
37	37	1/4	1/4	2/2	1	1	1/8		1/8	1		6	78		470
37	37	1/4	1/4	2/2	1	1	1/8		1/8	1		5	83		470
37	37	3/8	3/8	2/2	1	1	1/8		1/8	1	1	-2	70		471
37	37	3/8	3/8	2/2	1	1	1/8		1/8	1		-3	75		471
37	37	3/8	3/8	2/2	1	1	1/8		1/8	1	1	-4	80		471
37	37	1/2	1/2	2/2	2	1	1/4		1/4	1		-2	34		480
37	37	1/2	1/2	2/2	2	1	1/4		1/4	1		-1	41		480
37	37	1/2	1/2	2/2	2	1	1/4		1/4	1		2	50		480
37	37	1/2	1/2	2/2	1	1	1/4		1/4	1	-1	-2	70		472
37	37	1/2	1/2	2/2	1	2	1/8		1/8	1		-3	75		474
37	37	1/2	1/2	2/2	1	1	1/4		1/4	1	-1	-4	80		472
37	37	5/8	5/8	2/2	1	2	1/8		1/8	1		2	74		475
37	37	3/4	3/4	2/2	2	1	1/4		1/4	1		-4	56		481
37	37	3/4	3/4	2/2	2	1	1/4		1/4	1		-2	58		481
37	37	3/4	3/4	2/2	2	1	1/4		1/4	1		2	62		481
37	37	3/4	3/4	2/2	1	1	1/4		1/4	1		8	68		473
37	37	3/4	3/4	2/2	1	2	1/8		1/8	1		7	73		476
37	37	3/4	3/4	2/2	1	1	1/4		1/4	1		8	80		473
37	37	7/8	7/8	2/2	1	2	1/8		1/8	1		12	72		477
38	38	0	0	2/2	2	1	1/4		1/4	1		3	45	1	489
38	38	0	0	2/2	2	1	1/4		1/4	1		4	52	1	489
38	38	0	0	2/2	1	1	1/2		1/2	1	1	2	62	1	482
38	38	0	0	2/2	1	1	1/2		1/2	1	1	1	67	1	482
38	38	0	0	2/2	1	2	1/8		1/8	1		5	71	1	486
38	38	0	0	2/2	1	1	1/2		1/2	1	1	4	76	1	482
38	38	1/4	1/4	2/2	2	1	1/4		1/4	1		3	33	1	490
38	38	3/8	3/8	2/2	1	2	3/8		1/4	3/2		-2	70	1	487
38	38	1/2	1/2	2/2	2	1	1/4		1/4	1		8	44	1	491
38	38	1/2	1/2	2/2	2	1	1/4		1/4	1		9	51	1	491
38	38	1/2	1/2	2/2	1	1	1/8		1/8	1	-1	2	62	1	483
38	38	1/2	1/2	2/2	1	1	1/8		1/8	1	-1	1	67	1	483
38	38	1/2	1/2	2/2	1	1	1/8		1/8	1		-2	70	1	483
38	38	1/2	1/2	2/2	1	1	1/8		1/8	1	-1	4	76	1	483
38	38	5/8	5/8	2/2	1	3	3/8		1/4	3/2		12	60	1	488
38	38	5/8	5/8	2/2	1	3	3/8		1/4	3/2		6	66	1	488
38	38	5/8	5/8	2/2	1	1	1/4		1/4	1		3	69	1	484
38	38	3/4	3/4	2/2	2	1	1/4		1/4	1		8	32	1	492
38	38	7/8	7/8	2/2	1	1	1/8		1/8	1		8	68	1	485
39	76	0	0	2/2	2	3	1/2		1/2	1		3	45	2	503
39	76	0	0	2/2	2	3	1/2		1/2	1		4	52	2	503
39	76	0	0	2/2	1	2	1/2		1/2	1		2	62	2	494
39	76	0	0	2/2	1	2	1/2		1/2	1		1	67	2	494
39	76	0	0	2/2	1	2	1/2		1/2	1		5	71	2	494
39	76	0	0	2/2	1	2	1/2		1/2	1		4	76	2	494
39	76	1/4	1/4	2/2	1	1	3/4		1/2	3/2		3	93	2	493
39	76	7/16	7/16	2/2	1	3	1/16		1/16	1		4	64	2	495
39	76	7/16	7/16	2/2	1	3	1/16		1/16	1		3	69	2	495
39	76	1/2	1/2	2/2	2	2	1/4		1/4	1		1	55	2	502
39	76	1/2	1/2	2/2	2	1	3/16		1/8	3/2		7	61	2	499
39	76	1/2	1/2	2/2	1	3	3/16		1/8	3/2		-1	65	2	496
39	76	1/2	1/2	2/2	1	3	3/16		1/8	3/2		5	71	2	496
39	76	11/16	11/16	2/2	2	1	1/16		1/16	1		0	60	2	500
39	76	11/16	11/16	2/2	1	3	1/16		1/16	1		1	67	2	497
39	76	11/16	11/16	2/2	1	3	1/16		1/16	1		4	76	2	497
39	76	3/4	3/4	2/2	2	1	1/4		1/4	1	1	-1	53	2	501
39	76	3/4	3/4	2/2	2	1	1/4		1/4	1	1	5	59	2	501
39	76	3/4	3/4	2/2	1	3	1/4		1/4	1	1	8	68	2	498
39	76	3/4	3/4	2/2	1	3	1/4		1/4	1	1	7	73	2	498
40	77	0	0	2/2	2	2	1		1	1		1	31		507
40	77	0	0	2/2	2	1	1		1	1	-1	-1	53		506
40	77	0	0	2/2	2	1	1		1	1	-1	5	59		506
40	77	0	0	2/2	1	3	1		1	1	-1	8	68		505
40	77	0	0	2/2	1	3	1		1	1	-1	7	73		505
40	77	1/4	1/4	2/2	1	1	3/4		1/2	3/2		4	88		504
