mc	mn	mc_onset	mn_onset	timesig	staff	voice	duration	nominal_duration	scalar	tied	tpc	midi	volta	chord_id
1	1	0	0	2/2	2	1	1/4	1/4	1		4	40		5
1	1	0	0	2/2	2	1	1/4	1/4	1		5	47		5
1	1	0	0	2/2	2	1	1/4	1/4	1		1	55		5
1	1	0	0	2/2	1	1	1/2	1/2	1	1	7	73		0
1	1	0	0	2/2	1	1	1/2	1/2	1	1	6	78		0
1	1	1/4	1/4	2/2	2	1	1/4	1/4	1		8	56		6
1	1	1/4	1/4	2/2	2	1	1/4	1/4	1		2	62		6
1	1	1/4	1/4	2/2	2	1	1/4	1/4	1		4	64		6
1	1	1/2	1/2	2/2	2	1	1/4	1/4	1		3	45		7
1	1	1/2	1/2	2/2	2	1	1/4	1/4	1		4	52		7
1	1	1/2	1/2	2/2	2	1	1/4	1/4	1		1	55		7
1	1	1/2	1/2	2/2	1	1	3/16	1/8	3/2	-1	7	73		1
1	1	1/2	1/2	2/2	1	1	3/16	1/8	3/2	-1	6	78		1
1	1	11/16	11/16	2/2	1	1	1/16	1/16	1		0	72		2
1	1	11/16	11/16	2/2	1	1	1/16	1/16	1		4	76		2
1	1	3/4	3/4	2/2	2	1	1/4	1/4	1		3	57		8
1	1	3/4	3/4	2/2	2	1	1/4	1/4	1		7	61		8
1	1	3/4	3/4	2/2	2	1	1/4	1/4	1		1	67		8
1	1	3/4	3/4	2/2	1	1	3/16	1/8	3/2		5	71		3
1	1	3/4	3/4	2/2	1	1	3/16	1/8	3/2		7	73		3
1	1	15/16	15/16	2/2	1	1	1/16	1/16	1		0	72		4
1	1	15/16	15/16	2/2	1	1	1/16	1/16	1		4	76		4
2	2	0	0	2/2	2	1	1/4	1/4	1		4	40		15
2	2	0	0	2/2	2	1	1/4	1/4	1		5	47		15
2	2	0	0	2/2	2	1	1/4	1/4	1		1	55		15
2	2	0	0	2/2	1	1	3/8	1/4	3/2		7	73		9
2	2	0	0	2/2	1	1	3/8	1/4	3/2		6	78		9
2	2	1/4	1/4	2/2	2	1	1/4	1/4	1		8	56		16
2	2	1/4	1/4	2/2	2	1	1/4	1/4	1		2	62		16
2	2	1/4	1/4	2/2	2	1	1/4	1/4	1		4	64		16
2	2	3/8	3/8	2/2	1	1	1/8	1/8	1	1	7	73		10
2	2	3/8	3/8	2/2	1	1	1/8	1/8	1	1	6	78		10
2	2	1/2	1/2	2/2	2	1	1/4	1/4	1		3	45		17
2	2	1/2	1/2	2/2	2	1	1/4	1/4	1		4	52		17
2	2	1/2	1/2	2/2	2	1	1/4	1/4	1		1	55		17
2	2	1/2	1/2	2/2	1	1	1/8	1/8	1	-1	7	73		11
2	2	1/2	1/2	2/2	1	1	1/8	1/8	1	-1	6	78		11
2	2	5/8	5/8	2/2	1	1	1/8	1/8	1		0	72		12
2	2	5/8	5/8	2/2	1	1	1/8	1/8	1		4	76		12
2	2	3/4	3/4	2/2	2	1	1/4	1/4	1		3	57		18
2	2	3/4	3/4	2/2	2	1	1/4	1/4	1		7	61		18
2	2	3/4	3/4	2/2	2	1	1/4	1/4	1		1	67		18
2	2	3/4	3/4	2/2	1	1	1/8	1/8	1		5	71		13
2	2	3/4	3/4	2/2	1	1	1/8	1/8	1		7	73		13
2	2	7/8	7/8	2/2	1	1	1/8	1/8	1		0	72		14
2	2	7/8	7/8	2/2	1	1	1/8	1/8	1		4	76		14
3	3	0	0	2/2	2	1	1/4	1/4	1		4	40		30
3	3	0	0	2/2	2	1	1/4	1/4	1		5	47		30
3	3	0	0	2/2	2	1	1/4	1/4	1		1	55		30
3	3	0	0	2/2	1	1	1/12	1/8	2/3		7	73		19
3	3	0	0	2/2	1	1	1/12	1/8	2/3		6	78		19
3	3	1/12	1/12	2/2	1	1	1/12	1/8	2/3		7	73		20
3	3	1/12	1/12	2/2	1	1	1/12	1/8	2/3		6	78		20
3	3	1/6	1/6	2/2	1	1	1/12	1/8	2/3	1	7	73		21
3	3	1/6	1/6	2/2	1	1	1/12	1/8	2/3	1	6	78		21
3	3	1/4	1/4	2/2	2	1	1/4	1/4	1		8	56		31
3	3	1/4	1/4	2/2	2	1	1/4	1/4	1		2	62		31
3	3	1/4	1/4	2/2	2	1	1/4	1/4	1		4	64		31
3	3	1/4	1/4	2/2	1	1	1/8	1/8	1	-1	7	73		22
3	3	1/4	1/4	2/2	1	1	1/8	1/8	1	-1	6	78		22
3	3	3/8	3/8	2/2	1	1	1/4	1/4	1		0	72		23
3	3	3/8	3/8	2/2	1	1	1/4	1/4	1		4	76		23
3	3	1/2	1/2	2/2	2	1	1/4	1/4	1		3	45		32
3	3	1/2	1/2	2/2	2	1	1/4	1/4	1		4	52		32
3	3	1/2	1/2	2/2	2	1	1/4	1/4	1		1	55		32
3	3	5/8	5/8	2/2	1	1	1/8	1/8	1	1	5	71		24
3	3	5/8	5/8	2/2	1	1	1/8	1/8	1	1	7	73		24
3	3	3/4	3/4	2/2	2	1	1/4	1/4	1		3	57		33
3	3	3/4	3/4	2/2	2	1	1/4	1/4	1		7	61		33
3	3	3/4	3/4	2/2	2	1	1/4	1/4	1		1	67		33
3	3	3/4	3/4	2/2	1	2	1/12	1/8	2/3	-1	5	71		27
3	3	3/4	3/4	2/2	1	1	1/12	1/8	2/3	-1	7	73		25
3	3	5/6	5/6	2/2	1	2	1/12	1/8	2/3		10	70		28
3	3	5/6	5/6	2/2	1	1	1/6	1/4	2/3		4	76		26
3	3	11/12	11/12	2/2	1	2	1/12	1/8	2/3		3	69		29
4	4	0	0	2/2	2	1	1/4	1/4	1		6	42		41
4	4	0	0	2/2	2	1	1/4	1/4	1		4	52		41
4	4	0	0	2/2	1	2	1/2	1/2	1	1	8	68		35
4	4	0	0	2/2	1	1	1	1	1		7	73		34
4	4	1/4	1/4	2/2	2	1	1/4	1/4	1		6	54		42
4	4	1/4	1/4	2/2	2	1	1/4	1/4	1		10	58		42
4	4	1/4	1/4	2/2	2	1	1/4	1/4	1		4	64		42
4	4	1/2	1/2	2/2	2	1	1/4	1/4	1		6	42		43
4	4	1/2	1/2	2/2	2	1	1/4	1/4	1		4	52		43
4	4	1/2	1/2	2/2	1	2	1/8	1/8	1	-1	8	68		36
4	4	5/8	5/8	2/2	1	2	1/8	1/8	1	1	11	65		37
4	4	3/4	3/4	2/2	2	1	1/4	1/4	1		6	54		44
4	4	3/4	3/4	2/2	2	1	1/4	1/4	1		10	58		44
4	4	3/4	3/4	2/2	2	1	1/4	1/4	1		4	64		44
4	4	3/4	3/4	2/2	1	2	1/12	1/8	2/3	-1	11	65		38
4	4	5/6	5/6	2/2	1	2	1/12	1/8	2/3		6	66		39
4	4	11/12	11/12	2/2	1	2	1/12	1/8	2/3		13	67		40
5	5	0	0	2/2	2	1	1/4	1/4	1		5	35		50
5	5	0	0	2/2	2	1	1/4	1/4	1		6	42		50
5	5	0	0	2/2	2	1	1/4	1/4	1		2	50		50
5	5	0	0	2/2	1	1	1/2	1/2	1	1	8	68		45
5	5	0	0	2/2	1	1	1/2	1/2	1	1	7	73		45
5	5	1/4	1/4	2/2	2	1	1/4	1/4	1		9	51		51
5	5	1/4	1/4	2/2	2	1	1/4	1/4	1		3	57		51
5	5	1/4	1/4	2/2	2	1	1/4	1/4	1		5	59		51
5	5	1/2	1/2	2/2	2	1	1/4	1/4	1		4	40		52
5	5	1/2	1/2	2/2	2	1	1/4	1/4	1		5	47		52
5	5	1/2	1/2	2/2	2	1	1/4	1/4	1		1	55		52
5	5	1/2	1/2	2/2	1	1	3/16	1/8	3/2	-1	8	68		46
5	5	1/2	1/2	2/2	1	1	3/16	1/8	3/2	-1	7	73		46
5	5	11/16	11/16	2/2	1	1	1/16	1/16	1		1	67		47
5	5	11/16	11/16	2/2	1	1	1/16	1/16	1		5	71		47
5	5	3/4	3/4	2/2	2	1	1/4	1/4	1		8	56		53
5	5	3/4	3/4	2/2	2	1	1/4	1/4	1		2	62		53
5	5	3/4	3/4	2/2	2	1	1/4	1/4	1		4	64		53
5	5	3/4	3/4	2/2	1	1	3/16	1/8	3/2		6	66		48
5	5	3/4	3/4	2/2	1	1	3/16	1/8	3/2		8	68		48
5	5	15/16	15/16	2/2	1	1	1/16	1/16	1		1	67		49
5	5	15/16	15/16	2/2	1	1	1/16	1/16	1		5	71		49
6	6	0	0	2/2	2	1	1/4	1/4	1		1	43		63
6	6	0	0	2/2	2	1	1/4	1/4	1		2	50		63
6	6	0	0	2/2	2	1	1/4	1/4	1		-2	58		63
6	6	0	0	2/2	1	1	1/16	1/16	1		8	68		54
6	6	0	0	2/2	1	1	1/16	1/16	1		7	73		54
6	6	1/16	1/16	2/2	1	1	1/16	1/16	1		8	68		55
6	6	1/16	1/16	2/2	1	1	1/16	1/16	1		7	73		55
6	6	1/8	1/8	2/2	1	1	1/8	1/8	1	1	8	68		56
6	6	1/8	1/8	2/2	1	1	1/8	1/8	1	1	7	73		56
6	6	1/4	1/4	2/2	2	1	1/4	1/4	1		5	59		64
6	6	1/4	1/4	2/2	2	1	1/4	1/4	1		-1	65		64
6	6	1/4	1/4	2/2	2	1	1/4	1/4	1		1	67		64
6	6	1/4	1/4	2/2	1	1	1/8	1/8	1	-1	8	68		57
6	6	1/4	1/4	2/2	1	1	1/8	1/8	1	-1	7	73		57
6	6	3/8	3/8	2/2	1	1	1/8	1/8	1	1	8	68		58
6	6	3/8	3/8	2/2	1	1	1/8	1/8	1	1	7	73		58
6	6	1/2	1/2	2/2	2	1	1/4	1/4	1		-1	41		65
6	6	1/2	1/2	2/2	2	1	1/4	1/4	1		0	48		65
6	6	1/2	1/2	2/2	2	1	1/4	1/4	1		-4	56		65
6	6	1/2	1/2	2/2	1	1	1/8	1/8	1	-1	8	68		59
6	6	1/2	1/2	2/2	1	1	1/8	1/8	1	-1	7	73		59
6	6	5/8	5/8	2/2	1	1	1/8	1/8	1		1	67		60
6	6	5/8	5/8	2/2	1	1	1/8	1/8	1		5	71		60
6	6	3/4	3/4	2/2	2	1	1/4	1/4	1		-1	53		66
6	6	3/4	3/4	2/2	2	1	1/4	1/4	1		3	57		66
6	6	3/4	3/4	2/2	2	1	1/4	1/4	1		-3	63		66
6	6	3/4	3/4	2/2	1	1	1/8	1/8	1		6	66		61
6	6	3/4	3/4	2/2	1	1	1/8	1/8	1		8	68		61
6	6	7/8	7/8	2/2	1	1	1/8	1/8	1		1	67		62
6	6	7/8	7/8	2/2	1	1	1/8	1/8	1		5	71		62
7	7	0	0	2/2	2	1	1/4	1/4	1		4	40		75
7	7	0	0	2/2	2	1	1/4	1/4	1		5	47		75
7	7	0	0	2/2	2	1	1/4	1/4	1		1	55		75
7	7	0	0	2/2	1	1	1/16	1/16	1		6	66		67
7	7	0	0	2/2	1	1	1/16	1/16	1		7	73		67
7	7	1/16	1/16	2/2	1	1	1/8	1/8	1		-1	65		68
7	7	1/16	1/16	2/2	1	1	1/8	1/8	1		5	71		68
7	7	3/16	3/16	2/2	1	1	1/16	1/16	1	1	4	64		69
7	7	3/16	3/16	2/2	1	1	1/16	1/16	1	1	8	68		69
7	7	1/4	1/4	2/2	2	1	1/4	1/4	1		6	54		76
7	7	1/4	1/4	2/2	2	1	1/4	1/4	1		8	56		76
7	7	1/4	1/4	2/2	2	1	1/4	1/4	1		2	62		76
7	7	1/4	1/4	2/2	1	1	1/4	1/4	1	-1	4	64		70
7	7	1/4	1/4	2/2	1	1	1/4	1/4	1	-1	8	68		70
7	7	1/2	1/2	2/2	2	1	1/4	1/4	1		2	38		77
7	7	1/2	1/2	2/2	2	1	1/4	1/4	1		3	45		77
7	7	1/2	1/2	2/2	2	1	1/4	1/4	1		-1	53		77
7	7	1/2	1/2	2/2	1	1	1/16	1/16	1		9	63		71
7	7	9/16	9/16	2/2	1	1	3/16	1/8	3/2	1	4	64		72
7	7	9/16	9/16	2/2	1	1	3/16	1/8	3/2	1	5	71		72
7	7	3/4	3/4	2/2	2	1	1/4	1/4	1		6	54		78
7	7	3/4	3/4	2/2	2	1	1/4	1/4	1		0	60		78
7	7	3/4	3/4	2/2	2	1	1/4	1/4	1		2	62		78
7	7	3/4	3/4	2/2	1	1	1/8	1/8	1	-1	4	64		73
7	7	3/4	3/4	2/2	1	1	1/8	1/8	1	-1	5	71		73
7	7	7/8	7/8	2/2	1	1	1/8	1/8	1	1	9	63		74
7	7	7/8	7/8	2/2	1	1	1/8	1/8	1	1	8	68		74
8	8	0	0	2/2	2	1	1/4	1/4	1		7	37		80
8	8	0	0	2/2	2	1	1/4	1/4	1		8	44		80
8	8	0	0	2/2	2	1	1/4	1/4	1		4	52		80
8	8	0	0	2/2	1	1	1	1	1	-1	9	63		79
8	8	0	0	2/2	1	1	1	1	1	-1	8	68		79
8	8	1/4	1/4	2/2	2	1	1/4	1/4	1		11	53		81
8	8	1/4	1/4	2/2	2	1	1/4	1/4	1		5	59		81
8	8	1/4	1/4	2/2	2	1	1/4	1/4	1		7	61		81
8	8	1/2	1/2	2/2	2	1	1/4	1/4	1		-2	34		82
8	8	1/2	1/2	2/2	2	1	1/4	1/4	1		-2	46		82
8	8	1/2	1/2	2/2	2	3	1/4	1/4	1		-1	53		84
8	8	1/2	1/2	2/2	2	3	1/4	1/4	1		-4	56		84
8	8	1/2	1/2	2/2	2	3	1/4	1/4	1		0	60		84
8	8	1/2	1/2	2/2	2	3	1/4	1/4	1		2	62		84
8	8	3/4	3/4	2/2	2	1	1/4	1/4	1		5	35		83
8	8	3/4	3/4	2/2	2	1	1/4	1/4	1		5	47		83
8	8	3/4	3/4	2/2	2	3	1/4	1/4	1		6	54		85
8	8	3/4	3/4	2/2	2	3	1/4	1/4	1		3	57		85
8	8	3/4	3/4	2/2	2	3	1/4	1/4	1		7	61		85
8	8	3/4	3/4	2/2	2	3	1/4	1/4	1		9	63		85
9	9	0	0	2/2	2	1	1/4	1/4	1		4	40		88
9	9	0	0	2/2	2	1	1/4	1/4	1		5	47		88
9	9	0	0	2/2	2	1	1/4	1/4	1		1	55		88
9	9	1/8	1/8	2/2	1	1	1/8	1/8	1	1	7	73		86
9	9	1/8	1/8	2/2	1	1	1/8	1/8	1	1	6	78		86
9	9	1/4	1/4	2/2	2	1	1/4	1/4	1		8	56		89
9	9	1/4	1/4	2/2	2	1	1/4	1/4	1		2	62		89
9	9	1/4	1/4	2/2	2	1	1/4	1/4	1		4	64		89
9	9	1/4	1/4	2/2	1	1	3/4	1/2	3/2	-1	7	73		87
9	9	1/4	1/4	2/2	1	1	3/4	1/2	3/2	-1	6	78		87
9	9	1/2	1/2	2/2	2	1	1/4	1/4	1		1	43		90
9	9	1/2	1/2	2/2	2	1	1/4	1/4	1		2	50		90
9	9	1/2	1/2	2/2	2	1	1/4	1/4	1		-2	58		90
9	9	3/4	3/4	2/2	2	1	1/4	1/4	1		5	59		91
9	9	3/4	3/4	2/2	2	1	1/4	1/4	1		-1	65		91
9	9	3/4	3/4	2/2	2	1	1/4	1/4	1		1	67		91
10	10	0	0	2/2	2	1	1/4	1/4	1		6	42		102
10	10	0	0	2/2	2	1	1/4	1/4	1		7	49		102
10	10	0	0	2/2	2	1	1/4	1/4	1		3	57		102
10	10	0	0	2/2	1	1	1/12	1/8	2/3		0	72		92
10	10	0	0	2/2	1	1	1/12	1/8	2/3		4	76		92
10	10	1/12	1/12	2/2	1	1	1/12	1/8	2/3		5	71		93
10	10	1/12	1/12	2/2	1	1	1/12	1/8	2/3		7	73		93
10	10	1/6	1/6	2/2	1	1	1/12	1/8	2/3		0	72		94
10	10	1/6	1/6	2/2	1	1	1/12	1/8	2/3		4	76		94
10	10	1/4	1/4	2/2	2	1	1/4	1/4	1		10	58		103
10	10	1/4	1/4	2/2	2	1	1/4	1/4	1		4	64		103
10	10	1/4	1/4	2/2	2	1	1/4	1/4	1		6	66		103
10	10	1/4	1/4	2/2	1	1	1/8	1/8	1		7	73		95
10	10	1/4	1/4	2/2	1	1	1/8	1/8	1		6	78		95
10	10	3/8	3/8	2/2	1	1	1/8	1/8	1	1	7	73		96
10	10	3/8	3/8	2/2	1	1	1/8	1/8	1	1	6	78		96
10	10	1/2	1/2	2/2	2	1	1/4	1/4	1		-1	41		104
10	10	1/2	1/2	2/2	2	1	1/4	1/4	1		0	48		104
10	10	1/2	1/2	2/2	2	1	1/4	1/4	1		-4	56		104
10	10	1/2	1/2	2/2	1	1	1/4	1/4	1	0	7	73		97
10	10	1/2	1/2	2/2	1	1	1/4	1/4	1	0	6	78		97
10	10	3/4	3/4	2/2	2	1	1/4	1/4	1		3	57		105
10	10	3/4	3/4	2/2	2	1	1/4	1/4	1		-3	63		105
10	10	3/4	3/4	2/2	2	1	1/4	1/4	1		-1	65		105
10	10	3/4	3/4	2/2	1	1	1/16	1/16	1	-1	7	73		98
10	10	3/4	3/4	2/2	1	1	1/16	1/16	1	-1	6	78		98
10	10	13/16	13/16	2/2	1	1	1/16	1/16	1		0	72		99
10	10	13/16	13/16	2/2	1	1	1/16	1/16	1		4	76		99
10	10	7/8	7/8	2/2	1	1	1/16	1/16	1		5	71		100
10	10	7/8	7/8	2/2	1	1	1/16	1/16	1		7	73		100
10	10	15/16	15/16	2/2	1	1	1/16	1/16	1		0	72		101
10	10	15/16	15/16	2/2	1	1	1/16	1/16	1		4	76		101
11	11	0	0	2/2	2	1	1/4	1/4	1		4	40		118
11	11	0	0	2/2	2	1	1/4	1/4	1		5	47		118
11	11	0	0	2/2	2	1	1/4	1/4	1		1	55		118
11	11	0	0	2/2	1	1	1/12	1/8	2/3		7	73		106
11	11	0	0	2/2	1	1	1/12	1/8	2/3		6	78		106
11	11	1/12	1/12	2/2	1	1	1/12	1/8	2/3		7	73		107
11	11	1/12	1/12	2/2	1	1	1/12	1/8	2/3		6	78		107
11	11	1/6	1/6	2/2	1	1	1/12	1/8	2/3		7	73		108
11	11	1/6	1/6	2/2	1	1	1/12	1/8	2/3		6	78		108
11	11	1/4	1/4	2/2	2	1	1/4	1/4	1		8	56		119
11	11	1/4	1/4	2/2	2	1	1/4	1/4	1		2	62		119
11	11	1/4	1/4	2/2	2	1	1/4	1/4	1		4	64		119
11	11	1/4	1/4	2/2	1	1	1/8	1/8	1		0	72		109
11	11	1/4	1/4	2/2	1	1	1/8	1/8	1		4	76		109
11	11	3/8	3/8	2/2	1	1	1/8	1/8	1	1	5	71		110
11	11	3/8	3/8	2/2	1	1	1/8	1/8	1	1	7	73		110
11	11	1/2	1/2	2/2	2	1	1/4	1/4	1		3	45		120
11	11	1/2	1/2	2/2	2	1	1/4	1/4	1		4	52		120
11	11	1/2	1/2	2/2	2	1	1/4	1/4	1		1	55		120
11	11	1/2	1/2	2/2	1	1	1/8	1/8	1	-1	5	71		111
11	11	1/2	1/2	2/2	1	1	1/8	1/8	1	-1	7	73		111
11	11	5/8	5/8	2/2	1	2	1/8	1/8	1	1	10	70		113
11	11	5/8	5/8	2/2	1	1	3/8	1/4	3/2		4	76		112
11	11	3/4	3/4	2/2	2	1	1/4	1/4	1		3	57		121
11	11	3/4	3/4	2/2	2	1	1/4	1/4	1		7	61		121
11	11	3/4	3/4	2/2	2	1	1/4	1/4	1		1	67		121
11	11	3/4	3/4	2/2	1	2	1/16	1/16	1	-1	10	70		114
11	11	13/16	13/16	2/2	1	2	1/16	1/16	1		15	69		115
11	11	7/8	7/8	2/2	1	2	1/16	1/16	1		10	70		116
11	11	15/16	15/16	2/2	1	2	1/16	1/16	1		15	69		117
12	12	0	0	2/2	2	1	1/4	1/4	1		6	42		133
12	12	0	0	2/2	2	1	1/4	1/4	1		4	52		133
12	12	0	0	2/2	1	2	1	1	1		8	68		132
12	12	0	0	2/2	1	2	1	1	1		7	73		132
12	12	1/8	1/8	2/2	1	1	1/8	1/8	1	1	7	85		122
12	12	1/8	1/8	2/2	1	1	1/8	1/8	1	1	6	90		122
12	12	1/4	1/4	2/2	2	1	1/4	1/4	1		6	54		134
12	12	1/4	1/4	2/2	2	1	1/4	1/4	1		10	58		134
12	12	1/4	1/4	2/2	2	1	1/4	1/4	1		4	64		134
12	12	1/4	1/4	2/2	1	1	1/16	1/16	1	-1	7	85		123
12	12	1/4	1/4	2/2	1	1	1/16	1/16	1	-1	6	90		123
12	12	5/16	5/16	2/2	1	1	1/16	1/16	1		10	82		124
12	12	5/16	5/16	2/2	1	1	1/16	1/16	1		9	87		124
12	12	3/8	3/8	2/2	1	1	1/16	1/16	1		3	81		125
12	12	3/8	3/8	2/2	1	1	1/16	1/16	1		2	86		125
12	12	7/16	7/16	2/2	1	1	1/16	1/16	1		8	80		126
12	12	7/16	7/16	2/2	1	1	1/16	1/16	1		7	85		126
12	12	1/2	1/2	2/2	2	1	1/4	1/4	1		1	43		135
12	12	1/2	1/2	2/2	2	1	1/4	1/4	1		4	52		135
12	12	1/2	1/2	2/2	1	1	1/6	1/4	2/3		1	79		127
12	12	1/2	1/2	2/2	1	1	1/6	1/4	2/3		0	84		127
12	12	2/3	2/3	2/2	1	1	1/12	1/8	2/3		4	76		128
12	12	2/3	2/3	2/2	1	1	1/12	1/8	2/3		3	81		128
12	12	3/4	3/4	2/2	2	1	1/4	1/4	1		6	54		136
12	12	3/4	3/4	2/2	2	1	1/4	1/4	1		10	58		136
12	12	3/4	3/4	2/2	2	1	1/4	1/4	1		4	64		136
12	12	3/4	3/4	2/2	1	1	1/12	1/8	2/3		7	73		129
12	12	3/4	3/4	2/2	1	1	1/12	1/8	2/3		6	78		129
12	12	5/6	5/6	2/2	1	1	1/12	1/8	2/3		10	70		130
12	12	5/6	5/6	2/2	1	1	1/12	1/8	2/3		9	75		130
12	12	11/12	11/12	2/2	1	1	1/12	1/8	2/3		3	69		131
12	12	11/12	11/12	2/2	1	1	1/12	1/8	2/3		2	74		131
13	13	0	0	2/2	2	1	1/4	1/4	1		5	35		144
13	13	0	0	2/2	2	1	1/4	1/4	1		6	42		144
13	13	0	0	2/2	2	1	1/4	1/4	1		2	50		144
13	13	0	0	2/2	1	1	3/8	1/4	3/2		8	68		137
13	13	0	0	2/2	1	1	3/8	1/4	3/2		7	73		137
13	13	1/4	1/4	2/2	2	1	1/4	1/4	1		9	51		145
13	13	1/4	1/4	2/2	2	1	1/4	1/4	1		3	57		145
13	13	1/4	1/4	2/2	2	1	1/4	1/4	1		5	59		145
13	13	3/8	3/8	2/2	1	1	1/8	1/8	1	1	-1	65		138
13	13	3/8	3/8	2/2	1	1	1/8	1/8	1	1	-2	70		138
13	13	1/2	1/2	2/2	2	1	1/4	1/4	1		2	38		146
13	13	1/2	1/2	2/2	2	1	1/4	1/4	1		3	45		146
13	13	1/2	1/2	2/2	2	1	1/4	1/4	1		-1	53		146
13	13	1/2	1/2	2/2	1	1	1/12	1/8	2/3	-1	-1	65		139
13	13	1/2	1/2	2/2	1	1	1/12	1/8	2/3	-1	-2	70		139
13	13	7/12	7/12	2/2	1	1	1/12	1/8	2/3		6	66		140
13	13	7/12	7/12	2/2	1	1	1/12	1/8	2/3		5	71		140
13	13	2/3	2/3	2/2	1	1	1/12	1/8	2/3		1	67		141
13	13	2/3	2/3	2/2	1	1	1/12	1/8	2/3		0	72		141
13	13	3/4	3/4	2/2	2	1	1/4	1/4	1		6	54		147
13	13	3/4	3/4	2/2	2	1	1/4	1/4	1		0	60		147
13	13	3/4	3/4	2/2	2	1	1/4	1/4	1		2	62		147
13	13	3/4	3/4	2/2	1	1	1/12	1/8	2/3		8	68		142
13	13	3/4	3/4	2/2	1	1	1/12	1/8	2/3		7	73		142
13	13	5/6	5/6	2/2	1	1	1/6	1/4	2/3	1	5	71		143
13	13	5/6	5/6	2/2	1	1	1/6	1/4	2/3	1	4	76		143
14	14	0	0	2/2	2	1	1/4	1/4	1		-1	41		152
14	14	0	0	2/2	2	1	1/4	1/4	1		0	48		152
14	14	0	0	2/2	2	1	1/4	1/4	1		-4	56		152
14	14	0	0	2/2	1	1	1/8	1/8	1	-1	5	71		148
14	14	0	0	2/2	1	1	1/8	1/8	1	-1	4	76		148
14	14	1/8	1/8	2/2	1	1	1/4	1/4	1		8	68		149
14	14	1/8	1/8	2/2	1	1	1/4	1/4	1		7	73		149
14	14	1/4	1/4	2/2	2	1	1/4	1/4	1		3	57		153
14	14	1/4	1/4	2/2	2	1	1/4	1/4	1		-3	63		153
14	14	1/4	1/4	2/2	2	1	1/4	1/4	1		-1	65		153
14	14	3/8	3/8	2/2	1	1	1/4	1/4	1		5	71		150
14	14	3/8	3/8	2/2	1	1	1/4	1/4	1		4	76		150
14	14	1/2	1/2	2/2	2	1	1/4	1/4	1		1	43		154
14	14	1/2	1/2	2/2	2	1	1/4	1/4	1		2	50		154
14	14	1/2	1/2	2/2	2	1	1/4	1/4	1		-2	58		154
14	14	5/8	5/8	2/2	1	1	3/8	1/4	3/2		8	68		151
14	14	5/8	5/8	2/2	1	1	3/8	1/4	3/2		7	73		151
14	14	3/4	3/4	2/2	2	1	1/4	1/4	1		5	59		155
14	14	3/4	3/4	2/2	2	1	1/4	1/4	1		-1	65		155
14	14	3/4	3/4	2/2	2	1	1/4	1/4	1		1	67		155
15	15	0	0	2/2	2	1	1/4	1/4	1		-1	41		167
15	15	0	0	2/2	2	1	1/4	1/4	1		0	48		167
15	15	0	0	2/2	2	1	1/4	1/4	1		-4	56		167
15	15	0	0	2/2	1	1	1/12	1/8	2/3		1	67		156
15	15	0	0	2/2	1	1	1/12	1/8	2/3		5	71		156
15	15	1/12	1/12	2/2	1	1	1/12	1/8	2/3		6	66		157
15	15	1/12	1/12	2/2	1	1	1/12	1/8	2/3		8	68		157
15	15	1/6	1/6	2/2	1	1	1/12	1/8	2/3		1	67		158
15	15	1/6	1/6	2/2	1	1	1/12	1/8	2/3		5	71		158
15	15	1/4	1/4	2/2	2	1	1/4	1/4	1		3	57		168
15	15	1/4	1/4	2/2	2	1	1/4	1/4	1		-3	63		168
15	15	1/4	1/4	2/2	2	1	1/4	1/4	1		-1	65		168
15	15	1/4	1/4	2/2	1	1	1/4	1/4	1		8	68		159
15	15	1/4	1/4	2/2	1	1	1/4	1/4	1		7	73		159
15	15	1/2	1/2	2/2	2	1	1/4	1/4	1		4	40		169
15	15	1/2	1/2	2/2	2	1	1/4	1/4	1		5	47		169
15	15	1/2	1/2	2/2	2	1	1/4	1/4	1		1	55		169
15	15	1/2	1/2	2/2	1	1	1/8	1/8	1		1	67		160
15	15	1/2	1/2	2/2	1	1	1/8	1/8	1		5	71		160
15	15	5/8	5/8	2/2	1	1	1/8	1/8	1	1	6	66		161
15	15	5/8	5/8	2/2	1	1	1/8	1/8	1	1	8	68		161
15	15	3/4	3/4	2/2	2	1	1/4	1/4	1		6	54		170
15	15	3/4	3/4	2/2	2	1	1/4	1/4	1		8	56		170
15	15	3/4	3/4	2/2	2	1	1/4	1/4	1		2	62		170
15	15	3/4	3/4	2/2	1	2	1/8	1/8	1	-1	6	66		164
15	15	3/4	3/4	2/2	1	1	1/8	1/8	1	-1	8	68		162
15	15	7/8	7/8	2/2	1	2	1/16	1/16	1		-1	65		165
15	15	7/8	7/8	2/2	1	1	1/8	1/8	1		5	71		163
15	15	15/16	15/16	2/2	1	2	1/16	1/16	1		4	64		166
16	16	0	0	2/2	2	1	1/4	1/4	1		7	37		172
16	16	0	0	2/2	2	1	1/4	1/4	1		8	44		172
16	16	0	0	2/2	2	1	1/4	1/4	1		4	52		172
16	16	0	0	2/2	1	1	1	1	1		9	63		171
16	16	0	0	2/2	1	1	1	1	1		8	68		171
16	16	1/4	1/4	2/2	2	1	1/4	1/4	1		11	53		173
16	16	1/4	1/4	2/2	2	1	1/4	1/4	1		5	59		173
16	16	1/4	1/4	2/2	2	1	1/4	1/4	1		7	61		173
16	16	1/2	1/2	2/2	2	1	1/4	1/4	1		-2	34		174
16	16	1/2	1/2	2/2	2	1	1/4	1/4	1		-2	46		174
16	16	1/2	1/2	2/2	2	3	1/4	1/4	1		-1	53		176
16	16	1/2	1/2	2/2	2	3	1/4	1/4	1		-4	56		176
16	16	1/2	1/2	2/2	2	3	1/4	1/4	1		0	60		176
16	16	1/2	1/2	2/2	2	3	1/4	1/4	1		2	62		176
16	16	3/4	3/4	2/2	2	1	1/4	1/4	1		5	35		175
16	16	3/4	3/4	2/2	2	1	1/4	1/4	1		5	47		175
16	16	3/4	3/4	2/2	2	3	1/4	1/4	1		6	54		177
16	16	3/4	3/4	2/2	2	3	1/4	1/4	1		3	57		177
16	16	3/4	3/4	2/2	2	3	1/4	1/4	1		7	61		177
16	16	3/4	3/4	2/2	2	3	1/4	1/4	1		9	63		177
17	17	0	0	2/2	2	1	3/16	1/8	3/2		4	40		186
17	17	0	0	2/2	2	1	3/16	1/8	3/2		5	47		186
17	17	0	0	2/2	2	1	3/16	1/8	3/2		1	55		186
17	17	0	0	2/2	1	1	1/2	1/2	1	1	7	73		178
17	17	0	0	2/2	1	1	1/2	1/2	1	1	6	78		178
17	17	3/16	3/16	2/2	2	1	1/16	1/16	1		8	56		187
17	17	1/4	1/4	2/2	2	2	3/16	1/8	3/2		10	58		189
17	17	1/4	1/4	2/2	2	1	1/4	1/4	1		2	62		188
17	17	1/4	1/4	2/2	2	1	1/4	1/4	1		4	64		188
17	17	7/16	7/16	2/2	2	2	1/16	1/16	1		5	59		190
17	17	1/2	1/2	2/2	2	2	1/4	1/4	1		3	45		191
17	17	1/2	1/2	2/2	2	2	1/4	1/4	1		4	52		191
17	17	1/2	1/2	2/2	2	2	1/4	1/4	1		0	60		191
17	17	1/2	1/2	2/2	1	1	3/16	1/8	3/2	-1	7	73		179
17	17	1/2	1/2	2/2	1	1	3/16	1/8	3/2	-1	6	78		179
17	17	11/16	11/16	2/2	1	1	1/16	1/16	1		0	72		180
17	17	11/16	11/16	2/2	1	1	1/16	1/16	1		4	76		180
17	17	3/4	3/4	2/2	2	2	1/4	1/4	1		10	58		192
17	17	3/4	3/4	2/2	2	2	1/4	1/4	1		7	61		192
17	17	3/4	3/4	2/2	2	2	1/4	1/4	1		1	67		192
17	17	3/4	3/4	2/2	1	2	1/12	1/8	2/3		5	71		183
17	17	3/4	3/4	2/2	1	1	3/16	1/8	3/2		7	73		181
17	17	5/6	5/6	2/2	1	2	1/12	1/8	2/3		10	70		184
17	17	11/12	11/12	2/2	1	2	1/12	1/8	2/3		3	69		185
17	17	15/16	15/16	2/2	1	1	1/16	1/16	1		4	76		182
18	18	0	0	2/2	2	1	1/4	1/4	1		6	42		201
18	18	0	0	2/2	2	1	1/4	1/4	1		7	49		201
18	18	0	0	2/2	2	1	1/4	1/4	1		3	57		201
18	18	0	0	2/2	1	1	3/16	1/8	3/2		8	68		193
18	18	0	0	2/2	1	1	3/16	1/8	3/2		6	78		193
18	18	3/16	3/16	2/2	1	1	1/16	1/16	1		13	67		194
18	18	3/16	3/16	2/2	1	1	1/16	1/16	1		4	76		194
18	18	1/4	1/4	2/2	2	1	1/4	1/4	1		6	54		202
18	18	1/4	1/4	2/2	2	1	1/4	1/4	1		10	58		202
18	18	1/4	1/4	2/2	2	1	1/4	1/4	1		4	64		202
18	18	1/4	1/4	2/2	1	1	1/16	1/16	1		8	68		195
18	18	1/4	1/4	2/2	1	1	1/16	1/16	1		7	73		195
18	18	3/8	3/8	2/2	1	1	1/8	1/8	1	1	8	80		196
18	18	3/8	3/8	2/2	1	1	1/8	1/8	1	1	6	90		196
18	18	1/2	1/2	2/2	2	1	1/4	1/4	1		4	40		203
18	18	1/2	1/2	2/2	2	1	1/4	1/4	1		5	47		203
18	18	1/2	1/2	2/2	2	1	1/4	1/4	1		1	55		203
18	18	1/2	1/2	2/2	1	1	1/16	1/16	1	-1	8	80		197
18	18	1/2	1/2	2/2	1	1	1/16	1/16	1	-1	6	90		197
18	18	9/16	9/16	2/2	1	1	1/16	1/16	1		1	79		198
18	18	9/16	9/16	2/2	1	1	1/16	1/16	1		4	88		198
18	18	5/8	5/8	2/2	1	1	1/8	1/8	1		6	78		199
18	18	5/8	5/8	2/2	1	1	1/8	1/8	1		7	85		199
18	18	3/4	3/4	2/2	2	1	1/4	1/4	1		8	56		204
18	18	3/4	3/4	2/2	2	1	1/4	1/4	1		2	62		204
18	18	3/4	3/4	2/2	2	1	1/4	1/4	1		4	64		204
18	18	7/8	7/8	2/2	1	1	1/8	1/8	1	1	7	73		200
18	18	7/8	7/8	2/2	1	1	1/8	1/8	1	1	6	78		200
19	19	0	0	2/2	2	1	3/16	1/8	3/2		2	38		209
19	19	0	0	2/2	2	1	3/16	1/8	3/2		3	45		209
19	19	0	0	2/2	2	1	3/16	1/8	3/2		11	53		209
19	19	0	0	2/2	1	1	3/4	1/2	3/2	-1	7	73		205
19	19	0	0	2/2	1	1	3/4	1/2	3/2	-1	6	78		205
19	19	3/16	3/16	2/2	2	1	1/16	1/16	1		6	54		210
19	19	1/4	1/4	2/2	2	2	1/8	1/8	1		8	56		212
19	19	1/4	1/4	2/2	2	1	1/4	1/4	1		0	60		211
19	19	1/4	1/4	2/2	2	1	1/4	1/4	1		2	62		211
19	19	3/8	3/8	2/2	2	2	1/8	1/8	1		3	57		213
19	19	1/2	1/2	2/2	2	2	1/4	1/4	1		1	43		214
19	19	1/2	1/2	2/2	2	2	1/4	1/4	1		2	50		214
19	19	1/2	1/2	2/2	2	2	1/4	1/4	1		-2	58		214
19	19	3/4	3/4	2/2	2	2	1/4	1/4	1		5	59		215
19	19	3/4	3/4	2/2	2	2	1/4	1/4	1		-1	65		215
19	19	3/4	3/4	2/2	2	2	1/4	1/4	1		1	67		215
19	19	3/4	3/4	2/2	1	1	1/12	1/8	2/3		0	72		206
19	19	3/4	3/4	2/2	1	1	1/12	1/8	2/3		4	76		206
19	19	5/6	5/6	2/2	1	1	1/12	1/8	2/3		5	71		207
19	19	5/6	5/6	2/2	1	1	1/12	1/8	2/3		7	73		207
19	19	11/12	11/12	2/2	1	1	1/12	1/8	2/3		10	70		208
19	19	11/12	11/12	2/2	1	1	1/12	1/8	2/3		4	76		208
20	20	0	0	2/2	2	1	1/4	1/4	1		6	42		222
20	20	0	0	2/2	2	1	1/4	1/4	1		7	49		222
20	20	0	0	2/2	2	1	1/4	1/4	1		3	57		222
20	20	0	0	2/2	1	2	1/16	1/16	1		3	69		217
20	20	0	0	2/2	1	1	1	1	1		7	73		216
20	20	1/16	1/16	2/2	1	2	3/16	1/8	3/2	1	8	68		218
20	20	1/4	1/4	2/2	2	1	1/4	1/4	1		10	58		223
20	20	1/4	1/4	2/2	2	1	1/4	1/4	1		7	61		223
20	20	1/4	1/4	2/2	2	1	1/4	1/4	1		4	64		223
20	20	1/4	1/4	2/2	2	1	1/4	1/4	1		6	66		223
20	20	1/4	1/4	2/2	1	2	1/4	1/4	1	-1	8	68		219
20	20	5/8	5/8	2/2	2	1	1/4	1/4	1		-1	41		224
20	20	5/8	5/8	2/2	2	1	1/4	1/4	1		0	48		224
20	20	5/8	5/8	2/2	1	2	1/4	1/4	1		3	57		220
20	20	5/8	5/8	2/2	1	2	1/4	1/4	1		-3	63		220
20	20	5/8	5/8	2/2	1	2	1/4	1/4	1		1	67		220
20	20	7/8	7/8	2/2	2	1	1/8	1/8	1		4	40		225
20	20	7/8	7/8	2/2	2	1	1/8	1/8	1		5	47		225
20	20	7/8	7/8	2/2	1	2	1/8	1/8	1		8	56		221
20	20	7/8	7/8	2/2	1	2	1/8	1/8	1		2	62		221
20	20	7/8	7/8	2/2	1	2	1/8	1/8	1		6	66		221
21	21	0	0	2/2	2	1	1/4	1/4	1		5	35		232
21	21	0	0	2/2	2	1	1/4	1/4	1		6	42		232
21	21	0	0	2/2	2	1	1/4	1/4	1		2	50		232
21	21	3/16	3/16	2/2	1	1	1/16	1/16	1		11	65		226
21	21	3/16	3/16	2/2	1	1	1/16	1/16	1		10	70		226
21	21	1/4	1/4	2/2	2	1	1/4	1/4	1		9	51		233
21	21	1/4	1/4	2/2	2	1	1/4	1/4	1		3	57		233
21	21	1/4	1/4	2/2	2	1	1/4	1/4	1		5	59		233
21	21	1/4	1/4	2/2	1	1	3/16	1/8	3/2		6	66		227
21	21	1/4	1/4	2/2	1	1	3/16	1/8	3/2		5	71		227
21	21	7/16	7/16	2/2	1	1	1/16	1/16	1		1	67		228
21	21	7/16	7/16	2/2	1	1	1/16	1/16	1		0	72		228
21	21	1/2	1/2	2/2	2	1	1/4	1/4	1		4	40		234
21	21	1/2	1/2	2/2	2	1	1/4	1/4	1		5	47		234
21	21	1/2	1/2	2/2	2	1	1/4	1/4	1		1	55		234
21	21	1/2	1/2	2/2	1	1	1/8	1/8	1		8	68		229
21	21	1/2	1/2	2/2	1	1	1/8	1/8	1		7	73		229
21	21	5/8	5/8	2/2	1	1	1/4	1/4	1		5	83		230
21	21	5/8	5/8	2/2	1	1	1/4	1/4	1		4	88		230
21	21	3/4	3/4	2/2	2	1	1/4	1/4	1		8	56		235
21	21	3/4	3/4	2/2	2	1	1/4	1/4	1		2	62		235
21	21	3/4	3/4	2/2	2	1	1/4	1/4	1		4	64		235
21	21	7/8	7/8	2/2	1	1	1/8	1/8	1		8	68		231
21	21	7/8	7/8	2/2	1	1	1/8	1/8	1		7	73		231
22	22	0	0	2/2	2	1	1/4	1/4	1		2	38		246
22	22	0	0	2/2	2	1	1/4	1/4	1		3	45		246
22	22	0	0	2/2	2	1	1/4	1/4	1		-1	53		246
22	22	0	0	2/2	1	1	1/12	1/8	2/3		11	65		236
22	22	0	0	2/2	1	1	1/12	1/8	2/3		10	70		236
22	22	1/12	1/12	2/2	1	1	1/12	1/8	2/3		6	66		237
22	22	1/12	1/12	2/2	1	1	1/12	1/8	2/3		5	71		237
22	22	1/6	1/6	2/2	1	1	1/12	1/8	2/3		1	67		238
22	22	1/6	1/6	2/2	1	1	1/12	1/8	2/3		0	72		238
22	22	1/4	1/4	2/2	2	1	1/4	1/4	1		6	54		247
22	22	1/4	1/4	2/2	2	1	1/4	1/4	1		0	60		247
22	22	1/4	1/4	2/2	2	1	1/4	1/4	1		2	62		247
22	22	1/4	1/4	2/2	1	1	1/8	1/8	1		8	68		239
22	22	1/4	1/4	2/2	1	1	1/8	1/8	1		7	73		239
22	22	3/8	3/8	2/2	1	1	1/4	1/4	1		5	83		240
22	22	3/8	3/8	2/2	1	1	1/4	1/4	1		4	88		240
22	22	1/2	1/2	2/2	2	1	1/4	1/4	1		7	37		248
22	22	1/2	1/2	2/2	2	1	1/4	1/4	1		8	44		248
22	22	1/2	1/2	2/2	2	1	1/4	1/4	1		4	52		248
22	22	5/8	5/8	2/2	1	1	1/8	1/8	1	1	8	68		241
22	22	5/8	5/8	2/2	1	1	1/8	1/8	1	1	7	73		241
22	22	3/4	3/4	2/2	2	1	1/4	1/4	1		11	53		249
22	22	3/4	3/4	2/2	2	1	1/4	1/4	1		0	60		249
22	22	3/4	3/4	2/2	2	1	1/4	1/4	1		9	63		249
22	22	3/4	3/4	2/2	1	1	1/16	1/16	1	-1	8	68		242
22	22	3/4	3/4	2/2	1	1	1/16	1/16	1	-1	7	73		242
22	22	13/16	13/16	2/2	1	1	1/16	1/16	1		11	65		243
22	22	13/16	13/16	2/2	1	1	1/16	1/16	1		10	70		243
22	22	7/8	7/8	2/2	1	1	1/16	1/16	1		6	66		244
22	22	7/8	7/8	2/2	1	1	1/16	1/16	1		5	71		244
22	22	15/16	15/16	2/2	1	1	1/16	1/16	1		1	67		245
22	22	15/16	15/16	2/2	1	1	1/16	1/16	1		0	72		245
23	23	0	0	2/2	2	1	1/4	1/4	1		1	43		257
23	23	0	0	2/2	2	1	1/4	1/4	1		2	50		257
23	23	0	0	2/2	2	1	1/4	1/4	1		-2	58		257
23	23	0	0	2/2	1	1	1/8	1/8	1		8	68		250
23	23	0	0	2/2	1	1	1/8	1/8	1		7	73		250
23	23	1/8	1/8	2/2	1	1	1/4	1/4	1		5	83		251
23	23	1/8	1/8	2/2	1	1	1/4	1/4	1		4	88		251
23	23	1/4	1/4	2/2	2	1	1/4	1/4	1		5	59		258
23	23	1/4	1/4	2/2	2	1	1/4	1/4	1		-1	65		258
23	23	1/4	1/4	2/2	2	1	1/4	1/4	1		1	67		258
23	23	3/8	3/8	2/2	1	1	1/8	1/8	1		8	68		252
23	23	3/8	3/8	2/2	1	1	1/8	1/8	1		7	73		252
23	23	1/2	1/2	2/2	2	1	1/4	1/4	1		-1	41		259
23	23	1/2	1/2	2/2	2	1	1/4	1/4	1		0	48		259
23	23	1/2	1/2	2/2	2	1	1/4	1/4	1		-4	56		259
23	23	1/2	1/2	2/2	1	1	3/16	1/8	3/2		11	65		253
23	23	1/2	1/2	2/2	1	1	3/16	1/8	3/2		10	70		253
23	23	11/16	11/16	2/2	1	1	1/16	1/16	1		6	66		254
23	23	11/16	11/16	2/2	1	1	1/16	1/16	1		5	71		254
23	23	3/4	3/4	2/2	2	1	1/4	1/4	1		3	57		260
23	23	3/4	3/4	2/2	2	1	1/4	1/4	1		-3	63		260
23	23	3/4	3/4	2/2	2	1	1/4	1/4	1		-1	65		260
23	23	3/4	3/4	2/2	1	1	1/16	1/16	1		1	67		255
23	23	3/4	3/4	2/2	1	1	1/16	1/16	1		0	72		255
23	23	13/16	13/16	2/2	1	1	3/16	1/8	3/2	1	8	68		256
23	23	13/16	13/16	2/2	1	1	3/16	1/8	3/2	1	7	73		256
24	24	0	0	2/2	2	1	1/4	1/4	1		4	40		267
24	24	0	0	2/2	2	1	1/4	1/4	1		5	47		267
24	24	0	0	2/2	2	1	1/4	1/4	1		1	55		267
24	24	0	0	2/2	1	1	1/12	1/8	2/3	-1	8	68		261
24	24	0	0	2/2	1	1	1/12	1/8	2/3	-1	7	73		261
24	24	1/12	1/12	2/2	1	1	1/12	1/8	2/3		5	83		262
24	24	1/12	1/12	2/2	1	1	1/12	1/8	2/3		4	88		262
24	24	1/6	1/6	2/2	1	1	1/12	1/8	2/3	1	5	83		263
24	24	1/6	1/6	2/2	1	1	1/12	1/8	2/3	1	4	88		263
24	24	1/4	1/4	2/2	2	1	1/4	1/4	1		8	56		268
24	24	1/4	1/4	2/2	2	1	1/4	1/4	1		5	59		268
24	24	1/4	1/4	2/2	2	1	1/4	1/4	1		2	62		268
24	24	1/4	1/4	2/2	2	1	1/4	1/4	1		6	66		268
24	24	1/4	1/4	2/2	1	1	1/4	1/4	1	-1	5	83		264
24	24	1/4	1/4	2/2	1	1	1/4	1/4	1	-1	4	88		264
24	24	1/2	1/2	2/2	2	1	1/4	1/4	1		-3	39		269
24	24	1/2	1/2	2/2	2	1	1/4	1/4	1		-2	46		269
24	24	1/2	1/2	2/2	2	1	1/4	1/4	1		-3	51		269
24	24	1/2	1/2	2/2	1	2	1/4	1/4	1		1	55		265
24	24	1/2	1/2	2/2	1	2	1/4	1/4	1		-5	61		265
24	24	1/2	1/2	2/2	1	2	1/4	1/4	1		-1	65		265
24	24	1/2	1/2	2/2	1	2	1/4	1/4	1		1	67		265
24	24	3/4	3/4	2/2	2	1	1/4	1/4	1		2	38		270
24	24	3/4	3/4	2/2	2	1	1/4	1/4	1		3	45		270
24	24	3/4	3/4	2/2	2	1	1/4	1/4	1		2	50		270
24	24	3/4	3/4	2/2	1	2	1/4	1/4	1		6	54		266
24	24	3/4	3/4	2/2	1	2	1/4	1/4	1		0	60		266
24	24	3/4	3/4	2/2	1	2	1/4	1/4	1		4	64		266
24	24	3/4	3/4	2/2	1	2	1/4	1/4	1		8	68		266
25	25	0	0	2/2	2	1	1/4	1/4	1		-1	41		273
25	25	0	0	2/2	2	1	1/4	1/4	1		2	50		273
25	25	0	0	2/2	2	1	1/4	1/4	1		-2	58		273
25	25	1/8	1/8	2/2	1	1	1/8	1/8	1	1	5	71		271
25	25	1/8	1/8	2/2	1	1	1/8	1/8	1	1	4	76		271
25	25	1/4	1/4	2/2	2	1	1/4	1/4	1		3	57		274
25	25	1/4	1/4	2/2	2	1	1/4	1/4	1		2	62		274
25	25	1/4	1/4	2/2	2	1	1/4	1/4	1		-1	65		274
25	25	1/4	1/4	2/2	1	1	3/4	1/2	3/2	-1	5	71		272
25	25	1/4	1/4	2/2	1	1	3/4	1/2	3/2	-1	4	76		272
25	25	1/2	1/2	2/2	2	1	1/4	1/4	1		-4	56		275
25	25	1/2	1/2	2/2	2	1	1/4	1/4	1		0	60		275
25	25	1/2	1/2	2/2	2	1	1/4	1/4	1		-6	66		275
25	25	3/4	3/4	2/2	2	1	1/4	1/4	1		-3	51		276
25	25	3/4	3/4	2/2	2	1	1/4	1/4	1		-5	61		276
25	25	3/4	3/4	2/2	2	1	1/4	1/4	1		1	67		276
26	26	0	0	2/2	2	1	1/4	1/4	1		1	43		285
26	26	0	0	2/2	2	1	1/4	1/4	1		2	50		285
26	26	0	0	2/2	2	1	1/4	1/4	1		-2	58		285
26	26	0	0	2/2	1	1	1/12	1/8	2/3		8	68		277
26	26	0	0	2/2	1	1	1/12	1/8	2/3		7	73		277
26	26	1/12	1/12	2/2	1	1	1/12	1/8	2/3		3	69		278
26	26	1/12	1/12	2/2	1	1	1/12	1/8	2/3		2	74		278
26	26	1/6	1/6	2/2	1	1	1/12	1/8	2/3		10	70		279
26	26	1/6	1/6	2/2	1	1	1/12	1/8	2/3		9	75		279
26	26	1/4	1/4	2/2	2	1	1/4	1/4	1		5	59		286
26	26	1/4	1/4	2/2	2	1	1/4	1/4	1		-1	65		286
26	26	1/4	1/4	2/2	2	1	1/4	1/4	1		3	69		286
26	26	1/4	1/4	2/2	1	1	3/8	1/4	3/2		5	71		280
26	26	1/4	1/4	2/2	1	1	3/8	1/4	3/2		4	76		280
26	26	1/2	1/2	2/2	2	1	1/4	1/4	1		-1	41		287
26	26	1/2	1/2	2/2	2	1	1/4	1/4	1		0	48		287
26	26	1/2	1/2	2/2	2	1	1/4	1/4	1		-4	56		287
26	26	5/8	5/8	2/2	1	1	1/8	1/8	1	1	8	80		281
26	26	5/8	5/8	2/2	1	1	1/8	1/8	1	1	7	85		281
26	26	3/4	3/4	2/2	2	1	1/4	1/4	1		-3	39		288
26	26	3/4	3/4	2/2	2	1	1/4	1/4	1		-2	46		288
26	26	3/4	3/4	2/2	2	1	1/4	1/4	1		-6	54		288
26	26	3/4	3/4	2/2	1	1	1/12	1/8	2/3	-1	8	80		282
26	26	3/4	3/4	2/2	1	1	1/12	1/8	2/3	-1	7	85		282
26	26	5/6	5/6	2/2	1	1	1/12	1/8	2/3		3	81		283
26	26	5/6	5/6	2/2	1	1	1/12	1/8	2/3		2	86		283
26	26	11/12	11/12	2/2	1	1	1/12	1/8	2/3		10	82		284
26	26	11/12	11/12	2/2	1	1	1/12	1/8	2/3		9	87		284
27	27	0	0	2/2	2	1	1/4	1/4	1		2	38		292
27	27	0	0	2/2	2	1	1/4	1/4	1		3	45		292
27	27	0	0	2/2	2	1	1/4	1/4	1		-1	53		292
27	27	0	0	2/2	1	1	3/8	1/4	3/2		5	83		289
27	27	0	0	2/2	1	1	3/8	1/4	3/2		4	88		289
27	27	1/4	1/4	2/2	2	1	1/4	1/4	1		6	54		293
27	27	1/4	1/4	2/2	2	1	1/4	1/4	1		0	60		293
27	27	1/4	1/4	2/2	2	1	1/4	1/4	1		2	62		293
27	27	3/8	3/8	2/2	1	1	1/4	1/4	1		5	71		290
27	27	3/8	3/8	2/2	1	1	1/4	1/4	1		4	76		290
27	27	1/2	1/2	2/2	2	1	1/4	1/4	1		0	36		294
27	27	1/2	1/2	2/2	2	1	1/4	1/4	1		1	43		294
27	27	1/2	1/2	2/2	2	1	1/4	1/4	1		-3	51		294
27	27	5/8	5/8	2/2	1	1	3/8	1/4	3/2		8	68		291
27	27	5/8	5/8	2/2	1	1	3/8	1/4	3/2		7	73		291
27	27	3/4	3/4	2/2	2	1	1/4	1/4	1		4	52		295
27	27	3/4	3/4	2/2	2	1	1/4	1/4	1		-2	58		295
27	27	3/4	3/4	2/2	2	1	1/4	1/4	1		0	60		295
28	28	0	0	2/2	2	1	1/4	1/4	1		5	35		301
28	28	0	0	2/2	2	1	1/4	1/4	1		6	42		301
28	28	0	0	2/2	2	1	1/4	1/4	1		2	50		301
28	28	0	0	2/2	1	1	1/8	1/8	1		5	71		296
28	28	0	0	2/2	1	1	1/8	1/8	1		4	76		296
28	28	1/8	1/8	2/2	1	1	1/8	1/8	1	1	8	68		297
28	28	1/8	1/8	2/2	1	1	1/8	1/8	1	1	7	73		297
28	28	1/4	1/4	2/2	2	1	3/16	1/8	3/2		9	51		302
28	28	1/4	1/4	2/2	2	1	3/16	1/8	3/2		3	57		302
28	28	1/4	1/4	2/2	2	1	3/16	1/8	3/2		5	59		302
28	28	1/4	1/4	2/2	1	1	1/2	1/2	1	0	8	68		298
28	28	1/4	1/4	2/2	1	1	1/2	1/2	1	0	7	73		298
28	28	7/16	7/16	2/2	2	1	1/16	1/16	1		0	60		303
28	28	1/2	1/2	2/2	2	1	3/16	1/8	3/2		6	54		304
28	28	1/2	1/2	2/2	2	1	3/16	1/8	3/2		3	57		304
28	28	1/2	1/2	2/2	2	1	3/16	1/8	3/2		7	61		304
28	28	11/16	11/16	2/2	2	1	1/16	1/16	1		2	62		305
28	28	3/4	3/4	2/2	2	1	1/4	1/4	1		3	57		306
28	28	3/4	3/4	2/2	2	1	1/4	1/4	1		7	61		306
28	28	3/4	3/4	2/2	2	1	1/4	1/4	1		9	63		306
28	28	3/4	3/4	2/2	1	1	1/8	1/8	1	-1	8	68		299
28	28	3/4	3/4	2/2	1	1	1/8	1/8	1	-1	7	73		299
28	28	7/8	7/8	2/2	1	1	1/8	1/8	1	1	8	80		300
28	28	7/8	7/8	2/2	1	1	1/8	1/8	1	1	7	85		300
29	29	0	0	2/2	2	1	1/4	1/4	1		4	40		314
29	29	0	0	2/2	2	1	1/4	1/4	1		5	47		314
29	29	0	0	2/2	2	1	1/4	1/4	1		1	55		314
29	29	0	0	2/2	1	1	3/16	1/8	3/2	-1	8	80		307
29	29	0	0	2/2	1	1	3/16	1/8	3/2	-1	7	85		307
29	29	3/16	3/16	2/2	1	1	1/16	1/16	1		11	77		308
29	29	3/16	3/16	2/2	1	1	1/16	1/16	1		10	82		308
29	29	1/4	1/4	2/2	2	1	1/4	1/4	1		8	56		315
29	29	1/4	1/4	2/2	2	1	1/4	1/4	1		2	62		315
29	29	1/4	1/4	2/2	2	1	1/4	1/4	1		4	64		315
29	29	1/4	1/4	2/2	1	1	3/16	1/8	3/2		6	78		309
29	29	1/4	1/4	2/2	1	1	3/16	1/8	3/2		5	83		309
29	29	7/16	7/16	2/2	1	1	1/16	1/16	1		1	79		310
29	29	7/16	7/16	2/2	1	1	1/16	1/16	1		0	84		310
29	29	1/2	1/2	2/2	2	1	1/4	1/4	1		2	38		316
29	29	1/2	1/2	2/2	2	1	1/4	1/4	1		3	45		316
29	29	1/2	1/2	2/2	2	1	1/4	1/4	1		-1	53		316
29	29	1/2	1/2	2/2	1	1	1/4	1/4	1		8	80		311
29	29	1/2	1/2	2/2	1	1	1/4	1/4	1		7	85		311
29	29	3/4	3/4	2/2	2	1	1/4	1/4	1		9	39		317
29	29	3/4	3/4	2/2	2	1	1/4	1/4	1		10	46		317
29	29	3/4	3/4	2/2	2	1	1/4	1/4	1		6	54		317
29	29	5/6	5/6	2/2	1	1	1/12	1/8	2/3		8	68		312
29	29	5/6	5/6	2/2	1	1	1/12	1/8	2/3		7	73		312
29	29	11/12	11/12	2/2	1	1	1/12	1/8	2/3		11	65		313
29	29	11/12	11/12	2/2	1	1	1/12	1/8	2/3		10	70		313
30	30	0	0	2/2	2	1	1/4	1/4	1		4	40		326
30	30	0	0	2/2	2	1	1/4	1/4	1		5	47		326
30	30	0	0	2/2	2	1	1/4	1/4	1		1	55		326
30	30	0	0	2/2	1	1	3/16	1/8	3/2		6	66		318
30	30	0	0	2/2	1	1	3/16	1/8	3/2		5	71		318
30	30	3/16	3/16	2/2	1	1	1/16	1/16	1		1	67		319
30	30	3/16	3/16	2/2	1	1	1/16	1/16	1		0	72		319
30	30	1/4	1/4	2/2	2	1	1/4	1/4	1		8	56		327
30	30	1/4	1/4	2/2	2	1	1/4	1/4	1		2	62		327
30	30	1/4	1/4	2/2	2	1	1/4	1/4	1		4	64		327
30	30	1/4	1/4	2/2	1	1	1/16	1/16	1		8	68		320
30	30	1/4	1/4	2/2	1	1	1/16	1/16	1		7	73		320
30	30	3/8	3/8	2/2	1	1	1/8	1/8	1	1	8	80		321
30	30	3/8	3/8	2/2	1	1	1/8	1/8	1	1	7	85		321
30	30	1/2	1/2	2/2	2	1	1/4	1/4	1		1	43		328
30	30	1/2	1/2	2/2	2	1	1/4	1/4	1		2	50		328
30	30	1/2	1/2	2/2	2	1	1/4	1/4	1		-2	58		328
30	30	1/2	1/2	2/2	1	1	3/16	1/8	3/2	-1	8	80		322
30	30	1/2	1/2	2/2	1	1	3/16	1/8	3/2	-1	7	85		322
30	30	11/16	11/16	2/2	1	1	1/16	1/16	1		11	77		323
30	30	11/16	11/16	2/2	1	1	1/16	1/16	1		10	82		323
30	30	3/4	3/4	2/2	2	1	1/4	1/4	1		5	59		329
30	30	3/4	3/4	2/2	2	1	1/4	1/4	1		2	62		329
30	30	3/4	3/4	2/2	2	1	1/4	1/4	1		-1	65		329
30	30	3/4	3/4	2/2	2	1	1/4	1/4	1		1	67		329
30	30	3/4	3/4	2/2	1	1	3/16	1/8	3/2		6	78		324
30	30	3/4	3/4	2/2	1	1	3/16	1/8	3/2		5	83		324
30	30	15/16	15/16	2/2	1	1	1/16	1/16	1		1	79		325
30	30	15/16	15/16	2/2	1	1	1/16	1/16	1		0	84		325
31	31	0	0	2/2	2	1	1/4	1/4	1		6	42		338
31	31	0	0	2/2	2	1	1/4	1/4	1		7	49		338
31	31	0	0	2/2	2	1	1/4	1/4	1		3	57		338
31	31	0	0	2/2	1	1	1/8	1/8	1		8	80		330
31	31	0	0	2/2	1	1	1/8	1/8	1		7	85		330
31	31	1/4	1/4	2/2	2	1	1/4	1/4	1		10	58		339
31	31	1/4	1/4	2/2	2	1	1/4	1/4	1		7	61		339
31	31	1/4	1/4	2/2	2	1	1/4	1/4	1		4	64		339
31	31	1/4	1/4	2/2	2	1	1/4	1/4	1		6	66		339
31	31	1/4	1/4	2/2	1	1	3/16	1/8	3/2		8	68		331
31	31	1/4	1/4	2/2	1	1	3/16	1/8	3/2		7	73		331
31	31	7/16	7/16	2/2	1	1	1/16	1/16	1	1	11	65		332
31	31	7/16	7/16	2/2	1	1	1/16	1/16	1	1	10	70		332
31	31	1/2	1/2	2/2	2	1	1/4	1/4	1		-1	41		340
31	31	1/2	1/2	2/2	2	1	1/4	1/4	1		0	48		340
31	31	1/2	1/2	2/2	2	1	1/4	1/4	1		-4	56		340
31	31	1/2	1/2	2/2	1	1	1/12	1/8	2/3	-1	11	65		333
31	31	1/2	1/2	2/2	1	1	1/12	1/8	2/3	-1	10	70		333
31	31	7/12	7/12	2/2	1	1	1/12	1/8	2/3		6	66		334
31	31	7/12	7/12	2/2	1	1	1/12	1/8	2/3		5	71		334
31	31	2/3	2/3	2/2	1	1	1/12	1/8	2/3		1	67		335
31	31	2/3	2/3	2/2	1	1	1/12	1/8	2/3		0	72		335
31	31	3/4	3/4	2/2	2	1	1/4	1/4	1		4	40		341
31	31	3/4	3/4	2/2	2	1	1/4	1/4	1		5	47		341
31	31	3/4	3/4	2/2	2	1	1/4	1/4	1		1	55		341
31	31	3/4	3/4	2/2	1	1	3/16	1/8	3/2		8	68		336
31	31	3/4	3/4	2/2	1	1	3/16	1/8	3/2		7	73		336
31	31	15/16	15/16	2/2	1	1	1/16	1/16	1		6	66		337
31	31	15/16	15/16	2/2	1	1	1/16	1/16	1		9	75		337
32	32	0	0	2/2	2	1	1/4	1/4	1		-3	39		343
32	32	0	0	2/2	2	1	1/4	1/4	1		-2	46		343
32	32	0	0	2/2	2	1	1/4	1/4	1		-6	54		343
32	32	0	0	2/2	1	1	1	1	1		-1	65		342
32	32	0	0	2/2	1	1	1	1	1		-2	70		342
32	32	1/4	1/4	2/2	2	1	1/4	1/4	1		1	55		344
32	32	1/4	1/4	2/2	2	1	1/4	1/4	1		-5	61		344
32	32	1/4	1/4	2/2	2	1	1/4	1/4	1		-3	63		344
32	32	1/2	1/2	2/2	2	2	1/4	1/4	1		2	38		347
32	32	1/2	1/2	2/2	2	2	1/4	1/4	1		2	50		347
32	32	1/2	1/2	2/2	2	1	1/4	1/4	1		6	54		345
32	32	1/2	1/2	2/2	2	1	1/4	1/4	1		0	60		345
32	32	1/2	1/2	2/2	2	1	1/4	1/4	1		4	64		345
32	32	3/4	3/4	2/2	2	2	1/4	1/4	1		7	37		348
32	32	3/4	3/4	2/2	2	2	1/4	1/4	1		7	49		348
32	32	3/4	3/4	2/2	2	1	1/4	1/4	1		11	53		346
32	32	3/4	3/4	2/2	2	1	1/4	1/4	1		5	59		346
32	32	3/4	3/4	2/2	2	1	1/4	1/4	1		11	65		346
33	33	0	0	2/2	2	1	1/4	1/4	1		0	36		351
33	33	0	0	2/2	2	1	1/4	1/4	1		1	43		351
33	33	0	0	2/2	2	1	1/4	1/4	1		-3	51		351
33	33	1/8	1/8	2/2	1	1	1/8	1/8	1	1	7	73		349
33	33	1/8	1/8	2/2	1	1	1/8	1/8	1	1	6	78		349
33	33	1/4	1/4	2/2	2	1	1/4	1/4	1		4	52		352
33	33	1/4	1/4	2/2	2	1	1/4	1/4	1		-2	58		352
33	33	1/4	1/4	2/2	2	1	1/4	1/4	1		0	60		352
33	33	1/4	1/4	2/2	1	1	3/4	1/2	3/2	-1	7	73		350
33	33	1/4	1/4	2/2	1	1	3/4	1/2	3/2	-1	6	78		350
33	33	1/2	1/2	2/2	2	1	1/4	1/4	1		-3	39		353
33	33	1/2	1/2	2/2	2	1	1/4	1/4	1		-2	46		353
33	33	1/2	1/2	2/2	2	1	1/4	1/4	1		-6	54		353
33	33	3/4	3/4	2/2	2	1	1/4	1/4	1		1	55		354
33	33	3/4	3/4	2/2	2	1	1/4	1/4	1		-5	61		354
33	33	3/4	3/4	2/2	2	1	1/4	1/4	1		-3	63		354
34	34	0	0	2/2	2	1	1/4	1/4	1		8	56		364
34	34	0	0	2/2	2	1	1/4	1/4	1		2	62		364
34	34	0	0	2/2	2	1	1/4	1/4	1		4	64		364
34	34	0	0	2/2	1	1	1/12	1/8	2/3		0	72		355
34	34	0	0	2/2	1	1	1/12	1/8	2/3		4	76		355
34	34	1/12	1/12	2/2	1	1	1/12	1/8	2/3		5	71		356
34	34	1/12	1/12	2/2	1	1	1/12	1/8	2/3		7	73		356
34	34	1/6	1/6	2/2	1	1	1/12	1/8	2/3		0	72		357
34	34	1/6	1/6	2/2	1	1	1/12	1/8	2/3		4	76		357
34	34	1/4	1/4	2/2	2	1	1/4	1/4	1		9	39		365
34	34	1/4	1/4	2/2	2	1	1/4	1/4	1		10	46		365
34	34	1/4	1/4	2/2	2	1	1/4	1/4	1		6	54		365
34	34	1/4	1/4	2/2	1	1	1/8	1/8	1		7	73		358
34	34	1/4	1/4	2/2	1	1	1/8	1/8	1		6	78		358
34	34	3/8	3/8	2/2	1	1	1/8	1/8	1	1	7	73		359
34	34	3/8	3/8	2/2	1	1	1/8	1/8	1	1	6	78		359
34	34	1/2	1/2	2/2	2	1	1/4	1/4	1		4	40		366
34	34	1/2	1/2	2/2	2	1	1/4	1/4	1		5	47		366
34	34	1/2	1/2	2/2	2	1	1/4	1/4	1		1	55		366
34	34	1/2	1/2	2/2	1	1	1/8	1/8	1	-1	7	73		360
34	34	1/2	1/2	2/2	1	1	1/8	1/8	1	-1	6	78		360
34	34	5/8	5/8	2/2	1	1	1/8	1/8	1		7	73		361
34	34	5/8	5/8	2/2	1	1	1/8	1/8	1		6	78		361
34	34	3/4	3/4	2/2	2	1	1/4	1/4	1		8	56		367
34	34	3/4	3/4	2/2	2	1	1/4	1/4	1		2	62		367
34	34	3/4	3/4	2/2	2	1	1/4	1/4	1		4	64		367
34	34	3/4	3/4	2/2	1	1	1/8	1/8	1		5	71		362
34	34	3/4	3/4	2/2	1	1	1/8	1/8	1		7	73		362
34	34	7/8	7/8	2/2	1	1	1/8	1/8	1		0	72		363
34	34	7/8	7/8	2/2	1	1	1/8	1/8	1		4	76		363
35	35	0	0	2/2	2	1	1/4	1/4	1		9	39		379
35	35	0	0	2/2	2	1	1/4	1/4	1		10	46		379
35	35	0	0	2/2	2	1	1/4	1/4	1		6	54		379
35	35	0	0	2/2	1	1	1/16	1/16	1		7	73		368
35	35	0	0	2/2	1	1	1/16	1/16	1		6	78		368
35	35	1/16	1/16	2/2	1	1	1/16	1/16	1		7	73		369
35	35	1/16	1/16	2/2	1	1	1/16	1/16	1		6	78		369
35	35	1/8	1/8	2/2	1	1	1/8	1/8	1	1	7	73		370
35	35	1/8	1/8	2/2	1	1	1/8	1/8	1	1	6	78		370
35	35	1/4	1/4	2/2	2	1	1/4	1/4	1		4	40		380
35	35	1/4	1/4	2/2	2	1	1/4	1/4	1		5	47		380
35	35	1/4	1/4	2/2	2	1	1/4	1/4	1		1	55		380
35	35	1/4	1/4	2/2	1	1	1/8	1/8	1	-1	7	73		371
35	35	1/4	1/4	2/2	1	1	1/8	1/8	1	-1	6	78		371
35	35	3/8	3/8	2/2	1	1	1/8	1/8	1		0	72		372
35	35	3/8	3/8	2/2	1	1	1/8	1/8	1		4	76		372
35	35	1/2	1/2	2/2	2	1	1/4	1/4	1		8	56		381
35	35	1/2	1/2	2/2	2	1	1/4	1/4	1		2	62		381
35	35	1/2	1/2	2/2	2	1	1/4	1/4	1		4	64		381
35	35	1/2	1/2	2/2	1	1	1/8	1/8	1		5	71		373
35	35	1/2	1/2	2/2	1	1	1/8	1/8	1		7	73		373
35	35	5/8	5/8	2/2	1	1	1/8	1/8	1		0	72		374
35	35	5/8	5/8	2/2	1	1	1/8	1/8	1	1	4	76		374
35	35	3/4	3/4	2/2	2	1	1/4	1/4	1		-1	41		382
35	35	3/4	3/4	2/2	2	1	1/4	1/4	1		0	48		382
35	35	3/4	3/4	2/2	2	1	1/4	1/4	1		-4	56		382
35	35	3/4	3/4	2/2	1	2	1/12	1/8	2/3		5	71		376
35	35	3/4	3/4	2/2	1	1	1/4	1/4	1	-1	4	76		375
35	35	5/6	5/6	2/2	1	2	1/12	1/8	2/3		10	70		377
35	35	11/12	11/12	2/2	1	2	1/12	1/8	2/3	1	3	69		378
36	36	0	0	2/2	2	1	1/4	1/4	1		6	42		390
36	36	0	0	2/2	2	1	1/4	1/4	1		7	49		390
36	36	0	0	2/2	2	1	1/4	1/4	1		3	57		390
36	36	0	0	2/2	1	1	1/8	1/8	1	-1	3	69		383
36	36	0	0	2/2	1	1	1/8	1/8	1		4	76		383
36	36	1/8	1/8	2/2	1	1	1/8	1/8	1	1	8	68		384
36	36	1/8	1/8	2/2	1	1	1/8	1/8	1		7	73		384
36	36	1/4	1/4	2/2	2	1	1/4	1/4	1		10	58		391
36	36	1/4	1/4	2/2	2	1	1/4	1/4	1		7	61		391
36	36	1/4	1/4	2/2	2	1	1/4	1/4	1		4	64		391
36	36	1/4	1/4	2/2	2	1	1/4	1/4	1		6	66		391
36	36	1/4	1/4	2/2	1	2	1/4	1/4	1	0	8	68		386
36	36	1/4	1/4	2/2	1	1	3/4	1/2	3/2		7	73		385
36	36	1/2	1/2	2/2	2	1	1/4	1/4	1		8	56		392
36	36	1/2	1/2	2/2	2	1	1/4	1/4	1		5	59		392
36	36	1/2	1/2	2/2	2	1	1/4	1/4	1		2	62		392
36	36	1/2	1/2	2/2	2	1	1/4	1/4	1		4	64		392
36	36	1/2	1/2	2/2	1	2	1/8	1/8	1	-1	8	68		387
36	36	5/8	5/8	2/2	1	2	1/4	1/4	1		11	65		388
36	36	3/4	3/4	2/2	2	1	1/4	1/4	1		6	54		393
36	36	3/4	3/4	2/2	2	1	1/4	1/4	1		3	57		393
36	36	3/4	3/4	2/2	2	1	1/4	1/4	1		0	60		393
36	36	3/4	3/4	2/2	2	1	1/4	1/4	1		2	62		393
36	36	7/8	7/8	2/2	1	2	1/8	1/8	1		6	66		389
37	37	0	0	2/2	2	1	1/4	1/4	1		5	35		401
37	37	0	0	2/2	2	1	1/4	1/4	1		6	42		401
37	37	0	0	2/2	2	1	1/4	1/4	1		2	50		401
37	37	0	0	2/2	1	1	1/8	1/8	1		13	67		394
37	37	1/8	1/8	2/2	1	1	1/8	1/8	1	1	8	68		395
37	37	1/8	1/8	2/2	1	1	1/8	1/8	1	1	7	73		395
37	37	1/4	1/4	2/2	2	1	1/4	1/4	1		9	51		402
37	37	1/4	1/4	2/2	2	1	1/4	1/4	1		3	57		402
37	37	1/4	1/4	2/2	2	1	1/4	1/4	1		5	59		402
37	37	1/4	1/4	2/2	1	1	1/4	1/4	1	0	8	68		396
37	37	1/4	1/4	2/2	1	1	1/4	1/4	1	0	7	73		396
37	37	1/2	1/2	2/2	2	1	1/4	1/4	1		4	40		403
37	37	1/2	1/2	2/2	2	1	1/4	1/4	1		5	47		403
37	37	1/2	1/2	2/2	2	1	1/4	1/4	1		1	55		403
37	37	1/2	1/2	2/2	1	1	3/16	1/8	3/2	-1	8	68		397
37	37	1/2	1/2	2/2	1	1	3/16	1/8	3/2	-1	7	73		397
37	37	11/16	11/16	2/2	1	1	1/16	1/16	1		1	67		398
37	37	11/16	11/16	2/2	1	1	1/16	1/16	1		5	71		398
37	37	3/4	3/4	2/2	2	1	1/4	1/4	1		8	56		404
37	37	3/4	3/4	2/2	2	1	1/4	1/4	1		2	62		404
37	37	3/4	3/4	2/2	2	1	1/4	1/4	1		4	64		404
37	37	3/4	3/4	2/2	1	1	3/16	1/8	3/2		6	66		399
37	37	3/4	3/4	2/2	1	1	3/16	1/8	3/2		8	68		399
37	37	15/16	15/16	2/2	1	1	1/16	1/16	1		13	67		400
37	37	15/16	15/16	2/2	1	1	1/16	1/16	1		5	71		400
38	38	0	0	2/2	2	1	1/4	1/4	1		1	43		414
38	38	0	0	2/2	2	1	1/4	1/4	1		2	50		414
38	38	0	0	2/2	2	1	1/4	1/4	1		-2	58		414
38	38	0	0	2/2	1	1	1/12	1/8	2/3		8	68		405
38	38	0	0	2/2	1	1	1/12	1/8	2/3		7	73		405
38	38	1/12	1/12	2/2	1	1	1/12	1/8	2/3		3	69		406
38	38	1/12	1/12	2/2	1	1	1/12	1/8	2/3		4	76		406
38	38	1/6	1/6	2/2	1	1	1/12	1/8	2/3	1	8	68		407
38	38	1/6	1/6	2/2	1	1	1/12	1/8	2/3	1	7	73		407
38	38	1/4	1/4	2/2	2	1	1/4	1/4	1		5	59		415
38	38	1/4	1/4	2/2	2	1	1/4	1/4	1		-1	65		415
38	38	1/4	1/4	2/2	2	1	1/4	1/4	1		1	67		415
38	38	1/4	1/4	2/2	1	1	1/8	1/8	1	-1	8	68		408
38	38	1/4	1/4	2/2	1	1	1/8	1/8	1	-1	7	73		408
38	38	3/8	3/8	2/2	1	1	1/8	1/8	1	1	8	68		409
38	38	3/8	3/8	2/2	1	1	1/8	1/8	1	1	7	73		409
38	38	1/2	1/2	2/2	2	1	1/4	1/4	1		-1	41		416
38	38	1/2	1/2	2/2	2	1	1/4	1/4	1		0	48		416
38	38	1/2	1/2	2/2	2	1	1/4	1/4	1		-4	56		416
38	38	1/2	1/2	2/2	1	1	1/8	1/8	1	-1	8	68		410
38	38	1/2	1/2	2/2	1	1	1/8	1/8	1	-1	7	73		410
38	38	5/8	5/8	2/2	1	1	1/8	1/8	1		3	69		411
38	38	5/8	5/8	2/2	1	1	1/8	1/8	1		4	76		411
38	38	3/4	3/4	2/2	2	1	1/4	1/4	1		3	57		417
38	38	3/4	3/4	2/2	2	1	1/4	1/4	1		-3	63		417
38	38	3/4	3/4	2/2	2	1	1/4	1/4	1		-1	65		417
38	38	3/4	3/4	2/2	1	1	1/8	1/8	1		8	68		412
38	38	3/4	3/4	2/2	1	1	1/8	1/8	1		7	73		412
38	38	7/8	7/8	2/2	1	1	1/8	1/8	1		1	67		413
38	38	7/8	7/8	2/2	1	1	1/8	1/8	1		5	71		413
39	39	0	0	2/2	2	1	1/4	1/4	1		4	40		426
39	39	0	0	2/2	2	1	1/4	1/4	1		5	47		426
39	39	0	0	2/2	2	1	1/4	1/4	1		1	55		426
39	39	0	0	2/2	1	1	1/16	1/16	1		6	66		418
39	39	0	0	2/2	1	1	1/16	1/16	1		7	73		418
39	39	1/16	1/16	2/2	1	1	1/8	1/8	1		-1	65		419
39	39	1/16	1/16	2/2	1	1	1/8	1/8	1		5	71		419
39	39	3/16	3/16	2/2	1	1	1/16	1/16	1	1	4	64		420
39	39	3/16	3/16	2/2	1	1	1/16	1/16	1	1	8	68		420
39	39	1/4	1/4	2/2	2	1	1/4	1/4	1		6	54		427
39	39	1/4	1/4	2/2	2	1	1/4	1/4	1		8	56		427
39	39	1/4	1/4	2/2	2	1	1/4	1/4	1		2	62		427
39	39	1/4	1/4	2/2	1	1	1/4	1/4	1	-1	4	64		421
39	39	1/4	1/4	2/2	1	1	1/4	1/4	1	-1	8	68		421
39	39	1/2	1/2	2/2	2	1	1/4	1/4	1		2	38		428
39	39	1/2	1/2	2/2	2	1	1/4	1/4	1		3	45		428
39	39	1/2	1/2	2/2	2	1	1/4	1/4	1		-1	53		428
39	39	1/2	1/2	2/2	1	1	1/16	1/16	1		9	63		422
39	39	9/16	9/16	2/2	1	1	3/16	1/8	3/2	1	4	64		423
39	39	9/16	9/16	2/2	1	1	3/16	1/8	3/2	1	5	71		423
39	39	3/4	3/4	2/2	2	1	1/4	1/4	1		6	54		429
39	39	3/4	3/4	2/2	2	1	1/4	1/4	1		0	60		429
39	39	3/4	3/4	2/2	2	1	1/4	1/4	1		2	62		429
39	39	3/4	3/4	2/2	1	1	1/16	1/16	1	-1	4	64		424
39	39	3/4	3/4	2/2	1	1	1/16	1/16	1	-1	5	71		424
39	39	7/8	7/8	2/2	1	1	1/8	1/8	1	1	9	63		425
39	39	7/8	7/8	2/2	1	1	1/8	1/8	1	1	8	68		425
40	40	0	0	2/2	2	1	1/4	1/4	1		7	37	1	431
40	40	0	0	2/2	2	1	1/4	1/4	1		8	44	1	431
40	40	0	0	2/2	2	1	1/4	1/4	1		4	52	1	431
40	40	0	0	2/2	1	1	1	1	1	-1	9	63	1	430
40	40	0	0	2/2	1	1	1	1	1	-1	8	68	1	430
40	40	1/4	1/4	2/2	2	1	1/4	1/4	1		11	53	1	432
40	40	1/4	1/4	2/2	2	1	1/4	1/4	1		5	59	1	432
40	40	1/4	1/4	2/2	2	1	1/4	1/4	1		7	61	1	432
40	40	1/2	1/2	2/2	2	1	1/4	1/4	1		-2	34	1	433
40	40	1/2	1/2	2/2	2	1	1/4	1/4	1		-2	46	1	433
40	40	1/2	1/2	2/2	2	3	1/4	1/4	1		-1	53	1	435
40	40	1/2	1/2	2/2	2	3	1/4	1/4	1		-4	56	1	435
40	40	1/2	1/2	2/2	2	3	1/4	1/4	1		0	60	1	435
40	40	1/2	1/2	2/2	2	3	1/4	1/4	1		2	62	1	435
40	40	3/4	3/4	2/2	2	1	1/4	1/4	1		5	35	1	434
40	40	3/4	3/4	2/2	2	1	1/4	1/4	1		5	47	1	434
40	40	3/4	3/4	2/2	2	3	1/4	1/4	1		6	54	1	436
40	40	3/4	3/4	2/2	2	3	1/4	1/4	1		3	57	1	436
40	40	3/4	3/4	2/2	2	3	1/4	1/4	1		7	61	1	436
40	40	3/4	3/4	2/2	2	3	1/4	1/4	1		9	63	1	436
41	40	0	0	2/2	2	1	1/4	1/4	1		7	37	2	440
41	40	0	0	2/2	2	1	1/4	1/4	1		8	44	2	440
41	40	0	0	2/2	2	1	1/4	1/4	1		4	52	2	440
41	40	0	0	2/2	1	1	1/2	1/2	1	1	9	63	2	437
41	40	0	0	2/2	1	1	1/2	1/2	1	1	8	68	2	437
41	40	1/4	1/4	2/2	2	1	1/4	1/4	1		11	53	2	441
41	40	1/4	1/4	2/2	2	1	1/4	1/4	1		5	59	2	441
41	40	1/4	1/4	2/2	2	1	1/4	1/4	1		7	61	2	441
41	40	1/2	1/2	2/2	2	1	1/4	1/4	1		2	38	2	442
41	40	1/2	1/2	2/2	2	1	1/4	1/4	1		3	45	2	442
41	40	1/2	1/2	2/2	2	1	1/4	1/4	1		-1	53	2	442
41	40	1/2	1/2	2/2	1	1	1/8	1/8	1	-1	9	63	2	438
41	40	1/2	1/2	2/2	1	1	1/8	1/8	1	-1	8	68	2	438
41	40	5/8	5/8	2/2	1	1	3/8	1/4	3/2		4	64	2	439
41	40	5/8	5/8	2/2	1	1	3/8	1/4	3/2		5	71	2	439
41	40	3/4	3/4	2/2	2	1	1/4	1/4	1		6	54	2	443
41	40	3/4	3/4	2/2	2	1	1/4	1/4	1		0	60	2	443
41	40	3/4	3/4	2/2	2	1	1/4	1/4	1		2	62	2	443
42	41	0	0	2/2	2	1	1/4	1/4	1		-2	46	2	450
42	41	0	0	2/2	1	3	1/8	1/8	1		-3	63	2	446
42	41	0	0	2/2	1	2	1	1	1		8	68	2	445
42	41	1/8	1/8	2/2	1	3	1/4	1/4	1		2	62	2	447
42	41	1/4	1/4	2/2	2	1	1/4	1/4	1		-4	56	2	451
42	41	1/4	1/4	2/2	2	1	1/4	1/4	1		-1	65	2	451
42	41	3/8	3/8	2/2	1	3	1/8	1/8	1	1	7	61	2	448
42	41	1/2	1/2	2/2	2	1	1/4	1/4	1		3	57	2	452
42	41	1/2	1/2	2/2	1	3	1/2	1/2	1	-1	7	61	2	449
42	41	1/2	1/2	2/2	2	1	1/4	1/4	1		4	64	2	452
42	41	5/8	5/8	2/2	1	1	3/8	1/4	3/2		5	83	2	444
42	41	3/4	3/4	2/2	2	1	1/4	1/4	1		5	35	2	453
