mc	mn	quarterbeats	duration_qb	volta	mc_onset	mn_onset	timesig	staff	voice	duration	nominal_duration	scalar	tied	tpc	midi	name	octave	chord_id
1	1	0	0.25		0	0	2/4	2	1	1/16	1/16	1		3	57	A3	3	8
1	1	0	0.25		0	0	2/4	2	1	1/16	1/16	1		4	64	E4	4	8
1	1	0	0.125		0	0	2/4	1	1	1/32	1/32	1		3	69	A4	4	0
1	1	0	0.125		0	0	2/4	1	1	1/32	1/32	1		2	74	D5	5	0
1	1	1/4	0.125		1/16	1/16	2/4	1	1	1/32	1/32	1		6	66	F#4	4	1
1	1	1/4	0.125		1/16	1/16	2/4	1	1	1/32	1/32	1		7	73	C#5	5	1
1	1	3/8	0.125		3/32	3/32	2/4	1	1	1/32	1/32	1		3	69	A4	4	2
1	1	3/8	0.125		3/32	3/32	2/4	1	1	1/32	1/32	1		2	74	D5	5	2
1	1	1/2	0.25		1/8	1/8	2/4	2	1	1/16	1/16	1		3	45	A2	2	9
1	1	1/2	0.25		1/8	1/8	2/4	2	1	1/16	1/16	1		6	54	F#3	3	9
1	1	1/2	0.25		1/8	1/8	2/4	1	1	1/16	1/16	1		6	66	F#4	4	3
1	1	1/2	0.25		1/8	1/8	2/4	1	1	1/16	1/16	1		5	71	B4	4	3
1	1	3/4	0.25		3/16	3/16	2/4	2	1	1/16	1/16	1		2	38	D2	2	10
1	1	3/4	0.25		3/16	3/16	2/4	1	1	1/16	1/16	1		-1	65	F4	4	4
1	1	3/4	0.25		3/16	3/16	2/4	1	1	1/16	1/16	1		-2	70	Bb4	4	4
1	1	1	0.25		1/4	1/4	2/4	2	1	1/16	1/16	1		3	45	A2	2	11
1	1	1	0.25		1/4	1/4	2/4	2	1	1/16	1/16	1		6	54	F#3	3	11
1	1	1	0.25		1/4	1/4	2/4	1	1	1/16	1/16	1		6	66	F#4	4	5
1	1	1	0.25		1/4	1/4	2/4	1	1	1/16	1/16	1		7	73	C#5	5	5
1	1	3/2	0.25		3/8	3/8	2/4	2	1	1/16	1/16	1		0	60	C4	4	12
1	1	3/2	0.25		3/8	3/8	2/4	1	1	1/16	1/16	1		-1	65	F4	4	6
1	1	3/2	0.25		3/8	3/8	2/4	2	1	1/16	1/16	1		1	67	G4	4	12
1	1	3/2	0.25		3/8	3/8	2/4	1	1	1/16	1/16	1		0	72	C5	5	6
1	1	7/4	0.25		7/16	7/16	2/4	2	1	1/16	1/16	1		3	57	A3	3	13
1	1	7/4	0.25		7/16	7/16	2/4	1	1	1/16	1/16	1		4	64	E4	4	7
1	1	7/4	0.25		7/16	7/16	2/4	2	1	1/16	1/16	1		6	66	F#4	4	13
1	1	7/4	0.25		7/16	7/16	2/4	1	1	1/16	1/16	1		3	69	A4	4	7
2	2	2	0.25		0	0	2/4	2	1	1/16	1/16	1		0	60	C4	4	25
2	2	2	0.125		0	0	2/4	1	1	1/32	1/32	1		-1	65	F4	4	14
2	2	2	0.25		0	0	2/4	2	1	1/16	1/16	1		1	67	G4	4	25
2	2	2	0.125		0	0	2/4	1	1	1/32	1/32	1		0	72	C5	5	14
2	2	9/4	0.125		1/16	1/16	2/4	1	1	1/32	1/32	1		4	64	E4	4	15
2	2	9/4	0.125		1/16	1/16	2/4	1	1	1/32	1/32	1		5	71	B4	4	15
2	2	19/8	0.125		3/32	3/32	2/4	1	1	1/32	1/32	1		-1	65	F4	4	16
2	2	19/8	0.125		3/32	3/32	2/4	1	1	1/32	1/32	1		0	72	C5	5	16
2	2	5/2	0.25		1/8	1/8	2/4	2	1	1/16	1/16	1		3	45	A2	2	26
2	2	5/2	0.25		1/8	1/8	2/4	2	1	1/16	1/16	1		-1	53	F3	3	26
2	2	5/2	0.25		1/8	1/8	2/4	1	1	1/16	1/16	1		4	64	E4	4	17
2	2	5/2	0.25		1/8	1/8	2/4	1	1	1/16	1/16	1		5	71	B4	4	17
2	2	11/4	0.25		3/16	3/16	2/4	2	1	1/16	1/16	1		2	38	D2	2	27
2	2	11/4	0.25		3/16	3/16	2/4	1	1	1/16	1/16	1		9	63	D#4	4	18
2	2	11/4	0.25		3/16	3/16	2/4	1	1	1/16	1/16	1		8	68	G#4	4	18
2	2	3	0.25		1/4	1/4	2/4	2	1	1/16	1/16	1		3	45	A2	2	28
2	2	3	0.25		1/4	1/4	2/4	2	1	1/16	1/16	1		6	54	F#3	3	28
2	2	3	0.25		1/4	1/4	2/4	1	1	1/16	1/16	1		4	64	E4	4	19
2	2	3	0.25		1/4	1/4	2/4	1	1	1/16	1/16	1		5	71	B4	4	19
2	2	63/16	0.0125		31/64	31/64	2/4	1	1	1/320	1/256	4/5		4	64	E4	4	20
2	2	79/20	0.0125		39/80	39/80	2/4	1	1	1/320	1/256	4/5		-3	63	Eb4	4	21
2	2	317/80	0.0125		157/320	157/320	2/4	1	1	1/320	1/256	4/5		2	62	D4	4	22
2	2	159/40	0.0125		79/160	79/160	2/4	1	1	1/320	1/256	4/5		-3	63	Eb4	4	23
2	2	319/80	0.0125		159/320	159/320	2/4	1	1	1/320	1/256	4/5		4	64	E4	4	24
3	3	4	0.25		0	0	2/4	2	1	1/16	1/16	1		1	43	G2	2	36
3	3	4	0.25		0	0	2/4	2	1	1/16	1/16	1		2	50	D3	3	36
3	3	4	0.25		0	0	2/4	2	1	1/16	1/16	1		-1	53	F3	3	36
3	3	4	0.25		0	0	2/4	1	1	1/16	1/16	1		5	59	B3	3	29
3	3	4	0.25		0	0	2/4	1	1	1/16	1/16	1		-1	65	F4	4	29
3	3	4	0.25		0	0	2/4	1	1	1/16	1/16	1		3	69	A4	4	29
3	3	17/4	0.25		1/16	1/16	2/4	1	1	1/16	1/16	1		4	64	E4	4	30
3	3	9/2	0.25		1/8	1/8	2/4	1	1	1/16	1/16	1		2	62	D4	4	31
3	3	19/4	0.25		3/16	3/16	2/4	2	1	1/16	1/16	1		1	43	G2	2	37
3	3	19/4	0.25		3/16	3/16	2/4	2	1	1/16	1/16	1		2	50	D3	3	37
3	3	19/4	0.25		3/16	3/16	2/4	2	1	1/16	1/16	1		-1	53	F3	3	37
3	3	19/4	0.25		3/16	3/16	2/4	1	1	1/16	1/16	1		5	59	B3	3	32
3	3	19/4	0.25		3/16	3/16	2/4	1	1	1/16	1/16	1		-1	65	F4	4	32
3	3	19/4	0.25		3/16	3/16	2/4	1	1	1/16	1/16	1		3	69	A4	4	32
3	3	5	0.25		1/4	1/4	2/4	1	1	1/16	1/16	1		4	64	E4	4	33
3	3	21/4	0.25		5/16	5/16	2/4	1	1	1/16	1/16	1		2	62	D4	4	34
3	3	11/2	0.5		3/8	3/8	2/4	2	1	1/8	1/8	1		3	45	A2	2	38
3	3	11/2	0.5		3/8	3/8	2/4	2	1	1/8	1/8	1		1	55	G3	3	38
3	3	11/2	0.5		3/8	3/8	2/4	1	1	1/8	1/8	1		7	61	C#4	4	35
3	3	11/2	0.5		3/8	3/8	2/4	1	1	1/8	1/8	1		-1	65	F4	4	35
4	4	6	0.25		0	0	2/4	2	1	1/16	1/16	1		-4	44	Ab2	2	55
4	4	6	0.25		0	0	2/4	2	1	1/16	1/16	1		-6	54	Gb3	3	55
4	4	6	0.25		0	0	2/4	1	1	1/16	1/16	1		0	60	C4	4	39
4	4	6	0.25		0	0	2/4	1	1	1/16	1/16	1		2	62	D4	4	39
4	4	25/4	0.08333333333333333		1/16	1/16	2/4	1	1	1/48	1/32	2/3		-2	58	Bb3	3	40
4	4	19/3	0.08333333333333333		1/12	1/12	2/4	1	1	1/48	1/32	2/3		0	60	C4	4	41
4	4	77/12	0.08333333333333333		5/48	5/48	2/4	1	1	1/48	1/32	2/3		-2	58	Bb3	3	42
4	4	13/2	0.25		1/8	1/8	2/4	1	1	1/16	1/16	1		3	57	A3	3	43
4	4	27/4	0.25		3/16	3/16	2/4	2	1	1/16	1/16	1		-4	44	Ab2	2	56
4	4	27/4	0.25		3/16	3/16	2/4	2	1	1/16	1/16	1		-6	54	Gb3	3	56
4	4	27/4	0.25		3/16	3/16	2/4	1	1	1/16	1/16	1		7	61	C#4	4	44
4	4	7	0.25		1/4	1/4	2/4	1	1	1/16	1/16	1		-2	58	Bb3	3	45
4	4	29/4	0.25		5/16	5/16	2/4	1	1	1/16	1/16	1		3	57	A3	3	46
4	4	15/2	0.0625		3/8	3/8	2/4	1	1	1/64	1/64	1		0	60	C4	4	47
4	4	121/16	0.0625		25/64	25/64	2/4	1	1	1/64	1/64	1		2	62	D4	4	48
4	4	61/8	0.0625		13/32	13/32	2/4	1	1	1/64	1/64	1		-3	63	Eb4	4	49
4	4	123/16	0.0625		27/64	27/64	2/4	1	1	1/64	1/64	1		-1	65	F4	4	50
4	4	31/4	0.0625		7/16	7/16	2/4	1	1	1/64	1/64	1		1	67	G4	4	51
4	4	125/16	0.0625		29/64	29/64	2/4	1	1	1/64	1/64	1		-4	68	Ab4	4	52
4	4	63/8	0.0625		15/32	15/32	2/4	1	1	1/64	1/64	1		-2	70	Bb4	4	53
4	4	127/16	0.0625		31/64	31/64	2/4	1	1	1/64	1/64	1		0	72	C5	5	54
5	5	8	0.25		0	0	2/4	2	1	1/16	1/16	1		5	59	B3	3	65
5	5	8	0.25		0	0	2/4	2	1	1/16	1/16	1		4	64	E4	4	65
5	5	8	0.25		0	0	2/4	1	1	1/16	1/16	1		3	69	A4	4	57
5	5	8	0.25		0	0	2/4	1	1	1/16	1/16	1		2	74	D5	5	57
5	5	33/4	0.125		1/16	1/16	2/4	1	1	1/32	1/32	1		6	66	F#4	4	58
5	5	33/4	0.125		1/16	1/16	2/4	1	1	1/32	1/32	1		7	73	C#5	5	58
5	5	67/8	0.125		3/32	3/32	2/4	1	1	1/32	1/32	1		3	69	A4	4	59
5	5	67/8	0.125		3/32	3/32	2/4	1	1	1/32	1/32	1		2	74	D5	5	59
5	5	17/2	0.25		1/8	1/8	2/4	2	1	1/16	1/16	1		3	45	A2	2	66
5	5	17/2	0.25		1/8	1/8	2/4	2	1	1/16	1/16	1		6	54	F#3	3	66
5	5	17/2	0.25		1/8	1/8	2/4	1	1	1/16	1/16	1		6	66	F#4	4	60
5	5	17/2	0.25		1/8	1/8	2/4	1	1	1/16	1/16	1		7	73	C#5	5	60
5	5	35/4	0.25		3/16	3/16	2/4	2	1	1/16	1/16	1		2	38	D2	2	67
5	5	35/4	0.25		3/16	3/16	2/4	1	1	1/16	1/16	1		-1	77	F5	5	61
5	5	35/4	0.25		3/16	3/16	2/4	1	1	1/16	1/16	1		0	84	C6	6	61
5	5	9	0.5		1/4	1/4	2/4	2	1	1/8	1/8	1		3	45	A2	2	68
5	5	9	0.5		1/4	1/4	2/4	2	1	1/8	1/8	1		6	54	F#3	3	68
5	5	9	0.5		1/4	1/4	2/4	1	1	1/8	1/8	1		6	66	F#4	4	62
5	5	9	0.5		1/4	1/4	2/4	1	1	1/8	1/8	1		7	73	C#5	5	62
5	5	19/2	0.25		3/8	3/8	2/4	2	1	1/16	1/16	1		0	60	C4	4	69
5	5	19/2	0.25		3/8	3/8	2/4	1	1	1/16	1/16	1		-1	65	F4	4	63
5	5	19/2	0.25		3/8	3/8	2/4	2	1	1/16	1/16	1		1	67	G4	4	69
5	5	19/2	0.25		3/8	3/8	2/4	1	1	1/16	1/16	1		0	72	C5	5	63
5	5	39/4	0.25		7/16	7/16	2/4	2	1	1/16	1/16	1		3	57	A3	3	70
5	5	39/4	0.25		7/16	7/16	2/4	1	1	1/16	1/16	1		4	64	E4	4	64
5	5	39/4	0.25		7/16	7/16	2/4	2	1	1/16	1/16	1		6	66	F#4	4	70
5	5	39/4	0.25		7/16	7/16	2/4	1	1	1/16	1/16	1		3	69	A4	4	64
6	6	10	0.25		0	0	2/4	2	1	1/16	1/16	1		-2	58	Bb3	3	82
6	6	10	0.25		0	0	2/4	1	1	1/16	1/16	1		-3	63	Eb4	4	71
6	6	10	0.25		0	0	2/4	2	1	1/16	1/16	1		-1	65	F4	4	82
6	6	10	0.25		0	0	2/4	1	1	1/16	1/16	1		-4	68	Ab4	4	71
6	6	41/4	0.125		1/16	1/16	2/4	1	1	1/32	1/32	1		2	62	D4	4	72
6	6	41/4	0.125		1/16	1/16	2/4	1	1	1/32	1/32	1		1	67	G4	4	72
6	6	83/8	0.125		3/32	3/32	2/4	1	1	1/32	1/32	1		4	64	E4	4	73
6	6	83/8	0.125		3/32	3/32	2/4	1	1	1/32	1/32	1		3	69	A4	4	73
6	6	21/2	0.25		1/8	1/8	2/4	2	1	1/16	1/16	1		5	47	B2	2	83
6	6	21/2	0.25		1/8	1/8	2/4	2	1	1/16	1/16	1		-1	53	F3	3	83
6	6	21/2	0.25		1/8	1/8	2/4	1	1	1/16	1/16	1		2	62	D4	4	74
6	6	21/2	0.25		1/8	1/8	2/4	1	1	1/16	1/16	1		1	67	G4	4	74
6	6	43/4	0.25		3/16	3/16	2/4	2	1	1/16	1/16	1		2	38	D2	2	84
6	6	43/4	0.25		3/16	3/16	2/4	1	1	1/16	1/16	1		7	61	C#4	4	75
6	6	43/4	0.25		3/16	3/16	2/4	1	1	1/16	1/16	1		4	64	E4	4	75
6	6	11	0.25		1/4	1/4	2/4	2	1	1/16	1/16	1		-2	46	Bb2	2	85
6	6	11	0.25		1/4	1/4	2/4	2	1	1/16	1/16	1		-1	53	F3	3	85
6	6	11	0.25		1/4	1/4	2/4	1	1	1/16	1/16	1		0	60	C4	4	76
6	6	11	0.25		1/4	1/4	2/4	1	1	1/16	1/16	1		1	67	G4	4	76
6	6	191/16	0.0125		31/64	31/64	2/4	1	1	1/320	1/256	4/5		-6	66	Gb4	4	77
6	6	239/20	0.0125		39/80	39/80	2/4	1	1	1/320	1/256	4/5		-1	65	F4	4	78
6	6	957/80	0.0125		157/320	157/320	2/4	1	1	1/320	1/256	4/5		-6	66	Gb4	4	79
6	6	479/40	0.0125		79/160	79/160	2/4	1	1	1/320	1/256	4/5		1	67	G4	4	80
6	6	959/80	0.0125		159/320	159/320	2/4	1	1	1/320	1/256	4/5		8	68	G#4	4	81
7	7	12	0.5		0	0	2/4	2	1	1/8	1/8	1		0	60	C4	4	93
7	7	12	0.25		0	0	2/4	1	1	1/16	1/16	1		4	64	E4	4	86
7	7	12	0.5		0	0	2/4	2	1	1/8	1/8	1		6	66	F#4	4	93
7	7	12	0.25		0	0	2/4	1	1	1/16	1/16	1		3	69	A4	4	86
7	7	49/4	0.25		1/16	1/16	2/4	1	1	1/16	1/16	1		2	74	D5	5	87
7	7	25/2	0.25		1/8	1/8	2/4	2	1	1/16	1/16	1		5	59	B3	3	94
7	7	25/2	0.25		1/8	1/8	2/4	1	1	1/16	1/16	1		-3	63	Eb4	4	88
7	7	25/2	0.25		1/8	1/8	2/4	2	1	1/16	1/16	1		-1	65	F4	4	94
7	7	25/2	0.25		1/8	1/8	2/4	1	1	1/16	1/16	1		-4	68	Ab4	4	88
7	7	51/4	0.25		3/16	3/16	2/4	2	1	1/16	1/16	1		-2	58	Bb3	3	95
7	7	51/4	0.25		3/16	3/16	2/4	1	1	1/16	1/16	1		2	62	D4	4	89
7	7	51/4	0.25		3/16	3/16	2/4	2	1	1/16	1/16	1		4	64	E4	4	95
7	7	51/4	0.25		3/16	3/16	2/4	1	1	1/16	1/16	1		1	67	G4	4	89
7	7	13	0.25		1/4	1/4	2/4	1	1	1/16	1/16	1		2	74	D5	5	90
7	7	53/4	0.25		5/16	5/16	2/4	2	1	1/16	1/16	1		8	44	G#2	2	96
7	7	53/4	0.25		5/16	5/16	2/4	2	1	1/16	1/16	1		6	54	F#3	3	96
7	7	53/4	0.25		5/16	5/16	2/4	1	1	1/16	1/16	1		12	60	B#3	3	91
7	7	53/4	0.25		5/16	5/16	2/4	1	1	1/16	1/16	1		6	66	F#4	4	91
7	7	27/2	0.5		3/8	3/8	2/4	2	1	1/8	1/8	1		3	45	A2	2	97
7	7	27/2	0.5		3/8	3/8	2/4	2	1	1/8	1/8	1		1	55	G3	3	97
7	7	27/2	0.5		3/8	3/8	2/4	1	1	1/8	1/8	1		7	61	C#4	4	92
7	7	27/2	0.5		3/8	3/8	2/4	1	1	1/8	1/8	1		-3	63	Eb4	4	92
8	8	14	0.25		0	0	2/4	2	1	1/16	1/16	1		-2	46	Bb2	2	108
8	8	14	0.25		0	0	2/4	2	1	1/16	1/16	1		-4	56	Ab3	3	108
8	8	14	0.25		0	0	2/4	1	1	1/16	1/16	1		2	62	D4	4	98
8	8	29/2	0.5		1/8	1/8	2/4	2	1	1/8	1/8	1		7	61	C#4	4	109
8	8	29/2	0.375		1/8	1/8	2/4	1	2	3/32	1/16	3/2		-3	63	Eb4	4	101
8	8	29/2	0.5		1/8	1/8	2/4	2	1	1/8	1/8	1		1	67	G4	4	109
8	8	29/2	0.5		1/8	1/8	2/4	1	1	1/8	1/8	1		3	69	A4	4	99
8	8	119/8	0.0625		7/32	7/32	2/4	1	2	1/64	1/64	1		4	64	E4	4	102
8	8	239/16	0.0625		15/64	15/64	2/4	1	2	1/64	1/64	1		-1	65	F4	4	103
8	8	15	0.25		1/4	1/4	2/4	2	1	1/16	1/16	1		2	50	D3	3	110
8	8	15	0.25		1/4	1/4	2/4	2	1	1/16	1/16	1		0	60	C4	4	110
8	8	15	0.25		1/4	1/4	2/4	1	2	1/16	1/16	1		6	66	F#4	4	104
8	8	15	0.25		1/4	1/4	2/4	1	1	1/16	1/16	1		2	74	D5	5	100
8	8	61/4	0.25		5/16	5/16	2/4	1	2	1/16	1/16	1		-1	65	F4	4	105
8	8	31/2	0.25		3/8	3/8	2/4	1	2	1/16	1/16	1		4	64	E4	4	106
8	8	63/4	0.25		7/16	7/16	2/4	1	2	1/16	1/16	1		-3	63	Eb4	4	107
9	9	16	0.75		0	0	2/4	2	1	3/16	1/8	3/2		1	43	G2	2	118
9	9	16	0.75		0	0	2/4	2	1	3/16	1/8	3/2		2	50	D3	3	118
9	9	16	0.75		0	0	2/4	2	1	3/16	1/8	3/2		-1	53	F3	3	118
9	9	16	0.25		0	0	2/4	1	1	1/16	1/16	1		5	59	B3	3	111
9	9	16	0.25		0	0	2/4	1	1	1/16	1/16	1		2	62	D4	4	111
9	9	16	0.25		0	0	2/4	1	1	1/16	1/16	1		-1	65	F4	4	111
9	9	16	0.25		0	0	2/4	1	1	1/16	1/16	1		3	69	A4	4	111
9	9	65/4	0.25		1/16	1/16	2/4	1	1	1/16	1/16	1		8	68	G#4	4	112
9	9	65/4	0.25		1/16	1/16	2/4	1	1	1/16	1/16	1		5	71	B4	4	112
9	9	33/2	0.25		1/8	1/8	2/4	1	1	1/16	1/16	1		10	70	A#4	4	113
9	9	33/2	0.25		1/8	1/8	2/4	1	1	1/16	1/16	1		7	73	C#5	5	113
9	9	67/4	0.25		3/16	3/16	2/4	2	1	1/16	1/16	1		5	59	B3	3	119
9	9	67/4	0.25		3/16	3/16	2/4	2	1	1/16	1/16	1		2	62	D4	4	119
9	9	67/4	0.25		3/16	3/16	2/4	2	1	1/16	1/16	1		-1	65	F4	4	119
9	9	67/4	0.25		3/16	3/16	2/4	2	1	1/16	1/16	1		3	69	A4	4	119
9	9	67/4	0.25		3/16	3/16	2/4	1	1	1/16	1/16	1		5	71	B4	4	114
9	9	67/4	0.25		3/16	3/16	2/4	1	1	1/16	1/16	1		2	74	D5	5	114
9	9	17	1.0		1/4	1/4	2/4	2	1	1/4	1/4	1		5	59	B3	3	120
9	9	17	1.0		1/4	1/4	2/4	2	1	1/4	1/4	1		2	62	D4	4	120
9	9	17	1.0		1/4	1/4	2/4	2	1	1/4	1/4	1		-1	65	F4	4	120
9	9	17	1.0		1/4	1/4	2/4	2	1	1/4	1/4	1		3	69	A4	4	120
9	9	17	0.5		1/4	1/4	2/4	1	1	1/8	1/8	1		7	73	C#5	5	115
9	9	17	0.5		1/4	1/4	2/4	1	1	1/8	1/8	1		11	77	E#5	5	115
9	9	35/2	0.25		3/8	3/8	2/4	1	1	1/16	1/16	1		4	76	E5	5	116
9	9	35/2	0.25		3/8	3/8	2/4	1	1	1/16	1/16	1		8	80	G#5	5	116
9	9	71/4	0.25		7/16	7/16	2/4	1	1	1/16	1/16	1		-1	77	F5	5	117
9	9	71/4	0.25		7/16	7/16	2/4	1	1	1/16	1/16	1		3	81	A5	5	117
10	10	18	0.25		0	0	2/4	2	1	1/16	1/16	1		-6	66	Gb4	4	128
10	10	18	0.25		0	0	2/4	2	1	1/16	1/16	1		-2	70	Bb4	4	128
10	10	18	0.25		0	0	2/4	1	1	1/16	1/16	1		0	72	C5	5	121
10	10	18	0.25		0	0	2/4	2	1	1/16	1/16	1		-3	75	Eb5	5	128
10	10	18	0.25		0	0	2/4	1	1	1/16	1/16	1		-1	77	F5	5	121
10	10	18	0.25		0	0	2/4	1	1	1/16	1/16	1		0	84	C6	6	121
10	10	73/4	0.5		1/16	1/16	2/4	2	1	1/8	1/8	1		-6	66	Gb4	4	129
10	10	73/4	0.5		1/16	1/16	2/4	2	1	1/8	1/8	1		-2	70	Bb4	4	129
10	10	73/4	0.5		1/16	1/16	2/4	1	1	1/8	1/8	1		0	72	C5	5	122
10	10	73/4	0.5		1/16	1/16	2/4	2	1	1/8	1/8	1		-3	75	Eb5	5	129
10	10	73/4	0.5		1/16	1/16	2/4	1	1	1/8	1/8	1		-1	77	F5	5	122
10	10	73/4	0.5		1/16	1/16	2/4	1	1	1/8	1/8	1		0	84	C6	6	122
10	10	75/4	0.25		3/16	3/16	2/4	2	1	1/16	1/16	1		-6	66	Gb4	4	130
10	10	75/4	0.25		3/16	3/16	2/4	2	1	1/16	1/16	1		-2	70	Bb4	4	130
10	10	75/4	0.25		3/16	3/16	2/4	1	1	1/16	1/16	1		0	72	C5	5	123
10	10	75/4	0.25		3/16	3/16	2/4	2	1	1/16	1/16	1		-3	75	Eb5	5	130
10	10	75/4	0.25		3/16	3/16	2/4	1	1	1/16	1/16	1		-1	77	F5	5	123
10	10	75/4	0.25		3/16	3/16	2/4	1	1	1/16	1/16	1		0	84	C6	6	123
10	10	19	0.5		1/4	1/4	2/4	2	1	1/8	1/8	1		-6	66	Gb4	4	131
10	10	19	0.5		1/4	1/4	2/4	2	1	1/8	1/8	1		-2	70	Bb4	4	131
10	10	19	0.25		1/4	1/4	2/4	1	1	1/16	1/16	1		0	72	C5	5	124
10	10	19	0.5		1/4	1/4	2/4	2	1	1/8	1/8	1		-3	75	Eb5	5	131
10	10	19	0.25		1/4	1/4	2/4	1	1	1/16	1/16	1		-1	77	F5	5	124
10	10	19	0.25		1/4	1/4	2/4	1	1	1/16	1/16	1		0	84	C6	6	124
10	10	77/4	0.25		5/16	5/16	2/4	1	1	1/16	1/16	1		-2	82	Bb5	5	125
10	10	39/2	0.5		3/8	3/8	2/4	2	1	1/8	1/8	1		-2	58	Bb3	3	132
10	10	39/2	0.25		3/8	3/8	2/4	1	1	1/16	1/16	1		-1	77	F5	5	126
10	10	79/4	0.25		7/16	7/16	2/4	1	1	1/16	1/16	1		0	72	C5	5	127
11	11	20	0.25		0	0	2/4	2	1	1/16	1/16	1		-8	64	Fb4	4	140
11	11	20	0.25		0	0	2/4	2	1	1/16	1/16	1		-4	68	Ab4	4	140
11	11	20	0.25		0	0	2/4	1	1	1/16	1/16	1		-2	70	Bb4	4	133
11	11	20	0.25		0	0	2/4	2	1	1/16	1/16	1		-5	73	Db5	5	140
11	11	20	0.25		0	0	2/4	1	1	1/16	1/16	1		-3	75	Eb5	5	133
11	11	20	0.25		0	0	2/4	1	1	1/16	1/16	1		-2	82	Bb5	5	133
11	11	81/4	0.5		1/16	1/16	2/4	2	1	1/8	1/8	1		-8	64	Fb4	4	141
11	11	81/4	0.5		1/16	1/16	2/4	2	1	1/8	1/8	1		-4	68	Ab4	4	141
11	11	81/4	0.5		1/16	1/16	2/4	1	1	1/8	1/8	1		-2	70	Bb4	4	134
11	11	81/4	0.5		1/16	1/16	2/4	2	1	1/8	1/8	1		-5	73	Db5	5	141
11	11	81/4	0.5		1/16	1/16	2/4	1	1	1/8	1/8	1		-3	75	Eb5	5	134
11	11	81/4	0.5		1/16	1/16	2/4	1	1	1/8	1/8	1		-2	82	Bb5	5	134
11	11	83/4	0.25		3/16	3/16	2/4	2	1	1/16	1/16	1		-8	64	Fb4	4	142
11	11	83/4	0.25		3/16	3/16	2/4	2	1	1/16	1/16	1		-4	68	Ab4	4	142
11	11	83/4	0.25		3/16	3/16	2/4	1	1	1/16	1/16	1		-2	70	Bb4	4	135
11	11	83/4	0.25		3/16	3/16	2/4	2	1	1/16	1/16	1		-5	73	Db5	5	142
11	11	83/4	0.25		3/16	3/16	2/4	1	1	1/16	1/16	1		-3	75	Eb5	5	135
11	11	83/4	0.25		3/16	3/16	2/4	1	1	1/16	1/16	1		-2	82	Bb5	5	135
11	11	21	0.5		1/4	1/4	2/4	2	1	1/8	1/8	1		-8	64	Fb4	4	143
11	11	21	0.5		1/4	1/4	2/4	2	1	1/8	1/8	1		-4	68	Ab4	4	143
11	11	21	0.5		1/4	1/4	2/4	2	1	1/8	1/8	1		-5	73	Db5	5	143
11	11	21	0.25		1/4	1/4	2/4	1	1	1/16	1/16	1		-2	82	Bb5	5	136
11	11	85/4	0.25		5/16	5/16	2/4	1	1	1/16	1/16	1		-4	80	Ab5	5	137
11	11	43/2	0.5		3/8	3/8	2/4	2	1	1/8	1/8	1		-2	58	Bb3	3	144
11	11	43/2	0.25		3/8	3/8	2/4	1	1	1/16	1/16	1		-3	75	Eb5	5	138
11	11	87/4	0.25		7/16	7/16	2/4	1	1	1/16	1/16	1		-2	70	Bb4	4	139
12	12	22	0.25		0	0	2/4	2	1	1/16	1/16	1		-3	63	Eb4	4	157
12	12	22	0.25		0	0	2/4	2	1	1/16	1/16	1		-6	66	Gb4	4	157
12	12	22	0.25		0	0	2/4	1	1	1/16	1/16	1		-4	68	Ab4	4	145
12	12	22	0.25		0	0	2/4	2	1	1/16	1/16	1		-7	71	Cb5	5	157
12	12	22	0.25		0	0	2/4	1	1	1/16	1/16	1		-5	73	Db5	5	145
12	12	22	0.25		0	0	2/4	1	1	1/16	1/16	1		-4	80	Ab5	5	145
12	12	89/4	0.25		1/16	1/16	2/4	2	1	1/16	1/16	1		5	59	B3	3	158
12	12	89/4	0.08333333333333333		1/16	1/16	2/4	1	1	1/48	1/32	2/3		-6	78	Gb5	5	146
12	12	67/3	0.08333333333333333		1/12	1/12	2/4	1	1	1/48	1/32	2/3		-4	80	Ab5	5	147
12	12	269/12	0.08333333333333333		5/48	5/48	2/4	1	1	1/48	1/32	2/3		-6	78	Gb5	5	148
12	12	45/2	0.25		1/8	1/8	2/4	1	1	1/16	1/16	1		-5	73	Db5	5	149
12	12	91/4	0.25		3/16	3/16	2/4	1	1	1/16	1/16	1		-4	68	Ab4	4	150
12	12	23	0.08333333333333333		1/4	1/4	2/4	1	1	1/48	1/32	2/3		-6	66	Gb4	4	151
12	12	277/12	0.08333333333333333		13/48	13/48	2/4	1	1	1/48	1/32	2/3		-4	68	Ab4	4	152
12	12	139/6	0.08333333333333333		7/24	7/24	2/4	1	1	1/48	1/32	2/3		-6	66	Gb4	4	153
12	12	93/4	0.25		5/16	5/16	2/4	1	1	1/16	1/16	1		-1	65	F4	4	154
12	12	47/2	0.25		3/8	3/8	2/4	1	1	1/16	1/16	1		-8	64	Fb4	4	155
12	12	95/4	0.25		7/16	7/16	2/4	1	1	1/16	1/16	1		-3	63	Eb4	4	156
13	13	24	0.75		0	0	2/4	2	1	3/16	1/8	3/2		1	43	G2	2	166
13	13	24	0.75		0	0	2/4	2	1	3/16	1/8	3/2		2	50	D3	3	166
13	13	24	0.75		0	0	2/4	2	1	3/16	1/8	3/2		-1	53	F3	3	166
13	13	24	0.25		0	0	2/4	1	1	1/16	1/16	1		5	59	B3	3	159
13	13	24	0.25		0	0	2/4	1	1	1/16	1/16	1		2	62	D4	4	159
13	13	24	0.25		0	0	2/4	1	1	1/16	1/16	1		-1	65	F4	4	159
13	13	24	0.25		0	0	2/4	1	1	1/16	1/16	1		3	69	A4	4	159
13	13	97/4	0.25		1/16	1/16	2/4	1	1	1/16	1/16	1		8	68	G#4	4	160
13	13	97/4	0.25		1/16	1/16	2/4	1	1	1/16	1/16	1		5	71	B4	4	160
13	13	49/2	0.25		1/8	1/8	2/4	1	1	1/16	1/16	1		10	70	A#4	4	161
13	13	49/2	0.25		1/8	1/8	2/4	1	1	1/16	1/16	1		7	73	C#5	5	161
13	13	99/4	0.25		3/16	3/16	2/4	2	1	1/16	1/16	1		5	59	B3	3	167
13	13	99/4	0.25		3/16	3/16	2/4	2	1	1/16	1/16	1		2	62	D4	4	167
13	13	99/4	0.25		3/16	3/16	2/4	2	1	1/16	1/16	1		-1	65	F4	4	167
13	13	99/4	0.25		3/16	3/16	2/4	2	1	1/16	1/16	1		3	69	A4	4	167
13	13	99/4	0.25		3/16	3/16	2/4	1	1	1/16	1/16	1		5	71	B4	4	162
13	13	99/4	0.25		3/16	3/16	2/4	1	1	1/16	1/16	1		2	74	D5	5	162
13	13	25	1.0		1/4	1/4	2/4	2	1	1/4	1/4	1		5	59	B3	3	168
13	13	25	1.0		1/4	1/4	2/4	2	1	1/4	1/4	1		2	62	D4	4	168
13	13	25	1.0		1/4	1/4	2/4	2	1	1/4	1/4	1		-1	65	F4	4	168
13	13	25	1.0		1/4	1/4	2/4	2	1	1/4	1/4	1		3	69	A4	4	168
13	13	25	0.5		1/4	1/4	2/4	1	1	1/8	1/8	1		7	73	C#5	5	163
13	13	25	0.5		1/4	1/4	2/4	1	1	1/8	1/8	1		11	77	E#5	5	163
13	13	51/2	0.25		3/8	3/8	2/4	1	1	1/16	1/16	1		4	76	E5	5	164
13	13	51/2	0.25		3/8	3/8	2/4	1	1	1/16	1/16	1		8	80	G#5	5	164
13	13	103/4	0.25		7/16	7/16	2/4	1	1	1/16	1/16	1		-1	77	F5	5	165
13	13	103/4	0.25		7/16	7/16	2/4	1	1	1/16	1/16	1		3	81	A5	5	165
14	14	26	0.25		0	0	2/4	2	1	1/16	1/16	1		-2	70	Bb4	4	176
14	14	26	0.25		0	0	2/4	2	1	1/16	1/16	1		-5	73	Db5	5	176
14	14	26	0.25		0	0	2/4	1	1	1/16	1/16	1		-1	77	F5	5	169
14	14	26	0.25		0	0	2/4	2	1	1/16	1/16	1		-6	78	Gb5	5	176
14	14	26	0.25		0	0	2/4	1	1	1/16	1/16	1		0	84	C6	6	169
14	14	26	0.25		0	0	2/4	1	1	1/16	1/16	1		-1	89	F6	6	169
14	14	105/4	0.5		1/16	1/16	2/4	2	1	1/8	1/8	1		-2	70	Bb4	4	177
14	14	105/4	0.5		1/16	1/16	2/4	2	1	1/8	1/8	1		-5	73	Db5	5	177
14	14	105/4	0.5		1/16	1/16	2/4	1	1	1/8	1/8	1		-1	77	F5	5	170
14	14	105/4	0.5		1/16	1/16	2/4	2	1	1/8	1/8	1		-6	78	Gb5	5	177
14	14	105/4	0.5		1/16	1/16	2/4	1	1	1/8	1/8	1		0	84	C6	6	170
14	14	105/4	0.5		1/16	1/16	2/4	1	1	1/8	1/8	1		-1	89	F6	6	170
14	14	107/4	0.25		3/16	3/16	2/4	2	1	1/16	1/16	1		-2	70	Bb4	4	178
14	14	107/4	0.25		3/16	3/16	2/4	2	1	1/16	1/16	1		-5	73	Db5	5	178
14	14	107/4	0.25		3/16	3/16	2/4	1	1	1/16	1/16	1		-1	77	F5	5	171
14	14	107/4	0.25		3/16	3/16	2/4	2	1	1/16	1/16	1		-6	78	Gb5	5	178
14	14	107/4	0.25		3/16	3/16	2/4	1	1	1/16	1/16	1		0	84	C6	6	171
14	14	107/4	0.25		3/16	3/16	2/4	1	1	1/16	1/16	1		-1	89	F6	6	171
14	14	27	0.5		1/4	1/4	2/4	2	1	1/8	1/8	1		-2	70	Bb4	4	179
14	14	27	0.5		1/4	1/4	2/4	2	1	1/8	1/8	1		-5	73	Db5	5	179
14	14	27	0.25		1/4	1/4	2/4	1	1	1/16	1/16	1		-1	77	F5	5	172
14	14	27	0.5		1/4	1/4	2/4	2	1	1/8	1/8	1		-6	78	Gb5	5	179
14	14	27	0.25		1/4	1/4	2/4	1	1	1/16	1/16	1		0	84	C6	6	172
14	14	27	0.25		1/4	1/4	2/4	1	1	1/16	1/16	1		-1	89	F6	6	172
14	14	109/4	0.25		5/16	5/16	2/4	1	1	1/16	1/16	1		-3	87	Eb6	6	173
14	14	55/2	0.5		3/8	3/8	2/4	2	1	1/8	1/8	1		-5	61	Db4	4	180
14	14	55/2	0.25		3/8	3/8	2/4	1	1	1/16	1/16	1		-2	82	Bb5	5	174
14	14	111/4	0.25		7/16	7/16	2/4	1	1	1/16	1/16	1		-1	77	F5	5	175
15	15	28	0.25		0	0	2/4	2	1	1/16	1/16	1		8	68	G#4	4	188
15	15	28	0.25		0	0	2/4	2	1	1/16	1/16	1		5	71	B4	4	188
15	15	28	0.25		0	0	2/4	1	1	1/16	1/16	1		9	75	D#5	5	181
15	15	28	0.25		0	0	2/4	2	1	1/16	1/16	1		4	76	E5	5	188
15	15	28	0.25		0	0	2/4	1	1	1/16	1/16	1		8	80	G#5	5	181
15	15	28	0.25		0	0	2/4	1	1	1/16	1/16	1		9	87	D#6	6	181
15	15	113/4	0.5		1/16	1/16	2/4	2	1	1/8	1/8	1		8	68	G#4	4	189
15	15	113/4	0.5		1/16	1/16	2/4	2	1	1/8	1/8	1		5	71	B4	4	189
15	15	113/4	0.5		1/16	1/16	2/4	1	1	1/8	1/8	1		9	75	D#5	5	182
15	15	113/4	0.5		1/16	1/16	2/4	2	1	1/8	1/8	1		4	76	E5	5	189
15	15	113/4	0.5		1/16	1/16	2/4	1	1	1/8	1/8	1		8	80	G#5	5	182
15	15	113/4	0.5		1/16	1/16	2/4	1	1	1/8	1/8	1		9	87	D#6	6	182
15	15	115/4	0.25		3/16	3/16	2/4	2	1	1/16	1/16	1		8	68	G#4	4	190
15	15	115/4	0.25		3/16	3/16	2/4	2	1	1/16	1/16	1		5	71	B4	4	190
15	15	115/4	0.25		3/16	3/16	2/4	1	1	1/16	1/16	1		9	75	D#5	5	183
15	15	115/4	0.25		3/16	3/16	2/4	2	1	1/16	1/16	1		4	76	E5	5	190
15	15	115/4	0.25		3/16	3/16	2/4	1	1	1/16	1/16	1		8	80	G#5	5	183
15	15	115/4	0.25		3/16	3/16	2/4	1	1	1/16	1/16	1		9	87	D#6	6	183
15	15	29	0.5		1/4	1/4	2/4	2	1	1/8	1/8	1		8	68	G#4	4	191
15	15	29	0.5		1/4	1/4	2/4	2	1	1/8	1/8	1		5	71	B4	4	191
15	15	29	0.25		1/4	1/4	2/4	1	1	1/16	1/16	1		9	75	D#5	5	184
15	15	29	0.5		1/4	1/4	2/4	2	1	1/8	1/8	1		4	76	E5	5	191
15	15	29	0.25		1/4	1/4	2/4	1	1	1/16	1/16	1		8	80	G#5	5	184
15	15	29	0.25		1/4	1/4	2/4	1	1	1/16	1/16	1		9	87	D#6	6	184
15	15	117/4	0.25		5/16	5/16	2/4	1	1	1/16	1/16	1		7	85	C#6	6	185
15	15	59/2	0.5		3/8	3/8	2/4	2	1	1/8	1/8	1		7	61	C#4	4	192
15	15	59/2	0.25		3/8	3/8	2/4	1	1	1/16	1/16	1		8	80	G#5	5	186
15	15	119/4	0.25		7/16	7/16	2/4	1	1	1/16	1/16	1		9	75	D#5	5	187
16	16	30	0.25		0	0	2/4	2	1	1/16	1/16	1		1	67	G4	4	203
16	16	30	0.25		0	0	2/4	1	1	1/16	1/16	1		3	69	A4	4	193
16	16	30	0.25		0	0	2/4	1	1	1/16	1/16	1		-1	77	F5	5	193
16	16	30	0.25		0	0	2/4	1	1	1/16	1/16	1		3	81	A5	5	193
16	16	121/4	0.25		1/16	1/16	2/4	2	1	1/16	1/16	1		7	61	C#4	4	204
16	16	121/4	0.08333333333333333		1/16	1/16	2/4	1	1	1/48	1/32	2/3		4	76	E5	5	194
16	16	91/3	0.08333333333333333		1/12	1/12	2/4	1	1	1/48	1/32	2/3		-1	77	F5	5	195
16	16	365/12	0.08333333333333333		5/48	5/48	2/4	1	1	1/48	1/32	2/3		4	76	E5	5	196
16	16	61/2	0.25		1/8	1/8	2/4	1	1	1/16	1/16	1		9	75	D#5	5	197
16	16	123/4	0.25		3/16	3/16	2/4	1	1	1/16	1/16	1		5	71	B4	4	198
16	16	31	0.25		1/4	1/4	2/4	1	1	1/16	1/16	1		-2	70	Bb4	4	199
16	16	125/4	0.25		5/16	5/16	2/4	1	1	1/16	1/16	1		3	69	A4	4	200
16	16	63/2	0.25		3/8	3/8	2/4	1	1	1/16	1/16	1		6	66	F#4	4	201
16	16	127/4	0.25		7/16	7/16	2/4	1	1	1/16	1/16	1		-1	65	F4	4	202
17	17	32	0.25		0	0	2/4	2	1	1/16	1/16	1		3	57	A3	3	213
17	17	32	0.25		0	0	2/4	2	1	1/16	1/16	1		4	64	E4	4	213
17	17	32	0.25		0	0	2/4	1	1	1/16	1/16	1		3	69	A4	4	205
17	17	32	0.25		0	0	2/4	1	1	1/16	1/16	1		2	74	D5	5	205
17	17	129/4	0.125		1/16	1/16	2/4	1	1	1/32	1/32	1		6	66	F#4	4	206
17	17	129/4	0.125		1/16	1/16	2/4	1	1	1/32	1/32	1		7	73	C#5	5	206
17	17	259/8	0.125		3/32	3/32	2/4	1	1	1/32	1/32	1		3	69	A4	4	207
17	17	259/8	0.125		3/32	3/32	2/4	1	1	1/32	1/32	1		2	74	D5	5	207
17	17	65/2	0.25		1/8	1/8	2/4	2	1	1/16	1/16	1		3	45	A2	2	214
17	17	65/2	0.25		1/8	1/8	2/4	2	1	1/16	1/16	1		6	54	F#3	3	214
17	17	65/2	0.25		1/8	1/8	2/4	1	1	1/16	1/16	1		6	66	F#4	4	208
17	17	65/2	0.25		1/8	1/8	2/4	1	1	1/16	1/16	1		7	73	C#5	5	208
17	17	131/4	0.25		3/16	3/16	2/4	2	1	1/16	1/16	1		2	38	D2	2	215
17	17	131/4	0.25		3/16	3/16	2/4	1	1	1/16	1/16	1		-1	65	F4	4	209
17	17	131/4	0.25		3/16	3/16	2/4	1	1	1/16	1/16	1		-2	70	Bb4	4	209
17	17	33	0.25		1/4	1/4	2/4	2	1	1/16	1/16	1		3	45	A2	2	216
17	17	33	0.25		1/4	1/4	2/4	2	1	1/16	1/16	1		6	54	F#3	3	216
17	17	33	0.25		1/4	1/4	2/4	1	1	1/16	1/16	1		6	66	F#4	4	210
17	17	33	0.25		1/4	1/4	2/4	1	1	1/16	1/16	1		7	73	C#5	5	210
17	17	67/2	0.25		3/8	3/8	2/4	2	1	1/16	1/16	1		0	60	C4	4	217
17	17	67/2	0.25		3/8	3/8	2/4	1	1	1/16	1/16	1		-1	65	F4	4	211
17	17	67/2	0.25		3/8	3/8	2/4	2	1	1/16	1/16	1		1	67	G4	4	217
17	17	67/2	0.25		3/8	3/8	2/4	1	1	1/16	1/16	1		0	72	C5	5	211
17	17	135/4	0.25		7/16	7/16	2/4	2	1	1/16	1/16	1		3	57	A3	3	218
17	17	135/4	0.25		7/16	7/16	2/4	1	1	1/16	1/16	1		4	64	E4	4	212
17	17	135/4	0.25		7/16	7/16	2/4	2	1	1/16	1/16	1		6	66	F#4	4	218
17	17	135/4	0.25		7/16	7/16	2/4	1	1	1/16	1/16	1		3	69	A4	4	212
18	18	34	0.25		0	0	2/4	2	1	1/16	1/16	1		0	60	C4	4	230
18	18	34	0.25		0	0	2/4	1	1	1/16	1/16	1		-1	65	F4	4	219
18	18	34	0.25		0	0	2/4	2	1	1/16	1/16	1		1	67	G4	4	230
18	18	34	0.25		0	0	2/4	1	1	1/16	1/16	1		0	72	C5	5	219
18	18	137/4	0.125		1/16	1/16	2/4	1	1	1/32	1/32	1		4	64	E4	4	220
18	18	137/4	0.125		1/16	1/16	2/4	1	1	1/32	1/32	1		5	71	B4	4	220
18	18	275/8	0.125		3/32	3/32	2/4	1	1	1/32	1/32	1		-1	65	F4	4	221
18	18	275/8	0.125		3/32	3/32	2/4	1	1	1/32	1/32	1		0	72	C5	5	221
18	18	69/2	0.25		1/8	1/8	2/4	2	1	1/16	1/16	1		3	45	A2	2	231
18	18	69/2	0.25		1/8	1/8	2/4	2	1	1/16	1/16	1		-1	53	F3	3	231
18	18	69/2	0.25		1/8	1/8	2/4	1	1	1/16	1/16	1		4	64	E4	4	222
18	18	69/2	0.25		1/8	1/8	2/4	1	1	1/16	1/16	1		5	71	B4	4	222
18	18	139/4	0.25		3/16	3/16	2/4	2	1	1/16	1/16	1		2	38	D2	2	232
18	18	139/4	0.25		3/16	3/16	2/4	1	1	1/16	1/16	1		9	63	D#4	4	223
18	18	139/4	0.25		3/16	3/16	2/4	1	1	1/16	1/16	1		8	68	G#4	4	223
18	18	35	0.25		1/4	1/4	2/4	2	1	1/16	1/16	1		3	45	A2	2	233
18	18	35	0.25		1/4	1/4	2/4	2	1	1/16	1/16	1		6	54	F#3	3	233
18	18	35	0.25		1/4	1/4	2/4	1	1	1/16	1/16	1		4	64	E4	4	224
18	18	35	0.25		1/4	1/4	2/4	1	1	1/16	1/16	1		5	71	B4	4	224
18	18	575/16	0.0125		31/64	31/64	2/4	1	1	1/320	1/256	4/5		4	64	E4	4	225
18	18	719/20	0.0125		39/80	39/80	2/4	1	1	1/320	1/256	4/5		-3	63	Eb4	4	226
18	18	2877/80	0.0125		157/320	157/320	2/4	1	1	1/320	1/256	4/5		2	62	D4	4	227
18	18	1439/40	0.0125		79/160	79/160	2/4	1	1	1/320	1/256	4/5		-3	63	Eb4	4	228
18	18	2879/80	0.0125		159/320	159/320	2/4	1	1	1/320	1/256	4/5		4	64	E4	4	229
19	19	36	0.25		0	0	2/4	2	1	1/16	1/16	1		1	43	G2	2	241
19	19	36	0.25		0	0	2/4	2	1	1/16	1/16	1		2	50	D3	3	241
19	19	36	0.25		0	0	2/4	2	1	1/16	1/16	1		-1	53	F3	3	241
19	19	36	0.25		0	0	2/4	1	1	1/16	1/16	1		5	59	B3	3	234
19	19	36	0.25		0	0	2/4	1	1	1/16	1/16	1		-1	65	F4	4	234
19	19	36	0.25		0	0	2/4	1	1	1/16	1/16	1		3	69	A4	4	234
19	19	145/4	0.25		1/16	1/16	2/4	1	1	1/16	1/16	1		4	64	E4	4	235
19	19	73/2	0.25		1/8	1/8	2/4	1	1	1/16	1/16	1		2	62	D4	4	236
19	19	147/4	0.25		3/16	3/16	2/4	2	1	1/16	1/16	1		1	43	G2	2	242
19	19	147/4	0.25		3/16	3/16	2/4	2	1	1/16	1/16	1		2	50	D3	3	242
19	19	147/4	0.25		3/16	3/16	2/4	2	1	1/16	1/16	1		-1	53	F3	3	242
19	19	147/4	0.25		3/16	3/16	2/4	1	1	1/16	1/16	1		5	59	B3	3	237
19	19	147/4	0.25		3/16	3/16	2/4	1	1	1/16	1/16	1		-1	65	F4	4	237
19	19	147/4	0.25		3/16	3/16	2/4	1	1	1/16	1/16	1		3	69	A4	4	237
19	19	37	0.25		1/4	1/4	2/4	1	1	1/16	1/16	1		4	64	E4	4	238
19	19	149/4	0.25		5/16	5/16	2/4	1	1	1/16	1/16	1		2	62	D4	4	239
19	19	75/2	0.5		3/8	3/8	2/4	2	1	1/8	1/8	1		3	45	A2	2	243
19	19	75/2	0.5		3/8	3/8	2/4	2	1	1/8	1/8	1		1	55	G3	3	243
19	19	75/2	0.5		3/8	3/8	2/4	1	1	1/8	1/8	1		7	61	C#4	4	240
19	19	75/2	0.5		3/8	3/8	2/4	1	1	1/8	1/8	1		-1	65	F4	4	240
20	20	38	0.25		0	0	2/4	2	1	1/16	1/16	1		-4	44	Ab2	2	260
20	20	38	0.25		0	0	2/4	2	1	1/16	1/16	1		-6	54	Gb3	3	260
20	20	38	0.25		0	0	2/4	1	1	1/16	1/16	1		0	60	C4	4	244
20	20	38	0.25		0	0	2/4	1	1	1/16	1/16	1		2	62	D4	4	244
20	20	153/4	0.08333333333333333		1/16	1/16	2/4	1	1	1/48	1/32	2/3		-2	58	Bb3	3	245
20	20	115/3	0.08333333333333333		1/12	1/12	2/4	1	1	1/48	1/32	2/3		0	60	C4	4	246
20	20	461/12	0.08333333333333333		5/48	5/48	2/4	1	1	1/48	1/32	2/3		-2	58	Bb3	3	247
20	20	77/2	0.25		1/8	1/8	2/4	1	1	1/16	1/16	1		3	57	A3	3	248
20	20	155/4	0.25		3/16	3/16	2/4	2	1	1/16	1/16	1		-4	44	Ab2	2	261
20	20	155/4	0.25		3/16	3/16	2/4	2	1	1/16	1/16	1		-6	54	Gb3	3	261
20	20	155/4	0.25		3/16	3/16	2/4	1	1	1/16	1/16	1		7	61	C#4	4	249
20	20	39	0.25		1/4	1/4	2/4	1	1	1/16	1/16	1		-2	58	Bb3	3	250
20	20	157/4	0.25		5/16	5/16	2/4	1	1	1/16	1/16	1		3	57	A3	3	251
20	20	79/2	0.0625		3/8	3/8	2/4	1	1	1/64	1/64	1		0	60	C4	4	252
20	20	633/16	0.0625		25/64	25/64	2/4	1	1	1/64	1/64	1		2	62	D4	4	253
20	20	317/8	0.0625		13/32	13/32	2/4	1	1	1/64	1/64	1		-3	63	Eb4	4	254
20	20	635/16	0.0625		27/64	27/64	2/4	1	1	1/64	1/64	1		-1	65	F4	4	255
20	20	159/4	0.0625		7/16	7/16	2/4	1	1	1/64	1/64	1		1	67	G4	4	256
20	20	637/16	0.0625		29/64	29/64	2/4	1	1	1/64	1/64	1		-4	68	Ab4	4	257
20	20	319/8	0.0625		15/32	15/32	2/4	1	1	1/64	1/64	1		-2	70	Bb4	4	258
20	20	639/16	0.0625		31/64	31/64	2/4	1	1	1/64	1/64	1		0	72	C5	5	259
21	21	40	0.25		0	0	2/4	2	1	1/16	1/16	1		5	59	B3	3	270
21	21	40	0.25		0	0	2/4	2	1	1/16	1/16	1		4	64	E4	4	270
21	21	40	0.25		0	0	2/4	1	1	1/16	1/16	1		3	69	A4	4	262
21	21	40	0.25		0	0	2/4	1	1	1/16	1/16	1		2	74	D5	5	262
21	21	161/4	0.125		1/16	1/16	2/4	1	1	1/32	1/32	1		6	66	F#4	4	263
21	21	161/4	0.125		1/16	1/16	2/4	1	1	1/32	1/32	1		7	73	C#5	5	263
21	21	323/8	0.125		3/32	3/32	2/4	1	1	1/32	1/32	1		3	69	A4	4	264
21	21	323/8	0.125		3/32	3/32	2/4	1	1	1/32	1/32	1		2	74	D5	5	264
21	21	81/2	0.25		1/8	1/8	2/4	2	1	1/16	1/16	1		3	45	A2	2	271
21	21	81/2	0.25		1/8	1/8	2/4	2	1	1/16	1/16	1		6	54	F#3	3	271
21	21	81/2	0.25		1/8	1/8	2/4	1	1	1/16	1/16	1		6	66	F#4	4	265
21	21	81/2	0.25		1/8	1/8	2/4	1	1	1/16	1/16	1		7	73	C#5	5	265
21	21	163/4	0.25		3/16	3/16	2/4	2	1	1/16	1/16	1		2	38	D2	2	272
21	21	163/4	0.25		3/16	3/16	2/4	1	1	1/16	1/16	1		-1	77	F5	5	266
21	21	163/4	0.25		3/16	3/16	2/4	1	1	1/16	1/16	1		0	84	C6	6	266
21	21	41	0.5		1/4	1/4	2/4	2	1	1/8	1/8	1		3	45	A2	2	273
21	21	41	0.5		1/4	1/4	2/4	2	1	1/8	1/8	1		6	54	F#3	3	273
21	21	41	0.5		1/4	1/4	2/4	1	1	1/8	1/8	1		6	66	F#4	4	267
21	21	41	0.5		1/4	1/4	2/4	1	1	1/8	1/8	1		7	73	C#5	5	267
21	21	83/2	0.25		3/8	3/8	2/4	2	1	1/16	1/16	1		0	60	C4	4	274
21	21	83/2	0.25		3/8	3/8	2/4	1	1	1/16	1/16	1		-1	65	F4	4	268
21	21	83/2	0.25		3/8	3/8	2/4	2	1	1/16	1/16	1		1	67	G4	4	274
21	21	83/2	0.25		3/8	3/8	2/4	1	1	1/16	1/16	1		0	72	C5	5	268
21	21	167/4	0.25		7/16	7/16	2/4	2	1	1/16	1/16	1		3	57	A3	3	275
21	21	167/4	0.25		7/16	7/16	2/4	1	1	1/16	1/16	1		4	64	E4	4	269
21	21	167/4	0.25		7/16	7/16	2/4	2	1	1/16	1/16	1		6	66	F#4	4	275
21	21	167/4	0.25		7/16	7/16	2/4	1	1	1/16	1/16	1		3	69	A4	4	269
22	22	42	0.25		0	0	2/4	2	1	1/16	1/16	1		-2	58	Bb3	3	287
22	22	42	0.25		0	0	2/4	1	1	1/16	1/16	1		-3	63	Eb4	4	276
22	22	42	0.25		0	0	2/4	2	1	1/16	1/16	1		-1	65	F4	4	287
22	22	42	0.25		0	0	2/4	1	1	1/16	1/16	1		-4	68	Ab4	4	276
22	22	169/4	0.125		1/16	1/16	2/4	1	1	1/32	1/32	1		2	62	D4	4	277
22	22	169/4	0.125		1/16	1/16	2/4	1	1	1/32	1/32	1		1	67	G4	4	277
22	22	339/8	0.125		3/32	3/32	2/4	1	1	1/32	1/32	1		4	64	E4	4	278
22	22	339/8	0.125		3/32	3/32	2/4	1	1	1/32	1/32	1		3	69	A4	4	278
22	22	85/2	0.25		1/8	1/8	2/4	2	1	1/16	1/16	1		5	47	B2	2	288
22	22	85/2	0.25		1/8	1/8	2/4	2	1	1/16	1/16	1		-1	53	F3	3	288
22	22	85/2	0.25		1/8	1/8	2/4	1	1	1/16	1/16	1		2	62	D4	4	279
22	22	85/2	0.25		1/8	1/8	2/4	1	1	1/16	1/16	1		1	67	G4	4	279
22	22	171/4	0.25		3/16	3/16	2/4	2	1	1/16	1/16	1		2	38	D2	2	289
22	22	171/4	0.25		3/16	3/16	2/4	1	1	1/16	1/16	1		7	61	C#4	4	280
22	22	171/4	0.25		3/16	3/16	2/4	1	1	1/16	1/16	1		4	64	E4	4	280
22	22	43	0.25		1/4	1/4	2/4	2	1	1/16	1/16	1		-2	46	Bb2	2	290
22	22	43	0.25		1/4	1/4	2/4	2	1	1/16	1/16	1		-1	53	F3	3	290
22	22	43	0.25		1/4	1/4	2/4	1	1	1/16	1/16	1		0	60	C4	4	281
22	22	43	0.25		1/4	1/4	2/4	1	1	1/16	1/16	1		1	67	G4	4	281
22	22	703/16	0.0125		31/64	31/64	2/4	1	1	1/320	1/256	4/5		-6	66	Gb4	4	282
22	22	879/20	0.0125		39/80	39/80	2/4	1	1	1/320	1/256	4/5		-1	65	F4	4	283
22	22	3517/80	0.0125		157/320	157/320	2/4	1	1	1/320	1/256	4/5		-6	66	Gb4	4	284
22	22	1759/40	0.0125		79/160	79/160	2/4	1	1	1/320	1/256	4/5		1	67	G4	4	285
22	22	3519/80	0.0125		159/320	159/320	2/4	1	1	1/320	1/256	4/5		8	68	G#4	4	286
23	23	44	0.5		0	0	2/4	2	1	1/8	1/8	1		0	60	C4	4	298
23	23	44	0.25		0	0	2/4	1	1	1/16	1/16	1		4	64	E4	4	291
23	23	44	0.5		0	0	2/4	2	1	1/8	1/8	1		6	66	F#4	4	298
23	23	44	0.25		0	0	2/4	1	1	1/16	1/16	1		3	69	A4	4	291
23	23	177/4	0.25		1/16	1/16	2/4	1	1	1/16	1/16	1		2	74	D5	5	292
23	23	89/2	0.25		1/8	1/8	2/4	2	1	1/16	1/16	1		5	59	B3	3	299
23	23	89/2	0.25		1/8	1/8	2/4	1	1	1/16	1/16	1		-3	63	Eb4	4	293
23	23	89/2	0.25		1/8	1/8	2/4	2	1	1/16	1/16	1		-1	65	F4	4	299
23	23	89/2	0.25		1/8	1/8	2/4	1	1	1/16	1/16	1		-4	68	Ab4	4	293
23	23	179/4	0.25		3/16	3/16	2/4	2	1	1/16	1/16	1		-2	58	Bb3	3	300
23	23	179/4	0.25		3/16	3/16	2/4	1	1	1/16	1/16	1		2	62	D4	4	294
23	23	179/4	0.25		3/16	3/16	2/4	2	1	1/16	1/16	1		4	64	E4	4	300
23	23	179/4	0.25		3/16	3/16	2/4	1	1	1/16	1/16	1		1	67	G4	4	294
23	23	45	0.25		1/4	1/4	2/4	1	1	1/16	1/16	1		2	74	D5	5	295
23	23	181/4	0.25		5/16	5/16	2/4	2	1	1/16	1/16	1		8	44	G#2	2	301
23	23	181/4	0.25		5/16	5/16	2/4	2	1	1/16	1/16	1		6	54	F#3	3	301
23	23	181/4	0.25		5/16	5/16	2/4	1	1	1/16	1/16	1		12	60	B#3	3	296
23	23	181/4	0.25		5/16	5/16	2/4	1	1	1/16	1/16	1		6	66	F#4	4	296
23	23	91/2	0.5		3/8	3/8	2/4	2	1	1/8	1/8	1		3	45	A2	2	302
23	23	91/2	0.5		3/8	3/8	2/4	2	1	1/8	1/8	1		1	55	G3	3	302
23	23	91/2	0.5		3/8	3/8	2/4	1	1	1/8	1/8	1		7	61	C#4	4	297
23	23	91/2	0.5		3/8	3/8	2/4	1	1	1/8	1/8	1		-3	63	Eb4	4	297
24	24	46	0.25		0	0	2/4	2	1	1/16	1/16	1		-2	46	Bb2	2	311
24	24	46	0.25		0	0	2/4	2	1	1/16	1/16	1		-4	56	Ab3	3	311
24	24	46	0.25		0	0	2/4	1	1	1/16	1/16	1		2	62	D4	4	303
24	24	93/2	0.5		1/8	1/8	2/4	2	1	1/8	1/8	1		7	61	C#4	4	312
24	24	93/2	0.375		1/8	1/8	2/4	1	2	3/32	1/16	3/2		-3	63	Eb4	4	307
24	24	93/2	0.5		1/8	1/8	2/4	2	1	1/8	1/8	1		1	67	G4	4	312
24	24	93/2	0.5		1/8	1/8	2/4	1	1	1/8	1/8	1		3	69	A4	4	304
24	24	375/8	0.0625		7/32	7/32	2/4	1	2	1/64	1/64	1		4	64	E4	4	308
24	24	751/16	0.0625		15/64	15/64	2/4	1	2	1/64	1/64	1		-1	65	F4	4	309
24	24	47	0.25		1/4	1/4	2/4	2	1	1/16	1/16	1		2	50	D3	3	313
24	24	47	0.25		1/4	1/4	2/4	2	1	1/16	1/16	1		0	60	C4	4	313
24	24	47	0.25		1/4	1/4	2/4	1	2	1/16	1/16	1		6	66	F#4	4	310
24	24	47	0.25		1/4	1/4	2/4	1	1	1/16	1/16	1		2	74	D5	5	305
24	24	95/2	0.5		3/8	3/8	2/4	1	1	1/8	1/8	1		5	71	B4	4	306
24	24	95/2	0.5		3/8	3/8	2/4	1	1	1/8	1/8	1		6	78	F#5	5	306
25	25	48	0.75		0	0	2/4	2	1	3/16	1/8	3/2		2	38	D2	2	320
25	25	48	0.75		0	0	2/4	2	1	3/16	1/8	3/2		-2	46	Bb2	2	320
25	25	48	0.75		0	0	2/4	2	1	3/16	1/8	3/2		-1	53	F3	3	320
25	25	48	0.5		0	0	2/4	1	1	1/8	1/8	1		-2	70	Bb4	4	314
25	25	48	0.5		0	0	2/4	1	1	1/8	1/8	1		7	73	C#5	5	314
25	25	97/2	0.5		1/8	1/8	2/4	1	1	1/8	1/8	1	1	3	69	A4	4	315
25	25	97/2	0.5		1/8	1/8	2/4	1	1	1/8	1/8	1	1	4	76	E5	5	315
25	25	195/4	0.25		3/16	3/16	2/4	2	1	1/16	1/16	1		-2	58	Bb3	3	321
25	25	195/4	0.25		3/16	3/16	2/4	2	1	1/16	1/16	1		-1	65	F4	4	321
25	25	49	0.5		1/4	1/4	2/4	2	1	1/8	1/8	1		-2	58	Bb3	3	322
25	25	49	0.5		1/4	1/4	2/4	2	1	1/8	1/8	1		-1	65	F4	4	322
25	25	49	0.25		1/4	1/4	2/4	1	1	1/16	1/16	1	-1	3	69	A4	4	316
25	25	49	0.25		1/4	1/4	2/4	1	1	1/16	1/16	1	-1	4	76	E5	5	316
25	25	197/4	0.25		5/16	5/16	2/4	1	1	1/16	1/16	1		8	68	G#4	4	317
25	25	197/4	0.25		5/16	5/16	2/4	1	1	1/16	1/16	1		2	74	D5	5	317
25	25	99/2	0.5		3/8	3/8	2/4	2	1	1/8	1/8	1		2	38	D2	2	323
25	25	99/2	0.5		3/8	3/8	2/4	2	1	1/8	1/8	1		-2	46	Bb2	2	323
25	25	99/2	0.5		3/8	3/8	2/4	2	1	1/8	1/8	1		-1	53	F3	3	323
25	25	99/2	0.25		3/8	3/8	2/4	1	1	1/16	1/16	1		3	69	A4	4	318
25	25	99/2	0.25		3/8	3/8	2/4	1	1	1/16	1/16	1		7	73	C#5	5	318
25	25	199/4	0.25		7/16	7/16	2/4	1	1	1/16	1/16	1		8	68	G#4	4	319
25	25	199/4	0.25		7/16	7/16	2/4	1	1	1/16	1/16	1		5	71	B4	4	319
26	26	50	0.5		0	0	2/4	2	1	1/8	1/8	1		2	38	D2	2	329
26	26	50	0.5		0	0	2/4	2	1	1/8	1/8	1		5	47	B2	2	329
26	26	50	0.5		0	0	2/4	2	1	1/8	1/8	1		4	52	E3	3	329
26	26	50	1.0		0	0	2/4	1	1	1/4	1/4	1	1	1	67	G4	4	324
26	26	50	1.0		0	0	2/4	1	1	1/4	1/4	1	1	2	74	D5	5	324
26	26	101/2	0.25		1/8	1/8	2/4	2	1	1/16	1/16	1		10	58	A#3	3	330
26	26	101/2	0.25		1/8	1/8	2/4	2	1	1/16	1/16	1		6	66	F#4	4	330
26	26	203/4	0.25		3/16	3/16	2/4	2	1	1/16	1/16	1		10	58	A#3	3	331
26	26	203/4	0.25		3/16	3/16	2/4	2	1	1/16	1/16	1		6	66	F#4	4	331
26	26	51	0.5		1/4	1/4	2/4	2	1	1/8	1/8	1		5	59	B3	3	332
26	26	51	0.25		1/4	1/4	2/4	1	1	1/16	1/16	1	-1	1	67	G4	4	325
26	26	51	0.5		1/4	1/4	2/4	2	1	1/8	1/8	1		1	67	G4	4	332
26	26	51	0.25		1/4	1/4	2/4	1	1	1/16	1/16	1	-1	2	74	D5	5	325
26	26	205/4	0.25		5/16	5/16	2/4	1	1	1/16	1/16	1		8	68	G#4	4	326
26	26	205/4	0.25		5/16	5/16	2/4	1	1	1/16	1/16	1		6	78	F#5	5	326
26	26	103/2	0.5		3/8	3/8	2/4	2	1	1/8	1/8	1		2	38	D2	2	333
26	26	103/2	0.5		3/8	3/8	2/4	2	1	1/8	1/8	1		5	47	B2	2	333
26	26	103/2	0.5		3/8	3/8	2/4	2	1	1/8	1/8	1		4	52	E3	3	333
26	26	103/2	0.25		3/8	3/8	2/4	1	1	1/16	1/16	1		3	69	A4	4	327
26	26	103/2	0.25		3/8	3/8	2/4	1	1	1/16	1/16	1		7	73	C#5	5	327
26	26	207/4	0.25		7/16	7/16	2/4	1	1	1/16	1/16	1		8	68	G#4	4	328
26	26	207/4	0.25		7/16	7/16	2/4	1	1	1/16	1/16	1		4	76	E5	5	328
27	27	52	0.75		0	0	2/4	2	1	3/16	1/8	3/2		2	38	D2	2	342
27	27	52	0.75		0	0	2/4	2	1	3/16	1/8	3/2		-2	46	Bb2	2	342
27	27	52	0.75		0	0	2/4	2	1	3/16	1/8	3/2		-1	53	F3	3	342
27	27	52	0.25		0	0	2/4	1	1	1/16	1/16	1		1	67	G4	4	334
27	27	52	0.25		0	0	2/4	1	1	1/16	1/16	1		2	74	D5	5	334
27	27	209/4	0.25		1/16	1/16	2/4	1	1	1/16	1/16	1		8	68	G#4	4	335
27	27	209/4	0.25		1/16	1/16	2/4	1	1	1/16	1/16	1		6	78	F#5	5	335
27	27	105/2	0.25		1/8	1/8	2/4	1	1	1/16	1/16	1		3	69	A4	4	336
27	27	105/2	0.25		1/8	1/8	2/4	1	1	1/16	1/16	1		7	73	C#5	5	336
27	27	211/4	0.25		3/16	3/16	2/4	2	1	1/16	1/16	1		-2	58	Bb3	3	343
27	27	211/4	0.25		3/16	3/16	2/4	2	1	1/16	1/16	1		-1	65	F4	4	343
27	27	211/4	0.25		3/16	3/16	2/4	1	1	1/16	1/16	1	1	8	68	G#4	4	337
27	27	211/4	0.25		3/16	3/16	2/4	1	1	1/16	1/16	1	1	4	76	E5	5	337
27	27	53	0.5		1/4	1/4	2/4	2	1	1/8	1/8	1		-2	58	Bb3	3	344
27	27	53	0.5		1/4	1/4	2/4	2	1	1/8	1/8	1		-1	65	F4	4	344
27	27	53	0.25		1/4	1/4	2/4	1	1	1/16	1/16	1	-1	8	68	G#4	4	338
27	27	53	0.25		1/4	1/4	2/4	1	1	1/16	1/16	1	-1	4	76	E5	5	338
27	27	213/4	0.25		5/16	5/16	2/4	1	1	1/16	1/16	1		1	67	G4	4	339
27	27	213/4	0.25		5/16	5/16	2/4	1	1	1/16	1/16	1		2	74	D5	5	339
27	27	107/2	0.5		3/8	3/8	2/4	2	1	1/8	1/8	1		2	38	D2	2	345
27	27	107/2	0.5		3/8	3/8	2/4	2	1	1/8	1/8	1		-2	46	Bb2	2	345
27	27	107/2	0.5		3/8	3/8	2/4	2	1	1/8	1/8	1		-1	53	F3	3	345
27	27	107/2	0.25		3/8	3/8	2/4	1	1	1/16	1/16	1		-6	66	Gb4	4	340
27	27	107/2	0.25		3/8	3/8	2/4	1	1	1/16	1/16	1		-2	70	Bb4	4	340
27	27	215/4	0.25		7/16	7/16	2/4	1	1	1/16	1/16	1		-1	65	F4	4	341
27	27	215/4	0.25		7/16	7/16	2/4	1	1	1/16	1/16	1		0	72	C5	5	341
28	28	54	0.5		0	0	2/4	2	1	1/8	1/8	1		3	45	A2	2	351
28	28	54	0.5		0	0	2/4	2	1	1/8	1/8	1		6	54	F#3	3	351
28	28	54	1.0		0	0	2/4	1	1	1/4	1/4	1		4	64	E4	4	346
28	28	54	1.0		0	0	2/4	1	1	1/4	1/4	1		8	68	G#4	4	346
28	28	109/2	0.25		1/8	1/8	2/4	2	1	1/16	1/16	1		0	60	C4	4	352
28	28	109/2	0.25		1/8	1/8	2/4	2	1	1/16	1/16	1		6	66	F#4	4	352
28	28	219/4	0.25		3/16	3/16	2/4	2	1	1/16	1/16	1		0	60	C4	4	353
28	28	219/4	0.25		3/16	3/16	2/4	2	1	1/16	1/16	1		6	66	F#4	4	353
28	28	55	0.5		1/4	1/4	2/4	2	1	1/8	1/8	1		0	60	C4	4	354
28	28	55	0.25		1/4	1/4	2/4	1	1	1/16	1/16	1		4	64	E4	4	347
28	28	55	0.5		1/4	1/4	2/4	2	1	1/8	1/8	1		6	66	F#4	4	354
28	28	55	0.25		1/4	1/4	2/4	1	1	1/16	1/16	1		8	68	G#4	4	347
28	28	221/4	0.25		5/16	5/16	2/4	1	1	1/16	1/16	1		3	69	A4	4	348
28	28	221/4	0.25		5/16	5/16	2/4	1	1	1/16	1/16	1		2	74	D5	5	348
28	28	111/2	0.5		3/8	3/8	2/4	2	1	1/8	1/8	1		2	50	D3	3	355
28	28	111/2	0.25		3/8	3/8	2/4	1	1	1/16	1/16	1		4	64	E4	4	349
28	28	111/2	0.25		3/8	3/8	2/4	1	1	1/16	1/16	1		8	68	G#4	4	349
28	28	223/4	0.25		7/16	7/16	2/4	1	1	1/16	1/16	1		-3	63	Eb4	4	350
28	28	223/4	0.25		7/16	7/16	2/4	1	1	1/16	1/16	1		1	67	G4	4	350
29	29	56	0.25		0	0	2/4	2	1	1/16	1/16	1		1	43	G2	2	366
29	29	56	0.25		0	0	2/4	2	1	1/16	1/16	1		-2	58	Bb3	3	366
29	29	56	0.25		0	0	2/4	1	1	1/16	1/16	1		2	62	D4	4	356
29	29	56	0.25		0	0	2/4	1	1	1/16	1/16	1		6	66	F#4	4	356
29	29	225/4	0.08333333333333333		1/16	1/16	2/4	1	1	1/48	1/32	2/3		4	64	E4	4	357
29	29	169/3	0.08333333333333333		1/12	1/12	2/4	1	1	1/48	1/32	2/3		6	66	F#4	4	358
29	29	677/12	0.08333333333333333		5/48	5/48	2/4	1	1	1/48	1/32	2/3		4	64	E4	4	359
29	29	113/2	0.25		1/8	1/8	2/4	1	1	1/16	1/16	1		6	66	F#4	4	360
29	29	227/4	0.25		3/16	3/16	2/4	1	1	1/16	1/16	1		3	69	A4	4	361
29	29	57	0.25		1/4	1/4	2/4	1	1	1/16	1/16	1		-2	70	Bb4	4	362
29	29	229/4	0.25		5/16	5/16	2/4	1	1	1/16	1/16	1		7	73	C#5	5	363
29	29	115/2	0.25		3/8	3/8	2/4	1	1	1/16	1/16	1		2	74	D5	5	364
29	29	231/4	0.25		7/16	7/16	2/4	1	1	1/16	1/16	1		4	76	E5	5	365
30	30	58	0.75		0	0	2/4	2	1	3/16	1/8	3/2		8	44	G#2	2	370
30	30	58	0.75		0	0	2/4	2	1	3/16	1/8	3/2		5	59	B3	3	370
30	30	58	0.25		0	0	2/4	1	1	1/16	1/16	1		11	65	E#4	4	367
30	30	58	0.25		0	0	2/4	1	1	1/16	1/16	1		7	73	C#5	5	367
30	30	233/4	0.75		1/16	1/16	2/4	1	1	3/16	1/8	3/2		11	65	E#4	4	368
30	30	233/4	0.75		1/16	1/16	2/4	1	1	3/16	1/8	3/2		7	73	C#5	5	368
30	30	235/4	0.25		3/16	3/16	2/4	2	1	1/16	1/16	1		0	60	C4	4	371
30	30	235/4	0.25		3/16	3/16	2/4	2	1	1/16	1/16	1		3	69	A4	4	371
30	30	59	0.5		1/4	1/4	2/4	2	1	1/8	1/8	1		5	59	B3	3	372
30	30	59	0.5		1/4	1/4	2/4	2	1	1/8	1/8	1		8	68	G#4	4	372
30	30	119/2	0.5		3/8	3/8	2/4	2	1	1/8	1/8	1		1	43	G2	2	373
30	30	119/2	0.5		3/8	3/8	2/4	2	1	1/8	1/8	1		-2	58	Bb3	3	373
30	30	119/2	0.5		3/8	3/8	2/4	1	1	1/8	1/8	1		4	64	E4	4	369
30	30	119/2	0.5		3/8	3/8	2/4	1	1	1/8	1/8	1		2	74	D5	5	369
31	31	60	0.75		0	0	2/4	2	1	3/16	1/8	3/2		6	42	F#2	2	377
31	31	60	0.75		0	0	2/4	2	1	3/16	1/8	3/2		3	57	A3	3	377
31	31	60	0.25		0	0	2/4	1	1	1/16	1/16	1		9	63	D#4	4	374
31	31	60	0.25		0	0	2/4	1	1	1/16	1/16	1		5	71	B4	4	374
31	31	241/4	0.75		1/16	1/16	2/4	1	1	3/16	1/8	3/2		9	63	D#4	4	375
31	31	241/4	0.75		1/16	1/16	2/4	1	1	3/16	1/8	3/2		5	71	B4	4	375
31	31	243/4	0.25		3/16	3/16	2/4	2	1	1/16	1/16	1		-2	58	Bb3	3	378
31	31	243/4	0.25		3/16	3/16	2/4	2	1	1/16	1/16	1		1	67	G4	4	378
31	31	61	0.5		1/4	1/4	2/4	2	1	1/8	1/8	1		3	57	A3	3	379
31	31	61	0.5		1/4	1/4	2/4	2	1	1/8	1/8	1		6	66	F#4	4	379
31	31	123/2	0.5		3/8	3/8	2/4	2	1	1/8	1/8	1		-1	41	F2	2	380
31	31	123/2	0.5		3/8	3/8	2/4	2	1	1/8	1/8	1		-4	56	Ab3	3	380
31	31	123/2	0.5		3/8	3/8	2/4	1	1	1/8	1/8	1		2	62	D4	4	376
31	31	123/2	0.5		3/8	3/8	2/4	1	1	1/8	1/8	1		0	72	C5	5	376
32	32	62	0.25		0	0	2/4	2	1	1/16	1/16	1		4	40	E2	2	393
32	32	62	0.25		0	0	2/4	2	1	1/16	1/16	1		1	55	G3	3	393
32	32	62	0.25		0	0	2/4	1	2	1/16	1/16	1		7	61	C#4	4	387
32	32	62	0.125		0	0	2/4	1	1	1/32	1/32	1		3	69	A4	4	381
32	32	497/8	0.125		1/32	1/32	2/4	1	1	1/32	1/32	1		-2	70	Bb4	4	382
32	32	249/4	0.125		1/16	1/16	2/4	1	1	1/32	1/32	1		0	72	C5	5	383
32	32	499/8	0.125		3/32	3/32	2/4	1	1	1/32	1/32	1		-2	70	Bb4	4	384
32	32	125/2	0.5		1/8	1/8	2/4	1	1	1/8	1/8	1		3	69	A4	4	385
32	32	251/4	0.25		3/16	3/16	2/4	1	2	1/16	1/16	1		2	62	D4	4	388
32	32	63	0.25		1/4	1/4	2/4	1	2	1/16	1/16	1		9	63	D#4	4	389
32	32	253/4	0.25		5/16	5/16	2/4	1	2	1/16	1/16	1		4	64	E4	4	390
32	32	127/2	0.25		3/8	3/8	2/4	1	2	1/16	1/16	1		-1	65	F4	4	391
32	32	127/2	0.5		3/8	3/8	2/4	1	1	1/8	1/8	1		-1	77	F5	5	386
32	32	255/4	0.25		7/16	7/16	2/4	1	2	1/16	1/16	1		6	66	F#4	4	392
33	33	64	0.75		0	0	2/4	2	1	3/16	1/8	3/2		2	38	D2	2	403
33	33	64	0.75		0	0	2/4	2	1	3/16	1/8	3/2		-2	46	Bb2	2	403
33	33	64	0.75		0	0	2/4	2	1	3/16	1/8	3/2		-1	53	F3	3	403
33	33	64	0.25		0	0	2/4	1	2	1/16	1/16	1		1	67	G4	4	400
33	33	64	0.5		0	0	2/4	1	1	1/8	1/8	1		7	73	C#5	5	394
33	33	257/4	0.25		1/16	1/16	2/4	1	2	1/16	1/16	1		-2	70	Bb4	4	401
33	33	129/2	0.5		1/8	1/8	2/4	1	2	1/8	1/8	1	1	3	69	A4	4	402
33	33	129/2	0.5		1/8	1/8	2/4	1	1	1/8	1/8	1	1	4	76	E5	5	395
33	33	259/4	0.25		3/16	3/16	2/4	2	1	1/16	1/16	1		-2	58	Bb3	3	404
33	33	259/4	0.25		3/16	3/16	2/4	2	1	1/16	1/16	1		-1	65	F4	4	404
33	33	65	0.5		1/4	1/4	2/4	2	1	1/8	1/8	1		-2	58	Bb3	3	405
33	33	65	0.5		1/4	1/4	2/4	2	1	1/8	1/8	1		-1	65	F4	4	405
33	33	65	0.25		1/4	1/4	2/4	1	1	1/16	1/16	1	-1	3	69	A4	4	396
33	33	65	0.25		1/4	1/4	2/4	1	1	1/16	1/16	1	-1	4	76	E5	5	396
33	33	261/4	0.25		5/16	5/16	2/4	1	1	1/16	1/16	1		8	68	G#4	4	397
33	33	261/4	0.25		5/16	5/16	2/4	1	1	1/16	1/16	1		2	74	D5	5	397
33	33	131/2	0.5		3/8	3/8	2/4	2	1	1/8	1/8	1		2	38	D2	2	406
33	33	131/2	0.5		3/8	3/8	2/4	2	1	1/8	1/8	1		-2	46	Bb2	2	406
33	33	131/2	0.5		3/8	3/8	2/4	2	1	1/8	1/8	1		-1	53	F3	3	406
33	33	131/2	0.25		3/8	3/8	2/4	1	1	1/16	1/16	1		3	69	A4	4	398
33	33	131/2	0.25		3/8	3/8	2/4	1	1	1/16	1/16	1		7	73	C#5	5	398
33	33	263/4	0.25		7/16	7/16	2/4	1	1	1/16	1/16	1		8	68	G#4	4	399
33	33	263/4	0.25		7/16	7/16	2/4	1	1	1/16	1/16	1		5	71	B4	4	399
34	34	66	0.5		0	0	2/4	2	1	1/8	1/8	1		2	38	D2	2	412
34	34	66	0.5		0	0	2/4	2	1	1/8	1/8	1		5	47	B2	2	412
34	34	66	0.5		0	0	2/4	2	1	1/8	1/8	1		4	52	E3	3	412
34	34	66	1.0		0	0	2/4	1	1	1/4	1/4	1	1	1	67	G4	4	407
34	34	66	1.0		0	0	2/4	1	1	1/4	1/4	1	1	2	74	D5	5	407
34	34	133/2	0.25		1/8	1/8	2/4	2	1	1/16	1/16	1		10	58	A#3	3	413
34	34	133/2	0.25		1/8	1/8	2/4	2	1	1/16	1/16	1		6	66	F#4	4	413
34	34	267/4	0.25		3/16	3/16	2/4	2	1	1/16	1/16	1		10	58	A#3	3	414
34	34	267/4	0.25		3/16	3/16	2/4	2	1	1/16	1/16	1		6	66	F#4	4	414
34	34	67	0.5		1/4	1/4	2/4	2	1	1/8	1/8	1		5	59	B3	3	415
34	34	67	0.5		1/4	1/4	2/4	2	1	1/8	1/8	1		4	64	E4	4	415
34	34	67	0.25		1/4	1/4	2/4	1	1	1/16	1/16	1	-1	1	67	G4	4	408
34	34	67	0.25		1/4	1/4	2/4	1	1	1/16	1/16	1	-1	2	74	D5	5	408
34	34	269/4	0.25		5/16	5/16	2/4	1	1	1/16	1/16	1		8	68	G#4	4	409
34	34	269/4	0.25		5/16	5/16	2/4	1	1	1/16	1/16	1		6	78	F#5	5	409
34	34	135/2	0.5		3/8	3/8	2/4	2	1	1/8	1/8	1		2	38	D2	2	416
34	34	135/2	0.5		3/8	3/8	2/4	2	1	1/8	1/8	1		5	47	B2	2	416
34	34	135/2	0.5		3/8	3/8	2/4	2	1	1/8	1/8	1		4	52	E3	3	416
34	34	135/2	0.25		3/8	3/8	2/4	1	1	1/16	1/16	1		3	69	A4	4	410
34	34	135/2	0.25		3/8	3/8	2/4	1	1	1/16	1/16	1		7	73	C#5	5	410
34	34	271/4	0.25		7/16	7/16	2/4	1	1	1/16	1/16	1		8	68	G#4	4	411
34	34	271/4	0.25		7/16	7/16	2/4	1	1	1/16	1/16	1		4	76	E5	5	411
35	35	68	0.75		0	0	2/4	2	1	3/16	1/8	3/2		2	38	D2	2	425
35	35	68	0.75		0	0	2/4	2	1	3/16	1/8	3/2		-2	46	Bb2	2	425
35	35	68	0.75		0	0	2/4	2	1	3/16	1/8	3/2		4	52	E3	3	425
35	35	68	0.25		0	0	2/4	1	1	1/16	1/16	1		1	67	G4	4	417
35	35	68	0.25		0	0	2/4	1	1	1/16	1/16	1		2	74	D5	5	417
35	35	273/4	0.25		1/16	1/16	2/4	1	1	1/16	1/16	1		8	68	G#4	4	418
35	35	273/4	0.25		1/16	1/16	2/4	1	1	1/16	1/16	1		6	78	F#5	5	418
35	35	137/2	0.25		1/8	1/8	2/4	1	1	1/16	1/16	1		3	69	A4	4	419
35	35	137/2	0.25		1/8	1/8	2/4	1	1	1/16	1/16	1		7	73	C#5	5	419
35	35	275/4	0.25		3/16	3/16	2/4	2	1	1/16	1/16	1		-2	58	Bb3	3	426
35	35	275/4	0.25		3/16	3/16	2/4	2	1	1/16	1/16	1		-1	65	F4	4	426
35	35	275/4	0.25		3/16	3/16	2/4	1	1	1/16	1/16	1	1	8	68	G#4	4	420
35	35	275/4	0.25		3/16	3/16	2/4	1	1	1/16	1/16	1	1	4	76	E5	5	420
35	35	69	0.5		1/4	1/4	2/4	2	1	1/8	1/8	1		-2	58	Bb3	3	427
35	35	69	0.5		1/4	1/4	2/4	2	1	1/8	1/8	1		-1	65	F4	4	427
35	35	69	0.25		1/4	1/4	2/4	1	1	1/16	1/16	1	-1	8	68	G#4	4	421
35	35	69	0.25		1/4	1/4	2/4	1	1	1/16	1/16	1	-1	4	76	E5	5	421
35	35	277/4	0.25		5/16	5/16	2/4	1	1	1/16	1/16	1		1	67	G4	4	422
35	35	277/4	0.25		5/16	5/16	2/4	1	1	1/16	1/16	1		2	74	D5	5	422
35	35	139/2	0.5		3/8	3/8	2/4	2	1	1/8	1/8	1		2	38	D2	2	428
35	35	139/2	0.5		3/8	3/8	2/4	2	1	1/8	1/8	1		-2	46	Bb2	2	428
35	35	139/2	0.5		3/8	3/8	2/4	2	1	1/8	1/8	1		-1	53	F3	3	428
35	35	139/2	0.25		3/8	3/8	2/4	1	1	1/16	1/16	1		-6	66	Gb4	4	423
35	35	139/2	0.25		3/8	3/8	2/4	1	1	1/16	1/16	1		-2	70	Bb4	4	423
35	35	279/4	0.25		7/16	7/16	2/4	1	1	1/16	1/16	1		-1	65	F4	4	424
35	35	279/4	0.25		7/16	7/16	2/4	1	1	1/16	1/16	1		0	72	C5	5	424
36	36	70	0.5		0	0	2/4	2	1	1/8	1/8	1		3	45	A2	2	434
36	36	70	0.5		0	0	2/4	2	1	1/8	1/8	1		6	54	F#3	3	434
36	36	70	1.0		0	0	2/4	1	1	1/4	1/4	1	1	4	64	E4	4	429
36	36	70	1.0		0	0	2/4	1	1	1/4	1/4	1	1	8	68	G#4	4	429
36	36	141/2	0.25		1/8	1/8	2/4	2	1	1/16	1/16	1		0	60	C4	4	435
36	36	141/2	0.25		1/8	1/8	2/4	2	1	1/16	1/16	1		6	66	F#4	4	435
36	36	283/4	0.25		3/16	3/16	2/4	2	1	1/16	1/16	1		0	60	C4	4	436
36	36	283/4	0.25		3/16	3/16	2/4	2	1	1/16	1/16	1		6	66	F#4	4	436
36	36	71	0.5		1/4	1/4	2/4	2	1	1/8	1/8	1		0	60	C4	4	437
36	36	71	0.25		1/4	1/4	2/4	1	1	1/16	1/16	1	-1	4	64	E4	4	430
36	36	71	0.5		1/4	1/4	2/4	2	1	1/8	1/8	1		6	66	F#4	4	437
36	36	71	0.25		1/4	1/4	2/4	1	1	1/16	1/16	1	-1	8	68	G#4	4	430
36	36	285/4	0.25		5/16	5/16	2/4	1	1	1/16	1/16	1		3	69	A4	4	431
36	36	285/4	0.25		5/16	5/16	2/4	1	1	1/16	1/16	1		2	74	D5	5	431
36	36	143/2	0.5		3/8	3/8	2/4	2	1	1/8	1/8	1		2	50	D3	3	438
36	36	143/2	0.25		3/8	3/8	2/4	1	1	1/16	1/16	1		4	64	E4	4	432
36	36	143/2	0.25		3/8	3/8	2/4	1	1	1/16	1/16	1		8	68	G#4	4	432
36	36	287/4	0.25		7/16	7/16	2/4	1	1	1/16	1/16	1		-3	63	Eb4	4	433
36	36	287/4	0.25		7/16	7/16	2/4	1	1	1/16	1/16	1		1	67	G4	4	433
37	37	72	0.25		0	0	2/4	2	1	1/16	1/16	1		1	43	G2	2	449
37	37	72	0.25		0	0	2/4	2	1	1/16	1/16	1		-2	58	Bb3	3	449
37	37	72	0.25		0	0	2/4	1	1	1/16	1/16	1		2	62	D4	4	439
37	37	72	0.25		0	0	2/4	1	1	1/16	1/16	1		6	66	F#4	4	439
37	37	289/4	0.08333333333333333		1/16	1/16	2/4	1	1	1/48	1/32	2/3		4	64	E4	4	440
37	37	217/3	0.08333333333333333		1/12	1/12	2/4	1	1	1/48	1/32	2/3		6	66	F#4	4	441
37	37	869/12	0.08333333333333333		5/48	5/48	2/4	1	1	1/48	1/32	2/3		4	64	E4	4	442
37	37	145/2	0.25		1/8	1/8	2/4	1	1	1/16	1/16	1		6	66	F#4	4	443
37	37	291/4	0.25		3/16	3/16	2/4	1	1	1/16	1/16	1		3	69	A4	4	444
37	37	73	0.25		1/4	1/4	2/4	1	1	1/16	1/16	1		-2	70	Bb4	4	445
37	37	293/4	0.25		5/16	5/16	2/4	1	1	1/16	1/16	1		7	73	C#5	5	446
37	37	147/2	0.25		3/8	3/8	2/4	1	1	1/16	1/16	1		2	74	D5	5	447
37	37	295/4	0.25		7/16	7/16	2/4	1	1	1/16	1/16	1		4	76	E5	5	448
38	38	74	0.25		0	0	2/4	2	2	1/16	1/16	1		4	64	E4	4	458
38	38	74	0.25		0	0	2/4	2	2	1/16	1/16	1		10	70	A#4	4	458
38	38	74	0.25		0	0	2/4	2	1	1/16	1/16	1		7	73	C#5	5	455
38	38	74	1.0		0	0	2/4	1	2	1/4	1/4	1		6	78	F#5	5	454
38	38	297/4	0.5		1/16	1/16	2/4	2	2	1/8	1/8	1		-3	63	Eb4	4	459
38	38	297/4	0.5		1/16	1/16	2/4	2	2	1/8	1/8	1		3	69	A4	4	459
38	38	297/4	0.5		1/16	1/16	2/4	2	1	1/8	1/8	1		0	72	C5	5	456
38	38	299/4	0.25		3/16	3/16	2/4	2	2	1/16	1/16	1	1	-2	58	Bb3	3	460
38	38	299/4	0.25		3/16	3/16	2/4	2	2	1/16	1/16	1	1	2	62	D4	4	460
38	38	299/4	0.25		3/16	3/16	2/4	2	2	1/16	1/16	1	1	-4	68	Ab4	4	460
38	38	299/4	0.25		3/16	3/16	2/4	2	1	1/16	1/16	1	1	-7	71	Cb5	5	457
38	38	75	0.25		1/4	1/4	2/4	2	2	1/16	1/16	1	-1	-2	58	Bb3	3	461
38	38	75	0.25		1/4	1/4	2/4	2	2	1/16	1/16	1	-1	2	62	D4	4	461
38	38	75	0.25		1/4	1/4	2/4	2	2	1/16	1/16	1	-1	-4	68	Ab4	4	461
38	38	75	0.25		1/4	1/4	2/4	1	1	1/16	1/16	1	-1	-7	71	Cb5	5	450
38	38	75	0.25		1/4	1/4	2/4	1	1	1/16	1/16	1		6	78	F#5	5	450
38	38	301/4	0.25		5/16	5/16	2/4	2	2	1/16	1/16	1		3	57	A3	3	462
38	38	301/4	0.25		5/16	5/16	2/4	2	2	1/16	1/16	1		7	61	C#4	4	462
38	38	301/4	0.25		5/16	5/16	2/4	2	2	1/16	1/16	1		1	67	G4	4	462
38	38	301/4	0.25		5/16	5/16	2/4	1	1	1/16	1/16	1		4	76	E5	5	451
38	38	151/2	0.5		3/8	3/8	2/4	2	2	1/8	1/8	1		-4	56	Ab3	3	463
38	38	151/2	0.5		3/8	3/8	2/4	2	2	1/8	1/8	1		0	60	C4	4	463
38	38	151/2	0.5		3/8	3/8	2/4	2	2	1/8	1/8	1		-6	66	Gb4	4	463
38	38	151/2	0.25		3/8	3/8	2/4	1	1	1/16	1/16	1		2	74	D5	5	452
38	38	303/4	0.25		7/16	7/16	2/4	1	1	1/16	1/16	1		-2	70	Bb4	4	453
39	39	76	0.25		0	0	2/4	2	1	1/16	1/16	1		1	55	G3	3	471
39	39	76	0.25		0	0	2/4	2	1	1/16	1/16	1		5	59	B3	3	471
39	39	76	0.25		0	0	2/4	2	1	1/16	1/16	1		-1	65	F4	4	471
39	39	76	0.25		0	0	2/4	1	1	1/16	1/16	1		3	69	A4	4	464
39	39	305/4	0.25		1/16	1/16	2/4	1	1	1/16	1/16	1		2	74	D5	5	465
39	39	153/2	0.25		1/8	1/8	2/4	1	1	1/16	1/16	1		-4	68	Ab4	4	466
39	39	307/4	0.25		3/16	3/16	2/4	1	1	1/16	1/16	1		1	67	G4	4	467
39	39	77	0.25		1/4	1/4	2/4	1	1	1/16	1/16	1		5	71	B4	4	468
39	39	309/4	0.25		5/16	5/16	2/4	1	1	1/16	1/16	1		6	66	F#4	4	469
39	39	155/2	0.5		3/8	3/8	2/4	2	1	1/8	1/8	1		3	45	A2	2	472
39	39	155/2	0.5		3/8	3/8	2/4	2	1	1/8	1/8	1		1	55	G3	3	472
39	39	155/2	0.5		3/8	3/8	2/4	1	1	1/8	1/8	1		7	61	C#4	4	470
39	39	155/2	0.5		3/8	3/8	2/4	1	1	1/8	1/8	1		-1	65	F4	4	470
40	40		0.25	1	0	0	2/4	2	1	1/16	1/16	1		-4	44	Ab2	2	480
40	40		0.25	1	0	0	2/4	2	1	1/16	1/16	1		-6	54	Gb3	3	480
40	40		0.25	1	0	0	2/4	1	1	1/16	1/16	1		0	60	C4	4	473
40	40		0.25	1	0	0	2/4	1	1	1/16	1/16	1		2	62	D4	4	473
40	40		0.5	1	1/8	1/8	2/4	2	1	1/8	1/8	1		7	61	C#4	4	481
40	40		0.375	1	1/8	1/8	2/4	1	2	3/32	1/16	3/2		-3	63	Eb4	4	476
40	40		0.5	1	1/8	1/8	2/4	2	1	1/8	1/8	1		1	67	G4	4	481
40	40		0.5	1	1/8	1/8	2/4	1	1	1/8	1/8	1		3	69	A4	4	474
40	40		0.0625	1	7/32	7/32	2/4	1	2	1/64	1/64	1		4	64	E4	4	477
40	40		0.0625	1	15/64	15/64	2/4	1	2	1/64	1/64	1		-1	65	F4	4	478
40	40		0.25	1	1/4	1/4	2/4	2	1	1/16	1/16	1		2	50	D3	3	482
40	40		0.25	1	1/4	1/4	2/4	2	1	1/16	1/16	1		0	60	C4	4	482
40	40		0.25	1	1/4	1/4	2/4	1	2	1/16	1/16	1		6	66	F#4	4	479
40	40		0.25	1	1/4	1/4	2/4	1	1	1/16	1/16	1		2	74	D5	5	475
40	40		0.25	1	5/16	5/16	2/4	2	1	1/16	1/16	1		7	61	C#4	4	483
40	40		0.25	1	3/8	3/8	2/4	2	1	1/16	1/16	1		2	62	D4	4	484
40	40		0.25	1	7/16	7/16	2/4	2	1	1/16	1/16	1		9	63	D#4	4	485
41	40	78	0.25	2	0	0	2/4	2	1	1/16	1/16	1		-4	44	Ab2	2	493
41	40	78	0.25	2	0	0	2/4	2	1	1/16	1/16	1		-6	54	Gb3	3	493
41	40	78	0.25	2	0	0	2/4	1	1	1/16	1/16	1		0	60	C4	4	486
41	40	78	0.25	2	0	0	2/4	1	1	1/16	1/16	1		2	62	D4	4	486
41	40	157/2	0.5	2	1/8	1/8	2/4	2	1	1/8	1/8	1		7	61	C#4	4	494
41	40	157/2	0.375	2	1/8	1/8	2/4	1	2	3/32	1/16	3/2		-3	63	Eb4	4	489
41	40	157/2	0.5	2	1/8	1/8	2/4	2	1	1/8	1/8	1		1	67	G4	4	494
41	40	157/2	0.5	2	1/8	1/8	2/4	1	1	1/8	1/8	1		3	69	A4	4	487
41	40	631/8	0.0625	2	7/32	7/32	2/4	1	2	1/64	1/64	1		4	64	E4	4	490
41	40	1263/16	0.0625	2	15/64	15/64	2/4	1	2	1/64	1/64	1		-1	65	F4	4	491
41	40	79	0.25	2	1/4	1/4	2/4	2	1	1/16	1/16	1		2	50	D3	3	495
41	40	79	0.25	2	1/4	1/4	2/4	2	1	1/16	1/16	1		0	60	C4	4	495
41	40	79	0.25	2	1/4	1/4	2/4	1	2	1/16	1/16	1		6	66	F#4	4	492
41	40	79	0.25	2	1/4	1/4	2/4	1	1	1/16	1/16	1		2	74	D5	5	488
