mc	mn	quarterbeats	quarterbeats_all_endings	duration_qb	mc_onset	mn_onset	timesig	staff	voice	duration	nominal_duration	scalar	tied	tpc	midi	name	octave	chord_id
1	1	0	0	1.0	0	0	2/2	2	1	1/4	1/4	1		4	40	E2	2	8
1	1	0	0	1.0	0	0	2/2	2	1	1/4	1/4	1		1	55	G3	3	8
1	1	0	0	0.3333333333333333	0	0	2/2	1	1	1/12	1/8	2/3		13	67	F##4	4	0
1	1	1/3	1/3	0.3333333333333333	1/12	1/12	2/2	1	1	1/12	1/8	2/3		8	68	G#4	4	1
1	1	1/3	1/3	0.3333333333333333	1/12	1/12	2/2	1	1	1/12	1/8	2/3		7	73	C#5	5	1
1	1	2/3	2/3	0.3333333333333333	1/6	1/6	2/2	1	1	1/12	1/8	2/3		3	69	A4	4	2
1	1	1	1	1.0	1/4	1/4	2/2	2	1	1/4	1/4	1		8	56	G#3	3	9
1	1	1	1	1.0	1/4	1/4	2/2	2	1	1/4	1/4	1		7	61	C#4	4	9
1	1	1	1	1.0	1/4	1/4	2/2	2	1	1/4	1/4	1		4	64	E4	4	9
1	1	1	1	0.5	1/4	1/4	2/2	1	1	1/8	1/8	1		10	70	A#4	4	3
1	1	1	1	0.5	1/4	1/4	2/2	1	1	1/8	1/8	1		9	75	D#5	5	3
1	1	3/2	3/2	0.5	3/8	3/8	2/2	1	1	1/8	1/8	1		10	70	A#4	4	4
1	1	3/2	3/2	0.5	3/8	3/8	2/2	1	1	1/8	1/8	1		9	75	D#5	5	4
1	1	2	2	1.0	1/2	1/2	2/2	2	1	1/4	1/4	1		8	44	G#2	2	10
1	1	2	2	1.0	1/2	1/2	2/2	2	1	1/4	1/4	1		5	59	B3	3	10
1	1	3	3	1.0	3/4	3/4	2/2	2	1	1/4	1/4	1		1	43	G2	2	11
1	1	3	3	1.0	3/4	3/4	2/2	2	1	1/4	1/4	1		-2	58	Bb3	3	11
1	1	3	3	0.3333333333333333	3/4	3/4	2/2	1	1	1/12	1/8	2/3		13	67	F##4	4	5
1	1	10/3	10/3	0.3333333333333333	5/6	5/6	2/2	1	1	1/12	1/8	2/3		8	68	G#4	4	6
1	1	10/3	10/3	0.3333333333333333	5/6	5/6	2/2	1	1	1/12	1/8	2/3		7	73	C#5	5	6
1	1	11/3	11/3	0.3333333333333333	11/12	11/12	2/2	1	1	1/12	1/8	2/3		3	69	A4	4	7
2	2	4	4	1.0	0	0	2/2	2	1	1/4	1/4	1		6	42	F#2	2	20
2	2	4	4	1.0	0	0	2/2	2	1	1/4	1/4	1		3	57	A3	3	20
2	2	4	4	0.5	0	0	2/2	1	1	1/8	1/8	1		10	70	A#4	4	12
2	2	4	4	0.5	0	0	2/2	1	1	1/8	1/8	1		9	75	D#5	5	12
2	2	9/2	9/2	0.5	1/8	1/8	2/2	1	1	1/8	1/8	1		6	78	F#5	5	13
2	2	5	5	1.0	1/4	1/4	2/2	2	1	1/4	1/4	1		3	57	A3	3	21
2	2	5	5	1.0	1/4	1/4	2/2	2	1	1/4	1/4	1		5	59	B3	3	21
2	2	5	5	1.0	1/4	1/4	2/2	2	1	1/4	1/4	1		9	63	D#4	4	21
2	2	5	5	0.5	1/4	1/4	2/2	1	1	1/8	1/8	1		10	70	A#4	4	14
2	2	5	5	0.5	1/4	1/4	2/2	1	1	1/8	1/8	1		9	75	D#5	5	14
2	2	11/2	11/2	0.5	3/8	3/8	2/2	1	1	1/8	1/8	1	1	3	69	A4	4	15
2	2	11/2	11/2	0.5	3/8	3/8	2/2	1	1	1/8	1/8	1	1	2	74	D5	5	15
2	2	6	6	1.0	1/2	1/2	2/2	2	1	1/4	1/4	1		5	35	B1	1	22
2	2	6	6	1.0	1/2	1/2	2/2	2	1	1/4	1/4	1		9	51	D#3	3	22
2	2	6	6	0.5	1/2	1/2	2/2	1	1	1/8	1/8	1	-1	3	69	A4	4	16
2	2	6	6	0.5	1/2	1/2	2/2	1	1	1/8	1/8	1	-1	2	74	D5	5	16
2	2	7	7	1.0	3/4	3/4	2/2	2	1	1/4	1/4	1		3	57	A3	3	23
2	2	7	7	1.0	3/4	3/4	2/2	2	1	1/4	1/4	1		5	59	B3	3	23
2	2	7	7	1.0	3/4	3/4	2/2	2	1	1/4	1/4	1		9	63	D#4	4	23
2	2	7	7	0.3333333333333333	3/4	3/4	2/2	1	1	1/12	1/8	2/3		13	67	F##4	4	17
2	2	22/3	22/3	0.3333333333333333	5/6	5/6	2/2	1	1	1/12	1/8	2/3		8	68	G#4	4	18
2	2	22/3	22/3	0.3333333333333333	5/6	5/6	2/2	1	1	1/12	1/8	2/3		7	73	C#5	5	18
2	2	23/3	23/3	0.3333333333333333	11/12	11/12	2/2	1	1	1/12	1/8	2/3		3	69	A4	4	19
3	3	8	8	1.0	0	0	2/2	2	1	1/4	1/4	1		4	40	E2	2	31
3	3	8	8	1.0	0	0	2/2	2	1	1/4	1/4	1		1	55	G3	3	31
3	3	8	8	0.5	0	0	2/2	1	1	1/8	1/8	1		10	70	A#4	4	24
3	3	8	8	0.5	0	0	2/2	1	1	1/8	1/8	1		9	75	D#5	5	24
3	3	17/2	17/2	0.5	1/8	1/8	2/2	1	1	1/8	1/8	1		10	70	A#4	4	25
3	3	17/2	17/2	0.5	1/8	1/8	2/2	1	1	1/8	1/8	1		9	75	D#5	5	25
3	3	9	9	1.0	1/4	1/4	2/2	2	1	1/4	1/4	1		8	56	G#3	3	32
3	3	9	9	1.0	1/4	1/4	2/2	2	1	1/4	1/4	1		7	61	C#4	4	32
3	3	9	9	1.0	1/4	1/4	2/2	2	1	1/4	1/4	1		4	64	E4	4	32
3	3	10	10	1.0	1/2	1/2	2/2	2	1	1/4	1/4	1		8	44	G#2	2	33
3	3	10	10	1.0	1/2	1/2	2/2	2	1	1/4	1/4	1		5	59	B3	3	33
3	3	10	10	0.3333333333333333	1/2	1/2	2/2	1	1	1/12	1/8	2/3		13	67	F##4	4	26
3	3	31/3	31/3	0.3333333333333333	7/12	7/12	2/2	1	1	1/12	1/8	2/3		8	68	G#4	4	27
3	3	31/3	31/3	0.3333333333333333	7/12	7/12	2/2	1	1	1/12	1/8	2/3		7	73	C#5	5	27
3	3	32/3	32/3	0.3333333333333333	2/3	2/3	2/2	1	1	1/12	1/8	2/3		3	69	A4	4	28
3	3	11	11	1.0	3/4	3/4	2/2	2	1	1/4	1/4	1		1	43	G2	2	34
3	3	11	11	1.0	3/4	3/4	2/2	2	1	1/4	1/4	1		-2	58	Bb3	3	34
3	3	11	11	0.5	3/4	3/4	2/2	1	1	1/8	1/8	1		10	70	A#4	4	29
3	3	11	11	0.5	3/4	3/4	2/2	1	1	1/8	1/8	1		9	75	D#5	5	29
3	3	23/2	23/2	0.5	7/8	7/8	2/2	1	1	1/8	1/8	1	1	10	70	A#4	4	30
3	3	23/2	23/2	0.5	7/8	7/8	2/2	1	1	1/8	1/8	1	1	9	75	D#5	5	30
4	4	12	12	1.0	0	0	2/2	2	1	1/4	1/4	1		6	42	F#2	2	43
4	4	12	12	1.0	0	0	2/2	2	1	1/4	1/4	1		3	57	A3	3	43
4	4	12	12	0.5	0	0	2/2	1	1	1/8	1/8	1	-1	10	70	A#4	4	35
4	4	12	12	0.5	0	0	2/2	1	1	1/8	1/8	1	-1	9	75	D#5	5	35
4	4	25/2	25/2	0.5	1/8	1/8	2/2	1	1	1/8	1/8	1		6	78	F#5	5	36
4	4	13	13	1.0	1/4	1/4	2/2	2	1	1/4	1/4	1		3	57	A3	3	44
4	4	13	13	1.0	1/4	1/4	2/2	2	1	1/4	1/4	1		5	59	B3	3	44
4	4	13	13	1.0	1/4	1/4	2/2	2	1	1/4	1/4	1		9	63	D#4	4	44
4	4	13	13	0.5	1/4	1/4	2/2	1	1	1/8	1/8	1		10	70	A#4	4	37
4	4	13	13	0.5	1/4	1/4	2/2	1	1	1/8	1/8	1		9	75	D#5	5	37
4	4	27/2	27/2	0.5	3/8	3/8	2/2	1	1	1/8	1/8	1	1	3	69	A4	4	38
4	4	27/2	27/2	0.5	3/8	3/8	2/2	1	1	1/8	1/8	1	1	2	74	D5	5	38
4	4	14	14	1.0	1/2	1/2	2/2	2	1	1/4	1/4	1		5	35	B1	1	45
4	4	14	14	1.0	1/2	1/2	2/2	2	1	1/4	1/4	1		9	51	D#3	3	45
4	4	14	14	0.5	1/2	1/2	2/2	1	1	1/8	1/8	1	-1	3	69	A4	4	39
4	4	14	14	0.5	1/2	1/2	2/2	1	1	1/8	1/8	1	-1	2	74	D5	5	39
4	4	15	15	1.0	3/4	3/4	2/2	2	1	1/4	1/4	1		3	57	A3	3	46
4	4	15	15	1.0	3/4	3/4	2/2	2	1	1/4	1/4	1		5	59	B3	3	46
4	4	15	15	1.0	3/4	3/4	2/2	2	1	1/4	1/4	1		9	63	D#4	4	46
4	4	15	15	0.3333333333333333	3/4	3/4	2/2	1	1	1/12	1/8	2/3		13	67	F##4	4	40
4	4	46/3	46/3	0.3333333333333333	5/6	5/6	2/2	1	1	1/12	1/8	2/3		8	68	G#4	4	41
4	4	46/3	46/3	0.3333333333333333	5/6	5/6	2/2	1	1	1/12	1/8	2/3		7	73	C#5	5	41
4	4	47/3	47/3	0.3333333333333333	11/12	11/12	2/2	1	1	1/12	1/8	2/3		3	69	A4	4	42
5	5	16	16	1.0	0	0	2/2	2	1	1/4	1/4	1		4	40	E2	2	51
5	5	16	16	1.0	0	0	2/2	2	1	1/4	1/4	1		5	47	B2	2	51
5	5	16	16	1.0	0	0	2/2	2	1	1/4	1/4	1		1	55	G3	3	51
5	5	16	16	0.5	0	0	2/2	1	1	1/8	1/8	1		10	70	A#4	4	47
5	5	16	16	0.5	0	0	2/2	1	1	1/8	1/8	1		9	75	D#5	5	47
5	5	33/2	33/2	1.0	1/8	1/8	2/2	1	1	1/4	1/4	1		5	71	B4	4	48
5	5	33/2	33/2	1.0	1/8	1/8	2/2	1	1	1/4	1/4	1		6	78	F#5	5	48
5	5	17	17	1.0	1/4	1/4	2/2	2	1	1/4	1/4	1		8	56	G#3	3	52
5	5	17	17	1.0	1/4	1/4	2/2	2	1	1/4	1/4	1		7	61	C#4	4	52
5	5	17	17	1.0	1/4	1/4	2/2	2	1	1/4	1/4	1		4	64	E4	4	52
5	5	35/2	35/2	1.0	3/8	3/8	2/2	1	1	1/4	1/4	1		10	70	A#4	4	49
5	5	35/2	35/2	1.0	3/8	3/8	2/2	1	1	1/4	1/4	1		4	76	E5	5	49
5	5	18	18	1.0	1/2	1/2	2/2	2	1	1/4	1/4	1		8	44	G#2	2	53
5	5	18	18	1.0	1/2	1/2	2/2	2	1	1/4	1/4	1		5	59	B3	3	53
5	5	37/2	37/2	1.5	5/8	5/8	2/2	1	1	3/8	1/4	3/2		3	69	A4	4	50
5	5	37/2	37/2	1.5	5/8	5/8	2/2	1	1	3/8	1/4	3/2		0	72	C5	5	50
5	5	19	19	1.0	3/4	3/4	2/2	2	1	1/4	1/4	1		1	43	G2	2	54
5	5	19	19	1.0	3/4	3/4	2/2	2	1	1/4	1/4	1		-2	58	Bb3	3	54
6	6	20	20	1.0	0	0	2/2	2	1	1/4	1/4	1		6	42	F#2	2	60
6	6	20	20	1.0	0	0	2/2	2	1	1/4	1/4	1		3	57	A3	3	60
6	6	20	20	0.5	0	0	2/2	1	1	1/8	1/8	1		8	68	G#4	4	55
6	6	20	20	0.5	0	0	2/2	1	1	1/8	1/8	1		7	73	C#5	5	55
6	6	41/2	41/2	1.0	1/8	1/8	2/2	1	1	1/4	1/4	1		11	65	E#4	4	56
6	6	41/2	41/2	1.0	1/8	1/8	2/2	1	1	1/4	1/4	1		2	74	D5	5	56
6	6	21	21	1.0	1/4	1/4	2/2	2	1	1/4	1/4	1		3	57	A3	3	61
6	6	21	21	1.0	1/4	1/4	2/2	2	1	1/4	1/4	1		5	59	B3	3	61
6	6	21	21	1.0	1/4	1/4	2/2	2	1	1/4	1/4	1		9	63	D#4	4	61
6	6	43/2	43/2	1.5	3/8	3/8	2/2	1	1	3/8	1/4	3/2		6	66	F#4	4	57
6	6	43/2	43/2	1.5	3/8	3/8	2/2	1	1	3/8	1/4	3/2		5	71	B4	4	57
6	6	22	22	1.0	1/2	1/2	2/2	2	1	1/4	1/4	1		5	35	B1	1	62
6	6	22	22	1.0	1/2	1/2	2/2	2	1	1/4	1/4	1		5	47	B2	2	62
6	6	23	23	1.0	3/4	3/4	2/2	2	1	1/4	1/4	1		1	43	G2	2	63
6	6	23	23	1.0	3/4	3/4	2/2	2	1	1/4	1/4	1		-2	58	Bb3	3	63
6	6	23	23	0.5	3/4	3/4	2/2	1	1	1/8	1/8	1		8	80	G#5	5	58
6	6	23	23	0.5	3/4	3/4	2/2	1	1	1/8	1/8	1		7	85	C#6	6	58
6	6	47/2	47/2	0.5	7/8	7/8	2/2	1	1	1/8	1/8	1	1	11	77	E#5	5	59
6	6	47/2	47/2	0.5	7/8	7/8	2/2	1	1	1/8	1/8	1	1	2	86	D6	6	59
7	7	24	24	1.0	0	0	2/2	2	1	1/4	1/4	1		6	42	F#2	2	69
7	7	24	24	1.0	0	0	2/2	2	1	1/4	1/4	1		3	57	A3	3	69
7	7	24	24	0.5	0	0	2/2	1	1	1/8	1/8	1	-1	11	77	E#5	5	64
7	7	24	24	0.5	0	0	2/2	1	1	1/8	1/8	1	-1	2	86	D6	6	64
7	7	49/2	49/2	1.5	1/8	1/8	2/2	1	1	3/8	1/4	3/2		6	78	F#5	5	65
7	7	49/2	49/2	1.5	1/8	1/8	2/2	1	1	3/8	1/4	3/2		5	83	B5	5	65
7	7	25	25	1.0	1/4	1/4	2/2	2	1	1/4	1/4	1		3	57	A3	3	70
7	7	25	25	1.0	1/4	1/4	2/2	2	1	1/4	1/4	1		9	63	D#4	4	70
7	7	25	25	1.0	1/4	1/4	2/2	2	1	1/4	1/4	1		8	68	G#4	4	70
7	7	26	26	1.0	1/2	1/2	2/2	2	1	1/4	1/4	1		-2	34	Bb1	1	71
7	7	26	26	1.0	1/2	1/2	2/2	2	1	1/4	1/4	1		-2	46	Bb2	2	71
7	7	26	26	0.5	1/2	1/2	2/2	1	1	1/8	1/8	1		-4	80	Ab5	5	66
7	7	26	26	0.5	1/2	1/2	2/2	1	1	1/8	1/8	1		-5	85	Db6	6	66
7	7	53/2	53/2	1.0	5/8	5/8	2/2	1	1	1/4	1/4	1		-1	77	F5	5	67
7	7	53/2	53/2	1.0	5/8	5/8	2/2	1	1	1/4	1/4	1		2	86	D6	6	67
7	7	27	27	1.0	3/4	3/4	2/2	2	1	1/4	1/4	1		-4	56	Ab3	3	72
7	7	27	27	1.0	3/4	3/4	2/2	2	1	1/4	1/4	1		2	62	D4	4	72
7	7	27	27	1.0	3/4	3/4	2/2	2	1	1/4	1/4	1		1	67	G4	4	72
7	7	55/2	55/2	0.5	7/8	7/8	2/2	1	1	1/8	1/8	1		-6	78	Gb5	5	68
7	7	55/2	55/2	0.5	7/8	7/8	2/2	1	1	1/8	1/8	1		-7	83	Cb6	6	68
8	8	57/2	57/2	1.5	1/8	1/8	2/2	2	1	3/8	1/4	3/2		-3	39	Eb2	2	78
8	8	57/2	57/2	1.5	1/8	1/8	2/2	2	1	3/8	1/4	3/2		-2	46	Bb2	2	78
8	8	57/2	57/2	1.5	1/8	1/8	2/2	2	1	3/8	1/4	3/2		1	55	G3	3	78
8	8	57/2	57/2	1.5	1/8	1/8	2/2	2	1	3/8	1/4	3/2		-5	61	Db4	4	78
8	8	57/2	57/2	0.5	1/8	1/8	2/2	1	1	1/8	1/8	1		-1	65	F4	4	73
8	8	29	29	1.0	1/4	1/4	2/2	1	1	1/4	1/4	1		-8	64	Fb4	4	74
8	8	30	30	1.5	1/2	1/2	2/2	2	1	3/8	1/4	3/2		2	38	D2	2	79
8	8	30	30	1.5	1/2	1/2	2/2	2	1	3/8	1/4	3/2		3	45	A2	2	79
8	8	30	30	1.5	1/2	1/2	2/2	2	1	3/8	1/4	3/2		6	54	F#3	3	79
8	8	30	30	1.5	1/2	1/2	2/2	2	1	3/8	1/4	3/2		0	60	C4	4	79
8	8	30	30	0.5	1/2	1/2	2/2	1	1	1/8	1/8	1		-3	63	Eb4	4	75
8	8	61/2	61/2	1.5	5/8	5/8	2/2	1	1	3/8	1/4	3/2		2	62	D4	4	76
8	8	31	31	1.0	3/4	3/4	2/2	2	2	1/4	1/4	1		2	26	D1	1	80
8	8	63/2	63/2	0.5	7/8	7/8	2/2	1	2	1/8	1/8	1	1	13	67	F##4	4	77
9	9	32	32	1.0	0	0	2/2	2	1	1/4	1/4	1		4	40	E2	2	89
9	9	32	32	1.0	0	0	2/2	2	1	1/4	1/4	1		5	47	B2	2	89
9	9	32	32	1.0	0	0	2/2	2	1	1/4	1/4	1		1	55	G3	3	89
9	9	32	32	0.3333333333333333	0	0	2/2	1	1	1/12	1/8	2/3	-1	13	67	F##4	4	81
9	9	97/3	97/3	0.3333333333333333	1/12	1/12	2/2	1	1	1/12	1/8	2/3		8	68	G#4	4	82
9	9	97/3	97/3	0.3333333333333333	1/12	1/12	2/2	1	1	1/12	1/8	2/3		7	73	C#5	5	82
9	9	98/3	98/3	0.3333333333333333	1/6	1/6	2/2	1	1	1/12	1/8	2/3		3	69	A4	4	83
9	9	33	33	1.0	1/4	1/4	2/2	2	1	1/4	1/4	1		8	56	G#3	3	90
9	9	33	33	1.0	1/4	1/4	2/2	2	1	1/4	1/4	1		7	61	C#4	4	90
9	9	33	33	1.0	1/4	1/4	2/2	2	1	1/4	1/4	1		4	64	E4	4	90
9	9	33	33	0.5	1/4	1/4	2/2	1	1	1/8	1/8	1		10	70	A#4	4	84
9	9	33	33	0.5	1/4	1/4	2/2	1	1	1/8	1/8	1		9	75	D#5	5	84
9	9	67/2	67/2	0.5	3/8	3/8	2/2	1	1	1/8	1/8	1		10	70	A#4	4	85
9	9	67/2	67/2	0.5	3/8	3/8	2/2	1	1	1/8	1/8	1		9	75	D#5	5	85
9	9	34	34	1.0	1/2	1/2	2/2	2	1	1/4	1/4	1		8	44	G#2	2	91
9	9	34	34	1.0	1/2	1/2	2/2	2	1	1/4	1/4	1		5	59	B3	3	91
9	9	35	35	1.0	3/4	3/4	2/2	2	1	1/4	1/4	1		1	43	G2	2	92
9	9	35	35	1.0	3/4	3/4	2/2	2	1	1/4	1/4	1		-2	58	Bb3	3	92
9	9	35	35	0.3333333333333333	3/4	3/4	2/2	1	1	1/12	1/8	2/3		13	67	F##4	4	86
9	9	106/3	106/3	0.3333333333333333	5/6	5/6	2/2	1	1	1/12	1/8	2/3		8	68	G#4	4	87
9	9	106/3	106/3	0.3333333333333333	5/6	5/6	2/2	1	1	1/12	1/8	2/3		7	73	C#5	5	87
9	9	107/3	107/3	0.3333333333333333	11/12	11/12	2/2	1	1	1/12	1/8	2/3		3	69	A4	4	88
10	10	36	36	1.0	0	0	2/2	2	1	1/4	1/4	1		6	42	F#2	2	101
10	10	36	36	1.0	0	0	2/2	2	1	1/4	1/4	1		3	57	A3	3	101
10	10	36	36	0.5	0	0	2/2	1	1	1/8	1/8	1		10	70	A#4	4	93
10	10	36	36	0.5	0	0	2/2	1	1	1/8	1/8	1		9	75	D#5	5	93
10	10	73/2	73/2	0.5	1/8	1/8	2/2	1	1	1/8	1/8	1		6	78	F#5	5	94
10	10	37	37	1.0	1/4	1/4	2/2	2	1	1/4	1/4	1		3	57	A3	3	102
10	10	37	37	1.0	1/4	1/4	2/2	2	1	1/4	1/4	1		5	59	B3	3	102
10	10	37	37	1.0	1/4	1/4	2/2	2	1	1/4	1/4	1		9	63	D#4	4	102
10	10	37	37	0.5	1/4	1/4	2/2	1	1	1/8	1/8	1		10	70	A#4	4	95
10	10	37	37	0.5	1/4	1/4	2/2	1	1	1/8	1/8	1		9	75	D#5	5	95
10	10	75/2	75/2	0.5	3/8	3/8	2/2	1	1	1/8	1/8	1	1	3	69	A4	4	96
10	10	75/2	75/2	0.5	3/8	3/8	2/2	1	1	1/8	1/8	1	1	2	74	D5	5	96
10	10	38	38	1.0	1/2	1/2	2/2	2	1	1/4	1/4	1		5	35	B1	1	103
10	10	38	38	1.0	1/2	1/2	2/2	2	1	1/4	1/4	1		9	51	D#3	3	103
10	10	38	38	0.5	1/2	1/2	2/2	1	1	1/8	1/8	1	-1	3	69	A4	4	97
10	10	38	38	0.5	1/2	1/2	2/2	1	1	1/8	1/8	1	-1	2	74	D5	5	97
10	10	39	39	1.0	3/4	3/4	2/2	2	1	1/4	1/4	1		3	57	A3	3	104
10	10	39	39	1.0	3/4	3/4	2/2	2	1	1/4	1/4	1		5	59	B3	3	104
10	10	39	39	1.0	3/4	3/4	2/2	2	1	1/4	1/4	1		9	63	D#4	4	104
10	10	39	39	0.3333333333333333	3/4	3/4	2/2	1	1	1/12	1/8	2/3		13	79	F##5	5	98
10	10	118/3	118/3	0.3333333333333333	5/6	5/6	2/2	1	1	1/12	1/8	2/3		8	80	G#5	5	99
10	10	118/3	118/3	0.3333333333333333	5/6	5/6	2/2	1	1	1/12	1/8	2/3		7	85	C#6	6	99
10	10	119/3	119/3	0.3333333333333333	11/12	11/12	2/2	1	1	1/12	1/8	2/3		3	81	A5	5	100
11	11	40	40	1.0	0	0	2/2	2	1	1/4	1/4	1		4	40	E2	2	111
11	11	40	40	1.0	0	0	2/2	2	1	1/4	1/4	1		1	55	G3	3	111
11	11	40	40	0.5	0	0	2/2	1	1	1/8	1/8	1		10	82	A#5	5	105
11	11	40	40	0.5	0	0	2/2	1	1	1/8	1/8	1		9	87	D#6	6	105
11	11	81/2	81/2	1.0	1/8	1/8	2/2	1	1	1/4	1/4	1		10	82	A#5	5	106
11	11	81/2	81/2	1.0	1/8	1/8	2/2	1	1	1/4	1/4	1		9	87	D#6	6	106
11	11	41	41	1.0	1/4	1/4	2/2	2	1	1/4	1/4	1		8	56	G#3	3	112
11	11	41	41	1.0	1/4	1/4	2/2	2	1	1/4	1/4	1		7	61	C#4	4	112
11	11	41	41	1.0	1/4	1/4	2/2	2	1	1/4	1/4	1		4	64	E4	4	112
11	11	83/2	83/2	0.5	3/8	3/8	2/2	1	1	1/8	1/8	1		10	70	A#4	4	107
11	11	83/2	83/2	0.5	3/8	3/8	2/2	1	1	1/8	1/8	1		9	75	D#5	5	107
11	11	42	42	1.0	1/2	1/2	2/2	2	1	1/4	1/4	1		8	44	G#2	2	113
11	11	42	42	1.0	1/2	1/2	2/2	2	1	1/4	1/4	1		5	59	B3	3	113
11	11	43	43	1.0	3/4	3/4	2/2	2	1	1/4	1/4	1		1	43	G2	2	114
11	11	43	43	1.0	3/4	3/4	2/2	2	1	1/4	1/4	1		-2	58	Bb3	3	114
11	11	43	43	0.3333333333333333	3/4	3/4	2/2	1	1	1/12	1/8	2/3		13	67	F##4	4	108
11	11	130/3	130/3	0.3333333333333333	5/6	5/6	2/2	1	1	1/12	1/8	2/3		8	68	G#4	4	109
11	11	130/3	130/3	0.3333333333333333	5/6	5/6	2/2	1	1	1/12	1/8	2/3		7	73	C#5	5	109
11	11	131/3	131/3	0.3333333333333333	11/12	11/12	2/2	1	1	1/12	1/8	2/3		3	69	A4	4	110
12	12	44	44	1.0	0	0	2/2	2	1	1/4	1/4	1		6	42	F#2	2	123
12	12	44	44	1.0	0	0	2/2	2	1	1/4	1/4	1		3	57	A3	3	123
12	12	44	44	0.5	0	0	2/2	1	1	1/8	1/8	1		10	70	A#4	4	115
12	12	44	44	0.5	0	0	2/2	1	1	1/8	1/8	1		9	75	D#5	5	115
12	12	89/2	89/2	0.5	1/8	1/8	2/2	1	1	1/8	1/8	1		6	78	F#5	5	116
12	12	45	45	1.0	1/4	1/4	2/2	2	1	1/4	1/4	1		3	57	A3	3	124
12	12	45	45	1.0	1/4	1/4	2/2	2	1	1/4	1/4	1		5	59	B3	3	124
12	12	45	45	1.0	1/4	1/4	2/2	2	1	1/4	1/4	1		9	63	D#4	4	124
12	12	45	45	0.5	1/4	1/4	2/2	1	1	1/8	1/8	1		10	70	A#4	4	117
12	12	45	45	0.5	1/4	1/4	2/2	1	1	1/8	1/8	1		9	75	D#5	5	117
12	12	91/2	91/2	0.5	3/8	3/8	2/2	1	1	1/8	1/8	1	1	3	69	A4	4	118
12	12	91/2	91/2	0.5	3/8	3/8	2/2	1	1	1/8	1/8	1	1	2	74	D5	5	118
12	12	46	46	1.0	1/2	1/2	2/2	2	1	1/4	1/4	1		5	35	B1	1	125
12	12	46	46	1.0	1/2	1/2	2/2	2	1	1/4	1/4	1		9	51	D#3	3	125
12	12	46	46	0.5	1/2	1/2	2/2	1	1	1/8	1/8	1	-1	3	69	A4	4	119
12	12	46	46	0.5	1/2	1/2	2/2	1	1	1/8	1/8	1	-1	2	74	D5	5	119
12	12	47	47	1.0	3/4	3/4	2/2	2	1	1/4	1/4	1		3	57	A3	3	126
12	12	47	47	1.0	3/4	3/4	2/2	2	1	1/4	1/4	1		5	59	B3	3	126
12	12	47	47	1.0	3/4	3/4	2/2	2	1	1/4	1/4	1		9	63	D#4	4	126
12	12	47	47	0.3333333333333333	3/4	3/4	2/2	1	1	1/12	1/8	2/3		13	67	F##4	4	120
12	12	142/3	142/3	0.3333333333333333	5/6	5/6	2/2	1	1	1/12	1/8	2/3		8	68	G#4	4	121
12	12	142/3	142/3	0.3333333333333333	5/6	5/6	2/2	1	1	1/12	1/8	2/3		7	73	C#5	5	121
12	12	143/3	143/3	0.3333333333333333	11/12	11/12	2/2	1	1	1/12	1/8	2/3		3	69	A4	4	122
13	13	48	48	1.0	0	0	2/2	2	1	1/4	1/4	1		4	40	E2	2	131
13	13	48	48	1.0	0	0	2/2	2	1	1/4	1/4	1		1	55	G3	3	131
13	13	48	48	0.5	0	0	2/2	1	1	1/8	1/8	1		10	70	A#4	4	127
13	13	48	48	0.5	0	0	2/2	1	1	1/8	1/8	1		9	75	D#5	5	127
13	13	97/2	97/2	1.0	1/8	1/8	2/2	1	1	1/4	1/4	1		5	71	B4	4	128
13	13	97/2	97/2	1.0	1/8	1/8	2/2	1	1	1/4	1/4	1		6	78	F#5	5	128
13	13	49	49	1.0	1/4	1/4	2/2	2	1	1/4	1/4	1		8	56	G#3	3	132
13	13	49	49	1.0	1/4	1/4	2/2	2	1	1/4	1/4	1		7	61	C#4	4	132
13	13	49	49	1.0	1/4	1/4	2/2	2	1	1/4	1/4	1		4	64	E4	4	132
13	13	99/2	99/2	1.0	3/8	3/8	2/2	1	1	1/4	1/4	1		0	72	C5	5	129
13	13	99/2	99/2	1.0	3/8	3/8	2/2	1	1	1/4	1/4	1		4	76	E5	5	129
13	13	50	50	1.0	1/2	1/2	2/2	2	1	1/4	1/4	1		8	44	G#2	2	133
13	13	50	50	1.0	1/2	1/2	2/2	2	1	1/4	1/4	1		5	59	B3	3	133
13	13	101/2	101/2	1.5	5/8	5/8	2/2	1	1	3/8	1/4	3/2		0	72	C5	5	130
13	13	101/2	101/2	1.5	5/8	5/8	2/2	1	1	3/8	1/4	3/2		1	79	G5	5	130
13	13	51	51	1.0	3/4	3/4	2/2	2	1	1/4	1/4	1		1	43	G2	2	134
13	13	51	51	1.0	3/4	3/4	2/2	2	1	1/4	1/4	1		-2	58	Bb3	3	134
14	14	52	52	1.0	0	0	2/2	2	1	1/4	1/4	1		0	36	C2	2	141
14	14	52	52	1.0	0	0	2/2	2	1	1/4	1/4	1		4	52	E3	3	141
14	14	52	52	0.5	0	0	2/2	1	1	1/8	1/8	1		10	70	A#4	4	135
14	14	52	52	0.5	0	0	2/2	1	1	1/8	1/8	1		9	75	D#5	5	135
14	14	105/2	105/2	1.0	1/8	1/8	2/2	1	1	1/4	1/4	1		5	71	B4	4	136
14	14	105/2	105/2	1.0	1/8	1/8	2/2	1	1	1/4	1/4	1		6	78	F#5	5	136
14	14	53	53	1.0	1/4	1/4	2/2	2	1	1/4	1/4	1		2	62	D4	4	142
14	14	53	53	1.0	1/4	1/4	2/2	2	1	1/4	1/4	1		-1	65	F4	4	142
14	14	107/2	107/2	0.5	3/8	3/8	2/2	1	1	1/8	1/8	1		0	72	C5	5	137
14	14	107/2	107/2	0.5	3/8	3/8	2/2	1	1	1/8	1/8	1		4	76	E5	5	137
14	14	54	54	1.0	1/2	1/2	2/2	2	1	1/4	1/4	1		-2	58	Bb3	3	143
14	14	54	54	1.0	1/2	1/2	2/2	2	1	1/4	1/4	1		4	64	E4	4	143
14	14	54	54	0.5	1/2	1/2	2/2	1	1	1/8	1/8	1		7	73	C#5	5	138
14	14	54	54	0.5	1/2	1/2	2/2	1	1	1/8	1/8	1		1	79	G5	5	138
14	14	55	55	1.0	3/4	3/4	2/2	2	1	1/4	1/4	1		0	48	C3	3	144
14	14	55	55	0.5	3/4	3/4	2/2	1	1	1/8	1/8	1		10	70	A#4	4	139
14	14	55	55	0.5	3/4	3/4	2/2	1	1	1/8	1/8	1		9	75	D#5	5	139
14	14	111/2	111/2	0.5	7/8	7/8	2/2	1	1	1/8	1/8	1		5	71	B4	4	140
14	14	111/2	111/2	0.5	7/8	7/8	2/2	1	1	1/8	1/8	1		6	78	F#5	5	140
15	15	56	56	1.0	0	0	2/2	2	1	1/4	1/4	1		-2	46	Bb2	2	150
15	15	56	56	0.5	0	0	2/2	1	1	1/8	1/8	1		0	72	C5	5	145
15	15	56	56	0.5	0	0	2/2	1	1	1/8	1/8	1		4	76	E5	5	145
15	15	113/2	113/2	1.0	1/8	1/8	2/2	1	1	1/4	1/4	1		7	73	C#5	5	146
15	15	113/2	113/2	1.0	1/8	1/8	2/2	1	1	1/4	1/4	1		1	79	G5	5	146
15	15	57	57	1.0	1/4	1/4	2/2	2	1	1/4	1/4	1		-4	56	Ab3	3	151
15	15	57	57	1.0	1/4	1/4	2/2	2	1	1/4	1/4	1		2	62	D4	4	151
15	15	115/2	115/2	0.5	3/8	3/8	2/2	1	1	1/8	1/8	1	1	6	66	F#4	4	147
15	15	115/2	115/2	0.5	3/8	3/8	2/2	1	1	1/8	1/8	1	1	5	71	B4	4	147
15	15	58	58	1.0	1/2	1/2	2/2	2	1	1/4	1/4	1		3	45	A2	2	152
15	15	58	58	0.5	1/2	1/2	2/2	1	1	1/8	1/8	1	-1	6	66	F#4	4	148
15	15	58	58	0.5	1/2	1/2	2/2	1	1	1/8	1/8	1	-1	5	71	B4	4	148
15	15	117/2	117/2	1.5	5/8	5/8	2/2	1	1	3/8	1/4	3/2		-1	65	F4	4	149
15	15	117/2	117/2	1.5	5/8	5/8	2/2	1	1	3/8	1/4	3/2		0	72	C5	5	149
15	15	59	59	1.0	3/4	3/4	2/2	2	1	1/4	1/4	1		1	55	G3	3	153
15	15	59	59	1.0	3/4	3/4	2/2	2	1	1/4	1/4	1		7	61	C#4	4	153
16	16	60	60	1.5	0	0	2/2	2	1	3/8	1/4	3/2		2	50	D3	3	163
16	16	60	60	1.5	0	0	2/2	2	1	3/8	1/4	3/2		6	54	F#3	3	163
16	16	60	60	1.5	0	0	2/2	2	1	3/8	1/4	3/2		0	60	C4	4	163
16	16	60	60	1.5	0	0	2/2	1	1	3/8	1/4	3/2		4	64	E4	4	154
16	16	60	60	0.5	0	0	2/2	1	2	1/8	1/8	1		5	71	B4	4	157
16	16	60	60	1.5	0	0	2/2	1	1	3/8	1/4	3/2		4	76	E5	5	154
16	16	121/2	121/2	1.0	1/8	1/8	2/2	1	2	1/4	1/4	1		-2	70	Bb4	4	158
16	16	123/2	123/2	0.5	3/8	3/8	2/2	2	1	1/8	1/8	1	1	1	43	G2	2	164
16	16	123/2	123/2	0.5	3/8	3/8	2/2	2	1	1/8	1/8	1	1	6	54	F#3	3	164
16	16	123/2	123/2	0.5	3/8	3/8	2/2	1	1	1/8	1/8	1	1	5	59	B3	3	155
16	16	123/2	123/2	0.5	3/8	3/8	2/2	1	1	1/8	1/8	1	1	4	64	E4	4	155
16	16	123/2	123/2	0.5	3/8	3/8	2/2	1	2	1/8	1/8	1	1	3	69	A4	4	159
16	16	62	62	1.0	1/2	1/2	2/2	2	1	1/4	1/4	1	-1	1	43	G2	2	165
16	16	62	62	1.0	1/2	1/2	2/2	2	1	1/4	1/4	1	-1	6	54	F#3	3	165
16	16	62	62	2.0	1/2	1/2	2/2	1	1	1/2	1/2	1	-1	5	59	B3	3	156
16	16	62	62	2.0	1/2	1/2	2/2	1	1	1/2	1/2	1	-1	4	64	E4	4	156
16	16	62	62	0.5	1/2	1/2	2/2	1	2	1/8	1/8	1	-1	3	69	A4	4	160
16	16	125/2	125/2	1.0	5/8	5/8	2/2	1	2	1/4	1/4	1		8	68	G#4	4	161
16	16	63	63	1.0	3/4	3/4	2/2	2	1	1/4	1/4	1		1	31	G1	1	166
16	16	127/2	127/2	0.5	7/8	7/8	2/2	1	2	1/8	1/8	1	1	2	62	D4	4	162
17	17	64	64	1.0	0	0	2/2	2	1	1/4	1/4	1		0	36	C2	2	174
17	17	64	64	4.0	0	0	2/2	1	2	1	1	1	-1	2	62	D4	4	173
17	17	259/4	259/4	0.25	3/16	3/16	2/2	1	1	1/16	1/16	1		1	67	G4	4	167
17	17	65	65	2.0	1/4	1/4	2/2	2	2	1/2	1/2	1		-2	58	Bb3	3	178
17	17	65	65	1.0	1/4	1/4	2/2	2	1	1/4	1/4	1		-1	65	F4	4	175
17	17	65	65	0.75	1/4	1/4	2/2	1	1	3/16	1/8	3/2		3	69	A4	4	168
17	17	263/4	263/4	0.25	7/16	7/16	2/2	1	1	1/16	1/16	1		1	67	G4	4	169
17	17	66	66	1.0	1/2	1/2	2/2	2	1	1/4	1/4	1		4	64	E4	4	176
17	17	66	66	0.5	1/2	1/2	2/2	1	1	1/8	1/8	1		0	72	C5	5	170
17	17	67	67	1.0	3/4	3/4	2/2	2	1	1/4	1/4	1		0	48	C3	3	177
17	17	67	67	0.75	3/4	3/4	2/2	1	1	3/16	1/8	3/2		0	72	C5	5	171
17	17	271/4	271/4	0.25	15/16	15/16	2/2	1	1	1/16	1/16	1		3	69	A4	4	172
18	18	68	68	2.0	0	0	2/2	2	2	1/2	1/2	1		-2	58	Bb3	3	191
18	18	68	68	1.0	0	0	2/2	2	1	1/4	1/4	1		-1	65	F4	4	187
18	18	68	68	0.75	0	0	2/2	1	1	3/16	1/8	3/2		1	67	G4	4	179
18	18	275/4	275/4	0.25	3/16	3/16	2/2	1	1	1/16	1/16	1		3	69	A4	4	180
18	18	69	69	1.0	1/4	1/4	2/2	2	1	1/4	1/4	1		4	64	E4	4	188
18	18	69	69	0.75	1/4	1/4	2/2	1	1	3/16	1/8	3/2		0	72	C5	5	181
18	18	279/4	279/4	0.25	7/16	7/16	2/2	1	1	1/16	1/16	1		2	74	D5	5	182
18	18	70	70	1.0	1/2	1/2	2/2	2	1	1/4	1/4	1		-2	58	Bb3	3	189
18	18	70	70	0.75	1/2	1/2	2/2	1	1	3/16	1/8	3/2		0	72	C5	5	183
18	18	283/4	283/4	0.25	11/16	11/16	2/2	1	1	1/16	1/16	1		3	69	A4	4	184
18	18	71	71	1.0	3/4	3/4	2/2	2	1	1/4	1/4	1		0	48	C3	3	190
18	18	71	71	0.75	3/4	3/4	2/2	1	1	3/16	1/8	3/2		-4	68	Ab4	4	185
18	18	287/4	287/4	0.25	15/16	15/16	2/2	1	1	1/16	1/16	1	1	1	67	G4	4	186
19	19	72	72	1.0	0	0	2/2	2	1	1/4	1/4	1		-1	41	F2	2	199
19	19	72	72	4.0	0	0	2/2	1	2	1	1	1	0	1	67	G4	4	198
19	19	291/4	291/4	0.25	3/16	3/16	2/2	1	1	1/16	1/16	1		0	72	C5	5	192
19	19	73	73	1.0	1/4	1/4	2/2	2	1	1/4	1/4	1		3	57	A3	3	200
19	19	73	73	1.0	1/4	1/4	2/2	2	1	1/4	1/4	1		-3	63	Eb4	4	200
19	19	73	73	0.75	1/4	1/4	2/2	1	1	3/16	1/8	3/2		2	74	D5	5	193
19	19	295/4	295/4	0.25	7/16	7/16	2/2	1	1	1/16	1/16	1		0	72	C5	5	194
19	19	74	74	1.0	1/2	1/2	2/2	2	1	1/4	1/4	1		0	48	C3	3	201
19	19	74	74	0.5	1/2	1/2	2/2	1	1	1/8	1/8	1		-3	75	Eb5	5	195
19	19	75	75	1.0	3/4	3/4	2/2	2	1	1/4	1/4	1		-2	58	Bb3	3	202
19	19	75	75	1.0	3/4	3/4	2/2	2	1	1/4	1/4	1		-3	63	Eb4	4	202
19	19	75	75	0.75	3/4	3/4	2/2	1	1	3/16	1/8	3/2		-3	75	Eb5	5	196
19	19	303/4	303/4	0.25	15/16	15/16	2/2	1	1	1/16	1/16	1		0	72	C5	5	197
20	20	76	76	1.0	0	0	2/2	2	1	1/4	1/4	1		-1	41	F2	2	213
20	20	76	76	2.0	0	0	2/2	1	2	1/2	1/2	1	-1	1	67	G4	4	212
20	20	76	76	0.75	0	0	2/2	1	1	3/16	1/8	3/2		2	74	D5	5	203
20	20	307/4	307/4	0.25	3/16	3/16	2/2	1	1	1/16	1/16	1		0	72	C5	5	204
20	20	77	77	1.0	1/4	1/4	2/2	2	1	1/4	1/4	1		3	57	A3	3	214
20	20	77	77	1.0	1/4	1/4	2/2	2	1	1/4	1/4	1		-3	63	Eb4	4	214
20	20	77	77	0.5	1/4	1/4	2/2	1	1	1/8	1/8	1		-3	75	Eb5	5	205
20	20	78	78	1.0	1/2	1/2	2/2	2	1	1/4	1/4	1		0	48	C3	3	215
20	20	78	78	0.3333333333333333	1/2	1/2	2/2	1	1	1/12	1/8	2/3		1	67	G4	4	206
20	20	235/3	235/3	0.3333333333333333	7/12	7/12	2/2	1	1	1/12	1/8	2/3		5	71	B4	4	207
20	20	236/3	236/3	0.3333333333333333	2/3	2/3	2/2	1	1	1/12	1/8	2/3		0	72	C5	5	208
20	20	79	79	1.0	3/4	3/4	2/2	2	1	1/4	1/4	1		-1	41	F2	2	216
20	20	79	79	0.3333333333333333	3/4	3/4	2/2	1	1	1/12	1/8	2/3		7	73	C#5	5	209
20	20	238/3	238/3	0.3333333333333333	5/6	5/6	2/2	1	1	1/12	1/8	2/3		2	74	D5	5	210
20	20	239/3	239/3	0.3333333333333333	11/12	11/12	2/2	1	1	1/12	1/8	2/3		9	75	D#5	5	211
21	21	80	80	1.0	0	0	2/2	2	1	1/4	1/4	1		2	38	D2	2	224
21	21	80	80	1.0	0	0	2/2	2	1	1/4	1/4	1		6	54	F#3	3	224
21	21	80	80	4.0	0	0	2/2	1	1	1	1	1	1	4	76	E5	5	217
21	21	323/4	323/4	0.25	3/16	3/16	2/2	1	2	1/16	1/16	1		3	69	A4	4	218
21	21	81	81	2.0	1/4	1/4	2/2	2	2	1/2	1/2	1		0	60	C4	4	228
21	21	81	81	1.0	1/4	1/4	2/2	2	1	1/4	1/4	1		1	67	G4	4	225
21	21	81	81	0.75	1/4	1/4	2/2	1	2	3/16	1/8	3/2		5	71	B4	4	219
21	21	327/4	327/4	0.25	7/16	7/16	2/2	1	2	1/16	1/16	1		3	69	A4	4	220
21	21	82	82	1.0	1/2	1/2	2/2	2	1	1/4	1/4	1		6	66	F#4	4	226
21	21	82	82	0.5	1/2	1/2	2/2	1	2	1/8	1/8	1		0	72	C5	5	221
21	21	83	83	1.0	3/4	3/4	2/2	2	1	1/4	1/4	1		2	50	D3	3	227
21	21	83	83	0.75	3/4	3/4	2/2	1	2	3/16	1/8	3/2		0	72	C5	5	222
21	21	335/4	335/4	0.25	15/16	15/16	2/2	1	2	1/16	1/16	1		3	69	A4	4	223
22	22	84	84	2.0	0	0	2/2	2	2	1/2	1/2	1		0	60	C4	4	242
22	22	84	84	1.0	0	0	2/2	2	1	1/4	1/4	1		1	67	G4	4	238
22	22	84	84	0.75	0	0	2/2	1	2	3/16	1/8	3/2		5	71	B4	4	230
22	22	84	84	4.0	0	0	2/2	1	1	1	1	1	-1	4	76	E5	5	229
22	22	339/4	339/4	0.25	3/16	3/16	2/2	1	2	1/16	1/16	1		3	69	A4	4	231
22	22	85	85	1.0	1/4	1/4	2/2	2	1	1/4	1/4	1		6	66	F#4	4	239
22	22	85	85	0.5	1/4	1/4	2/2	1	2	1/8	1/8	1		0	72	C5	5	232
22	22	171/2	171/2	0.5	3/8	3/8	2/2	1	2	1/8	1/8	1	1	0	72	C5	5	233
22	22	86	86	1.0	1/2	1/2	2/2	2	1	1/4	1/4	1		3	57	A3	3	240
22	22	86	86	0.75	1/2	1/2	2/2	1	2	3/16	1/8	3/2	-1	0	72	C5	5	234
22	22	347/4	347/4	0.25	11/16	11/16	2/2	1	2	1/16	1/16	1		5	71	B4	4	235
22	22	87	87	1.0	3/4	3/4	2/2	2	1	1/4	1/4	1		2	50	D3	3	241
22	22	87	87	0.75	3/4	3/4	2/2	1	2	3/16	1/8	3/2		-2	70	Bb4	4	236
22	22	351/4	351/4	0.25	15/16	15/16	2/2	1	2	1/16	1/16	1	1	3	69	A4	4	237
23	23	88	88	1.0	0	0	2/2	2	1	1/4	1/4	1		8	44	G#2	2	250
23	23	88	88	1.0	0	0	2/2	2	1	1/4	1/4	1		6	54	F#3	3	250
23	23	88	88	1.0	0	0	2/2	2	1	1/4	1/4	1		12	60	B#3	3	250
23	23	88	88	4.0	0	0	2/2	1	2	1	1	1	0	3	69	A4	4	249
23	23	355/4	355/4	0.25	3/16	3/16	2/2	1	1	1/16	1/16	1		9	75	D#5	5	243
23	23	89	89	1.0	1/4	1/4	2/2	2	1	1/4	1/4	1		6	66	F#4	4	251
23	23	89	89	1.0	1/4	1/4	2/2	2	1	1/4	1/4	1		5	71	B4	4	251
23	23	89	89	0.75	1/4	1/4	2/2	1	1	3/16	1/8	3/2		11	77	E#5	5	244
23	23	359/4	359/4	0.25	7/16	7/16	2/2	1	1	1/16	1/16	1		9	75	D#5	5	245
23	23	90	90	1.0	1/2	1/2	2/2	2	1	1/4	1/4	1		9	63	D#4	4	252
23	23	90	90	1.0	1/2	1/2	2/2	2	1	1/4	1/4	1		12	72	B#4	4	252
23	23	90	90	0.5	1/2	1/2	2/2	1	1	1/8	1/8	1		6	78	F#5	5	246
23	23	91	91	1.0	3/4	3/4	2/2	2	1	1/4	1/4	1		8	56	G#3	3	253
23	23	91	91	0.75	3/4	3/4	2/2	1	1	3/16	1/8	3/2		6	78	F#5	5	247
23	23	367/4	367/4	0.25	15/16	15/16	2/2	1	1	1/16	1/16	1		9	75	D#5	5	248
24	24	92	92	1.0	0	0	2/2	2	1	1/4	1/4	1		6	66	F#4	4	264
24	24	92	92	2.0	0	0	2/2	1	2	1/2	1/2	1	-1	3	69	A4	4	263
24	24	92	92	1.0	0	0	2/2	2	1	1/4	1/4	1		5	71	B4	4	264
24	24	92	92	0.75	0	0	2/2	1	1	3/16	1/8	3/2		11	77	E#5	5	254
24	24	371/4	371/4	0.25	3/16	3/16	2/2	1	1	1/16	1/16	1		9	75	D#5	5	255
24	24	93	93	1.0	1/4	1/4	2/2	2	1	1/4	1/4	1		9	63	D#4	4	265
24	24	93	93	1.0	1/4	1/4	2/2	2	1	1/4	1/4	1		12	72	B#4	4	265
24	24	93	93	0.5	1/4	1/4	2/2	1	1	1/8	1/8	1		6	78	F#5	5	256
24	24	94	94	1.0	1/2	1/2	2/2	2	1	1/4	1/4	1		9	63	D#4	4	266
24	24	94	94	0.3333333333333333	1/2	1/2	2/2	1	1	1/12	1/8	2/3		3	69	A4	4	257
24	24	283/3	283/3	0.3333333333333333	7/12	7/12	2/2	1	1	1/12	1/8	2/3		0	72	C5	5	258
24	24	284/3	284/3	0.3333333333333333	2/3	2/3	2/2	1	1	1/12	1/8	2/3		2	74	D5	5	259
24	24	95	95	1.0	3/4	3/4	2/2	2	1	1/4	1/4	1		8	56	G#3	3	267
24	24	95	95	0.3333333333333333	3/4	3/4	2/2	1	1	1/12	1/8	2/3		9	75	D#5	5	260
24	24	286/3	286/3	0.3333333333333333	5/6	5/6	2/2	1	1	1/12	1/8	2/3		11	77	E#5	5	261
24	24	287/3	287/3	0.3333333333333333	11/12	11/12	2/2	1	1	1/12	1/8	2/3		6	78	F#5	5	262
25	25	96	96	0.5	0	0	2/2	2	1	1/8	1/8	1		-1	53	F3	3	273
25	25	96	96	0.5	0	0	2/2	2	1	1/8	1/8	1		-2	58	Bb3	3	273
25	25	96	96	0.5	0	0	2/2	2	1	1/8	1/8	1		-3	63	Eb4	4	273
25	25	193/2	193/2	0.5	1/8	1/8	2/2	1	1	1/8	1/8	1		3	69	A4	4	268
25	25	193/2	193/2	0.5	1/8	1/8	2/2	1	1	1/8	1/8	1		2	74	D5	5	268
25	25	193/2	193/2	0.5	1/8	1/8	2/2	1	1	1/8	1/8	1		1	79	G5	5	268
25	25	97	97	0.5	1/4	1/4	2/2	1	1	1/8	1/8	1		1	67	G4	4	269
25	25	97	97	0.5	1/4	1/4	2/2	1	1	1/8	1/8	1		0	72	C5	5	269
25	25	97	97	0.5	1/4	1/4	2/2	1	1	1/8	1/8	1		1	79	G5	5	269
25	25	195/2	195/2	0.5	3/8	3/8	2/2	2	1	1/8	1/8	1		-1	65	F4	4	274
25	25	195/2	195/2	0.5	3/8	3/8	2/2	2	1	1/8	1/8	1		-2	70	Bb4	4	274
25	25	195/2	195/2	0.5	3/8	3/8	2/2	2	1	1/8	1/8	1		-3	75	Eb5	5	274
25	25	98	98	0.5	1/2	1/2	2/2	1	1	1/8	1/8	1		3	69	A4	4	270
25	25	98	98	0.5	1/2	1/2	2/2	1	1	1/8	1/8	1		2	74	D5	5	270
25	25	98	98	0.5	1/2	1/2	2/2	1	1	1/8	1/8	1		1	79	G5	5	270
25	25	197/2	197/2	0.5	5/8	5/8	2/2	1	1	1/8	1/8	1		1	67	G4	4	271
25	25	197/2	197/2	0.5	5/8	5/8	2/2	1	1	1/8	1/8	1		0	72	C5	5	271
25	25	197/2	197/2	0.5	5/8	5/8	2/2	1	1	1/8	1/8	1		1	79	G5	5	271
25	25	99	99	0.5	3/4	3/4	2/2	2	1	1/8	1/8	1		-1	65	F4	4	275
25	25	99	99	0.5	3/4	3/4	2/2	2	1	1/8	1/8	1		-2	70	Bb4	4	275
25	25	99	99	0.5	3/4	3/4	2/2	2	1	1/8	1/8	1		-3	75	Eb5	5	275
25	25	199/2	199/2	0.5	7/8	7/8	2/2	1	1	1/8	1/8	1		3	69	A4	4	272
25	25	199/2	199/2	0.5	7/8	7/8	2/2	1	1	1/8	1/8	1		2	74	D5	5	272
25	25	199/2	199/2	0.5	7/8	7/8	2/2	1	1	1/8	1/8	1		1	79	G5	5	272
26	26	100	100	0.5	0	0	2/2	2	1	1/8	1/8	1		-4	68	Ab4	4	276
26	26	100	100	0.5	0	0	2/2	2	1	1/8	1/8	1		-5	73	Db5	5	276
26	26	100	100	0.5	0	0	2/2	2	1	1/8	1/8	1		1	79	G5	5	276
26	26	201/2	201/2	0.5	1/8	1/8	2/2	2	1	1/8	1/8	1		-4	68	Ab4	4	277
26	26	201/2	201/2	0.5	1/8	1/8	2/2	2	1	1/8	1/8	1		-5	73	Db5	5	277
26	26	201/2	201/2	0.5	1/8	1/8	2/2	2	1	1/8	1/8	1		1	79	G5	5	277
26	26	101	101	0.5	1/4	1/4	2/2	2	1	1/8	1/8	1		-4	80	Ab5	5	278
26	26	101	101	0.5	1/4	1/4	2/2	2	1	1/8	1/8	1		-5	85	Db6	6	278
26	26	101	101	0.5	1/4	1/4	2/2	2	1	1/8	1/8	1		1	91	G6	6	278
26	26	203/2	203/2	0.5	3/8	3/8	2/2	2	1	1/8	1/8	1	1	-4	68	Ab4	4	279
26	26	203/2	203/2	0.5	3/8	3/8	2/2	2	1	1/8	1/8	1	1	-5	73	Db5	5	279
26	26	203/2	203/2	0.5	3/8	3/8	2/2	2	1	1/8	1/8	1	1	1	79	G5	5	279
26	26	102	102	0.5	1/2	1/2	2/2	2	1	1/8	1/8	1	-1	-4	68	Ab4	4	280
26	26	102	102	0.5	1/2	1/2	2/2	2	1	1/8	1/8	1	-1	-5	73	Db5	5	280
26	26	102	102	0.5	1/2	1/2	2/2	2	1	1/8	1/8	1	-1	1	79	G5	5	280
26	26	205/2	205/2	0.5	5/8	5/8	2/2	2	1	1/8	1/8	1		-4	56	Ab3	3	281
26	26	205/2	205/2	0.5	5/8	5/8	2/2	2	1	1/8	1/8	1		-5	61	Db4	4	281
26	26	205/2	205/2	0.5	5/8	5/8	2/2	2	1	1/8	1/8	1		1	67	G4	4	281
26	26	103	103	0.5	3/4	3/4	2/2	2	1	1/8	1/8	1		-2	34	Bb1	1	282
26	26	103	103	0.5	3/4	3/4	2/2	2	1	1/8	1/8	1		-2	46	Bb2	2	282
27	27	104	104	0.5	0	0	2/2	2	1	1/8	1/8	1		-1	53	F3	3	288
27	27	104	104	0.5	0	0	2/2	2	1	1/8	1/8	1		-2	58	Bb3	3	288
27	27	104	104	0.5	0	0	2/2	2	1	1/8	1/8	1		-3	63	Eb4	4	288
27	27	209/2	209/2	0.5	1/8	1/8	2/2	1	1	1/8	1/8	1		3	69	A4	4	283
27	27	209/2	209/2	0.5	1/8	1/8	2/2	1	1	1/8	1/8	1		2	74	D5	5	283
27	27	209/2	209/2	0.5	1/8	1/8	2/2	1	1	1/8	1/8	1		1	79	G5	5	283
27	27	105	105	0.5	1/4	1/4	2/2	1	1	1/8	1/8	1		1	67	G4	4	284
27	27	105	105	0.5	1/4	1/4	2/2	1	1	1/8	1/8	1		0	72	C5	5	284
27	27	105	105	0.5	1/4	1/4	2/2	1	1	1/8	1/8	1		1	79	G5	5	284
27	27	211/2	211/2	0.5	3/8	3/8	2/2	2	1	1/8	1/8	1		-1	65	F4	4	289
27	27	211/2	211/2	0.5	3/8	3/8	2/2	2	1	1/8	1/8	1		-2	70	Bb4	4	289
27	27	211/2	211/2	0.5	3/8	3/8	2/2	2	1	1/8	1/8	1		-3	75	Eb5	5	289
27	27	106	106	0.5	1/2	1/2	2/2	1	1	1/8	1/8	1		-1	65	F4	4	285
27	27	106	106	0.5	1/2	1/2	2/2	1	1	1/8	1/8	1		2	74	D5	5	285
27	27	106	106	0.5	1/2	1/2	2/2	1	1	1/8	1/8	1		1	79	G5	5	285
27	27	213/2	213/2	0.5	5/8	5/8	2/2	1	1	1/8	1/8	1		1	67	G4	4	286
27	27	213/2	213/2	0.5	5/8	5/8	2/2	1	1	1/8	1/8	1		0	72	C5	5	286
27	27	213/2	213/2	0.5	5/8	5/8	2/2	1	1	1/8	1/8	1		1	79	G5	5	286
27	27	107	107	0.5	3/4	3/4	2/2	2	1	1/8	1/8	1		-1	65	F4	4	290
27	27	107	107	0.5	3/4	3/4	2/2	2	1	1/8	1/8	1		-2	70	Bb4	4	290
27	27	107	107	0.5	3/4	3/4	2/2	2	1	1/8	1/8	1		-3	75	Eb5	5	290
27	27	215/2	215/2	0.5	7/8	7/8	2/2	1	1	1/8	1/8	1		3	69	A4	4	287
27	27	215/2	215/2	0.5	7/8	7/8	2/2	1	1	1/8	1/8	1		2	74	D5	5	287
27	27	215/2	215/2	0.5	7/8	7/8	2/2	1	1	1/8	1/8	1		1	79	G5	5	287
28	28	108	108	0.5	0	0	2/2	2	1	1/8	1/8	1		8	68	G#4	4	291
28	28	108	108	0.5	0	0	2/2	2	1	1/8	1/8	1		7	73	C#5	5	291
28	28	108	108	0.5	0	0	2/2	2	1	1/8	1/8	1		6	78	F#5	5	291
28	28	217/2	217/2	0.5	1/8	1/8	2/2	2	1	1/8	1/8	1		8	68	G#4	4	292
28	28	217/2	217/2	0.5	1/8	1/8	2/2	2	1	1/8	1/8	1		7	73	C#5	5	292
28	28	217/2	217/2	0.5	1/8	1/8	2/2	2	1	1/8	1/8	1		6	78	F#5	5	292
28	28	109	109	0.5	1/4	1/4	2/2	2	1	1/8	1/8	1		5	83	B5	5	293
28	28	109	109	0.5	1/4	1/4	2/2	2	1	1/8	1/8	1		4	88	E6	6	293
28	28	109	109	0.5	1/4	1/4	2/2	2	1	1/8	1/8	1		10	94	A#6	6	293
28	28	219/2	219/2	0.5	3/8	3/8	2/2	2	1	1/8	1/8	1	1	8	68	G#4	4	294
28	28	219/2	219/2	0.5	3/8	3/8	2/2	2	1	1/8	1/8	1	1	7	73	C#5	5	294
28	28	219/2	219/2	0.5	3/8	3/8	2/2	2	1	1/8	1/8	1	1	6	78	F#5	5	294
28	28	110	110	0.5	1/2	1/2	2/2	2	1	1/8	1/8	1	-1	8	68	G#4	4	295
28	28	110	110	0.5	1/2	1/2	2/2	2	1	1/8	1/8	1	-1	7	73	C#5	5	295
28	28	110	110	0.5	1/2	1/2	2/2	2	1	1/8	1/8	1	-1	6	78	F#5	5	295
28	28	221/2	221/2	0.5	5/8	5/8	2/2	2	1	1/8	1/8	1		8	56	G#3	3	296
28	28	221/2	221/2	0.5	5/8	5/8	2/2	2	1	1/8	1/8	1		7	61	C#4	4	296
28	28	221/2	221/2	0.5	5/8	5/8	2/2	2	1	1/8	1/8	1		6	66	F#4	4	296
28	28	111	111	0.5	3/4	3/4	2/2	2	1	1/8	1/8	1		10	34	A#1	1	297
28	28	111	111	0.5	3/4	3/4	2/2	2	1	1/8	1/8	1		10	46	A#2	2	297
29	29	112	112	0.5	0	0	2/2	2	1	1/8	1/8	1		-1	53	F3	3	303
29	29	112	112	0.5	0	0	2/2	2	1	1/8	1/8	1		-2	58	Bb3	3	303
29	29	112	112	0.5	0	0	2/2	2	1	1/8	1/8	1		-3	63	Eb4	4	303
29	29	225/2	225/2	0.5	1/8	1/8	2/2	1	1	1/8	1/8	1		3	69	A4	4	298
29	29	225/2	225/2	0.5	1/8	1/8	2/2	1	1	1/8	1/8	1		2	74	D5	5	298
29	29	225/2	225/2	0.5	1/8	1/8	2/2	1	1	1/8	1/8	1		1	79	G5	5	298
29	29	113	113	0.5	1/4	1/4	2/2	1	1	1/8	1/8	1		1	67	G4	4	299
29	29	113	113	0.5	1/4	1/4	2/2	1	1	1/8	1/8	1		0	72	C5	5	299
29	29	113	113	0.5	1/4	1/4	2/2	1	1	1/8	1/8	1		1	79	G5	5	299
29	29	227/2	227/2	0.5	3/8	3/8	2/2	2	1	1/8	1/8	1		-1	65	F4	4	304
29	29	227/2	227/2	0.5	3/8	3/8	2/2	2	1	1/8	1/8	1		-2	70	Bb4	4	304
29	29	227/2	227/2	0.5	3/8	3/8	2/2	2	1	1/8	1/8	1		-3	75	Eb5	5	304
29	29	114	114	0.5	1/2	1/2	2/2	1	1	1/8	1/8	1		3	69	A4	4	300
29	29	114	114	0.5	1/2	1/2	2/2	1	1	1/8	1/8	1		2	74	D5	5	300
29	29	114	114	0.5	1/2	1/2	2/2	1	1	1/8	1/8	1		1	79	G5	5	300
29	29	229/2	229/2	0.5	5/8	5/8	2/2	2	1	1/8	1/8	1		8	68	G#4	4	305
29	29	229/2	229/2	0.5	5/8	5/8	2/2	2	1	1/8	1/8	1		7	73	C#5	5	305
29	29	229/2	229/2	0.5	5/8	5/8	2/2	2	1	1/8	1/8	1		6	78	F#5	5	305
29	29	115	115	0.5	3/4	3/4	2/2	1	1	1/8	1/8	1		0	72	C5	5	301
29	29	115	115	0.5	3/4	3/4	2/2	1	1	1/8	1/8	1		-1	77	F5	5	301
29	29	115	115	0.5	3/4	3/4	2/2	1	1	1/8	1/8	1		-2	82	Bb5	5	301
29	29	231/2	231/2	0.5	7/8	7/8	2/2	1	1	1/8	1/8	1		-7	71	Cb5	5	302
29	29	231/2	231/2	0.5	7/8	7/8	2/2	1	1	1/8	1/8	1		-8	76	Fb5	5	302
29	29	231/2	231/2	0.5	7/8	7/8	2/2	1	1	1/8	1/8	1		-2	82	Bb5	5	302
30	30	116	116	0.5	0	0	2/2	1	2	1/8	1/8	1		-2	70	Bb4	4	311
30	30	116	116	0.5	0	0	2/2	1	2	1/8	1/8	1		-3	75	Eb5	5	311
30	30	116	116	0.5	0	0	2/2	1	2	1/8	1/8	1		-4	80	Ab5	5	311
30	30	233/2	233/2	0.5	1/8	1/8	2/2	1	1	1/8	1/8	1		2	74	D5	5	306
30	30	233/2	233/2	0.5	1/8	1/8	2/2	1	1	1/8	1/8	1		1	79	G5	5	306
30	30	233/2	233/2	0.5	1/8	1/8	2/2	1	1	1/8	1/8	1		0	84	C6	6	306
30	30	117	117	0.5	1/4	1/4	2/2	1	1	1/8	1/8	1		0	72	C5	5	307
30	30	117	117	0.5	1/4	1/4	2/2	1	1	1/8	1/8	1		-1	77	F5	5	307
30	30	235/2	235/2	0.5	3/8	3/8	2/2	1	2	1/8	1/8	1		7	73	C#5	5	312
30	30	235/2	235/2	0.5	3/8	3/8	2/2	1	2	1/8	1/8	1		6	78	F#5	5	312
30	30	118	118	0.5	1/2	1/2	2/2	1	1	1/8	1/8	1		2	74	D5	5	308
30	30	118	118	0.5	1/2	1/2	2/2	1	1	1/8	1/8	1		1	79	G5	5	308
30	30	237/2	237/2	0.5	5/8	5/8	2/2	1	1	1/8	1/8	1		4	76	E5	5	309
30	30	237/2	237/2	0.5	5/8	5/8	2/2	1	1	1/8	1/8	1		3	81	A5	5	309
30	30	119	119	0.5	3/4	3/4	2/2	1	2	1/8	1/8	1		-1	77	F5	5	313
30	30	119	119	0.5	3/4	3/4	2/2	1	2	1/8	1/8	1		-2	82	Bb5	5	313
30	30	239/2	239/2	0.5	7/8	7/8	2/2	1	1	1/8	1/8	1		1	79	G5	5	310
30	30	239/2	239/2	0.5	7/8	7/8	2/2	1	1	1/8	1/8	1		0	84	C6	6	310
31	31	120	120	0.5	0	0	2/2	1	2	1/8	1/8	1		10	82	A#5	5	319
31	31	120	120	0.5	0	0	2/2	1	2	1/8	1/8	1		9	87	D#6	6	319
31	31	241/2	241/2	0.5	1/8	1/8	2/2	1	1	1/8	1/8	1		5	83	B5	5	314
31	31	241/2	241/2	0.5	1/8	1/8	2/2	1	1	1/8	1/8	1		4	88	E6	6	314
31	31	121	121	0.5	1/4	1/4	2/2	1	1	1/8	1/8	1		3	81	A5	5	315
31	31	121	121	0.5	1/4	1/4	2/2	1	1	1/8	1/8	1		2	86	D6	6	315
31	31	243/2	243/2	0.5	3/8	3/8	2/2	1	2	1/8	1/8	1		8	80	G#5	5	320
31	31	243/2	243/2	0.5	3/8	3/8	2/2	1	2	1/8	1/8	1		7	85	C#6	6	320
31	31	122	122	0.5	1/2	1/2	2/2	1	1	1/8	1/8	1		1	79	G5	5	316
31	31	122	122	0.5	1/2	1/2	2/2	1	1	1/8	1/8	1		0	84	C6	6	316
31	31	245/2	245/2	0.5	5/8	5/8	2/2	1	1	1/8	1/8	1		-1	77	F5	5	317
31	31	245/2	245/2	0.5	5/8	5/8	2/2	1	1	1/8	1/8	1		5	83	B5	5	317
31	31	123	123	0.5	3/4	3/4	2/2	1	2	1/8	1/8	1		9	75	D#5	5	321
31	31	123	123	0.5	3/4	3/4	2/2	1	2	1/8	1/8	1		8	80	G#5	5	321
31	31	247/2	247/2	0.5	7/8	7/8	2/2	1	1	1/8	1/8	1		4	76	E5	5	318
31	31	247/2	247/2	0.5	7/8	7/8	2/2	1	1	1/8	1/8	1		3	81	A5	5	318
32	32	124	124	0.5	0	0	2/2	1	1	1/8	1/8	1		2	74	D5	5	322
32	32	124	124	0.5	0	0	2/2	1	1	1/8	1/8	1		1	79	G5	5	322
32	32	249/2	249/2	0.5	1/8	1/8	2/2	1	2	1/8	1/8	1		7	73	C#5	5	328
32	32	249/2	249/2	0.5	1/8	1/8	2/2	1	2	1/8	1/8	1		6	78	F#5	5	328
32	32	125	125	0.5	1/4	1/4	2/2	1	1	1/8	1/8	1		0	72	C5	5	323
32	32	125	125	0.5	1/4	1/4	2/2	1	1	1/8	1/8	1		-1	77	F5	5	323
32	32	251/2	251/2	0.5	3/8	3/8	2/2	1	1	1/8	1/8	1		5	71	B4	4	324
32	32	251/2	251/2	0.5	3/8	3/8	2/2	1	1	1/8	1/8	1		4	76	E5	5	324
32	32	126	126	0.5	1/2	1/2	2/2	1	2	1/8	1/8	1		8	68	G#4	4	329
32	32	126	126	0.5	1/2	1/2	2/2	1	2	1/8	1/8	1		7	73	C#5	5	329
32	32	253/2	253/2	0.5	5/8	5/8	2/2	1	1	1/8	1/8	1		3	69	A4	4	325
32	32	253/2	253/2	0.5	5/8	5/8	2/2	1	1	1/8	1/8	1		2	74	D5	5	325
32	32	127	127	0.5	3/4	3/4	2/2	1	1	1/8	1/8	1		-1	65	F4	4	326
32	32	255/2	255/2	0.5	7/8	7/8	2/2	1	1	1/8	1/8	1		6	66	F#4	4	327
33	33	128	128	1.0	0	0	2/2	2	1	1/4	1/4	1		4	40	E2	2	337
33	33	128	128	1.0	0	0	2/2	2	1	1/4	1/4	1		1	55	G3	3	337
33	33	128	128	0.5	0	0	2/2	1	1	1/8	1/8	1		13	67	F##4	4	330
33	33	257/2	257/2	0.5	1/8	1/8	2/2	1	1	1/8	1/8	1		8	68	G#4	4	331
33	33	257/2	257/2	0.5	1/8	1/8	2/2	1	1	1/8	1/8	1		7	73	C#5	5	331
33	33	129	129	1.0	1/4	1/4	2/2	2	1	1/4	1/4	1		8	56	G#3	3	338
33	33	129	129	1.0	1/4	1/4	2/2	2	1	1/4	1/4	1		7	61	C#4	4	338
33	33	129	129	1.0	1/4	1/4	2/2	2	1	1/4	1/4	1		4	64	E4	4	338
33	33	129	129	0.5	1/4	1/4	2/2	1	1	1/8	1/8	1		3	69	A4	4	332
33	33	259/2	259/2	0.5	3/8	3/8	2/2	1	1	1/8	1/8	1		10	70	A#4	4	333
33	33	259/2	259/2	0.5	3/8	3/8	2/2	1	1	1/8	1/8	1		9	75	D#5	5	333
33	33	130	130	1.0	1/2	1/2	2/2	2	1	1/4	1/4	1		8	44	G#2	2	339
33	33	130	130	1.0	1/2	1/2	2/2	2	1	1/4	1/4	1		5	59	B3	3	339
33	33	261/2	261/2	0.5	5/8	5/8	2/2	1	1	1/8	1/8	1		13	67	F##4	4	334
33	33	131	131	1.0	3/4	3/4	2/2	2	1	1/4	1/4	1		1	43	G2	2	340
33	33	131	131	1.0	3/4	3/4	2/2	2	1	1/4	1/4	1		-2	58	Bb3	3	340
33	33	131	131	0.5	3/4	3/4	2/2	1	1	1/8	1/8	1		8	68	G#4	4	335
33	33	131	131	0.5	3/4	3/4	2/2	1	1	1/8	1/8	1		7	73	C#5	5	335
33	33	263/2	263/2	0.5	7/8	7/8	2/2	1	1	1/8	1/8	1		3	69	A4	4	336
34	34	132	132	1.0	0	0	2/2	2	1	1/4	1/4	1		6	42	F#2	2	348
34	34	132	132	1.0	0	0	2/2	2	1	1/4	1/4	1		3	57	A3	3	348
34	34	132	132	0.5	0	0	2/2	1	1	1/8	1/8	1		10	70	A#4	4	341
34	34	132	132	0.5	0	0	2/2	1	1	1/8	1/8	1		9	75	D#5	5	341
34	34	265/2	265/2	0.5	1/8	1/8	2/2	1	1	1/8	1/8	1		6	78	F#5	5	342
34	34	133	133	1.0	1/4	1/4	2/2	2	1	1/4	1/4	1		3	57	A3	3	349
34	34	133	133	1.0	1/4	1/4	2/2	2	1	1/4	1/4	1		5	59	B3	3	349
34	34	133	133	1.0	1/4	1/4	2/2	2	1	1/4	1/4	1		9	63	D#4	4	349
34	34	133	133	0.5	1/4	1/4	2/2	1	1	1/8	1/8	1		10	70	A#4	4	343
34	34	133	133	0.5	1/4	1/4	2/2	1	1	1/8	1/8	1		9	75	D#5	5	343
34	34	267/2	267/2	0.5	3/8	3/8	2/2	1	1	1/8	1/8	1	1	3	69	A4	4	344
34	34	267/2	267/2	0.5	3/8	3/8	2/2	1	1	1/8	1/8	1	1	2	74	D5	5	344
34	34	134	134	1.0	1/2	1/2	2/2	2	1	1/4	1/4	1		5	35	B1	1	350
34	34	134	134	1.0	1/2	1/2	2/2	2	1	1/4	1/4	1		9	51	D#3	3	350
34	34	134	134	0.5	1/2	1/2	2/2	1	1	1/8	1/8	1	-1	3	69	A4	4	345
34	34	134	134	0.5	1/2	1/2	2/2	1	1	1/8	1/8	1	-1	2	74	D5	5	345
34	34	269/2	269/2	1.0	5/8	5/8	2/2	1	1	1/4	1/4	1		8	68	G#4	4	346
34	34	269/2	269/2	1.0	5/8	5/8	2/2	1	1	1/4	1/4	1		7	73	C#5	5	346
34	34	135	135	1.0	3/4	3/4	2/2	2	1	1/4	1/4	1		3	57	A3	3	351
34	34	135	135	1.0	3/4	3/4	2/2	2	1	1/4	1/4	1		5	59	B3	3	351
34	34	135	135	1.0	3/4	3/4	2/2	2	1	1/4	1/4	1		9	63	D#4	4	351
34	34	271/2	271/2	0.5	7/8	7/8	2/2	1	1	1/8	1/8	1	1	13	67	F##4	4	347
35	35	136	136	1.0	0	0	2/2	2	1	1/4	1/4	1		4	40	E2	2	359
35	35	136	136	1.0	0	0	2/2	2	1	1/4	1/4	1		1	55	G3	3	359
35	35	136	136	0.5	0	0	2/2	1	1	1/8	1/8	1	-1	13	67	F##4	4	352
35	35	273/2	273/2	0.5	1/8	1/8	2/2	1	1	1/8	1/8	1		8	68	G#4	4	353
35	35	273/2	273/2	0.5	1/8	1/8	2/2	1	1	1/8	1/8	1		7	73	C#5	5	353
35	35	137	137	1.0	1/4	1/4	2/2	2	1	1/4	1/4	1		8	56	G#3	3	360
35	35	137	137	1.0	1/4	1/4	2/2	2	1	1/4	1/4	1		7	61	C#4	4	360
35	35	137	137	1.0	1/4	1/4	2/2	2	1	1/4	1/4	1		4	64	E4	4	360
35	35	137	137	0.5	1/4	1/4	2/2	1	1	1/8	1/8	1		3	69	A4	4	354
35	35	275/2	275/2	0.5	3/8	3/8	2/2	1	1	1/8	1/8	1		10	70	A#4	4	355
35	35	275/2	275/2	0.5	3/8	3/8	2/2	1	1	1/8	1/8	1		9	75	D#5	5	355
35	35	138	138	1.0	1/2	1/2	2/2	2	1	1/4	1/4	1		8	44	G#2	2	361
35	35	138	138	1.0	1/2	1/2	2/2	2	1	1/4	1/4	1		5	59	B3	3	361
35	35	277/2	277/2	0.5	5/8	5/8	2/2	1	1	1/8	1/8	1		6	66	F#4	4	356
35	35	139	139	1.0	3/4	3/4	2/2	2	1	1/4	1/4	1		1	43	G2	2	362
35	35	139	139	1.0	3/4	3/4	2/2	2	1	1/4	1/4	1		-2	58	Bb3	3	362
35	35	139	139	0.5	3/4	3/4	2/2	1	1	1/8	1/8	1		8	68	G#4	4	357
35	35	139	139	0.5	3/4	3/4	2/2	1	1	1/8	1/8	1		7	73	C#5	5	357
35	35	279/2	279/2	0.5	7/8	7/8	2/2	1	1	1/8	1/8	1		3	69	A4	4	358
36	36	140	140	1.0	0	0	2/2	2	1	1/4	1/4	1		6	42	F#2	2	370
36	36	140	140	1.0	0	0	2/2	2	1	1/4	1/4	1		3	57	A3	3	370
36	36	140	140	0.5	0	0	2/2	1	1	1/8	1/8	1		10	70	A#4	4	363
36	36	140	140	0.5	0	0	2/2	1	1	1/8	1/8	1		9	75	D#5	5	363
36	36	281/2	281/2	0.5	1/8	1/8	2/2	1	1	1/8	1/8	1		6	78	F#5	5	364
36	36	141	141	1.0	1/4	1/4	2/2	2	1	1/4	1/4	1		3	57	A3	3	371
36	36	141	141	1.0	1/4	1/4	2/2	2	1	1/4	1/4	1		5	59	B3	3	371
36	36	141	141	1.0	1/4	1/4	2/2	2	1	1/4	1/4	1		9	63	D#4	4	371
36	36	141	141	0.5	1/4	1/4	2/2	1	1	1/8	1/8	1		10	70	A#4	4	365
36	36	141	141	0.5	1/4	1/4	2/2	1	1	1/8	1/8	1		9	75	D#5	5	365
36	36	283/2	283/2	0.5	3/8	3/8	2/2	1	1	1/8	1/8	1	1	3	69	A4	4	366
36	36	283/2	283/2	0.5	3/8	3/8	2/2	1	1	1/8	1/8	1	1	2	74	D5	5	366
36	36	142	142	1.0	1/2	1/2	2/2	2	1	1/4	1/4	1		5	35	B1	1	372
36	36	142	142	1.0	1/2	1/2	2/2	2	1	1/4	1/4	1		9	51	D#3	3	372
36	36	142	142	0.5	1/2	1/2	2/2	1	1	1/8	1/8	1	-1	3	69	A4	4	367
36	36	142	142	0.5	1/2	1/2	2/2	1	1	1/8	1/8	1	-1	2	74	D5	5	367
36	36	285/2	285/2	1.0	5/8	5/8	2/2	1	1	1/4	1/4	1		8	68	G#4	4	368
36	36	285/2	285/2	1.0	5/8	5/8	2/2	1	1	1/4	1/4	1		7	73	C#5	5	368
36	36	143	143	1.0	3/4	3/4	2/2	2	1	1/4	1/4	1		3	57	A3	3	373
36	36	143	143	1.0	3/4	3/4	2/2	2	1	1/4	1/4	1		5	59	B3	3	373
36	36	143	143	1.0	3/4	3/4	2/2	2	1	1/4	1/4	1		9	63	D#4	4	373
36	36	287/2	287/2	0.5	7/8	7/8	2/2	1	1	1/8	1/8	1	1	13	67	F##4	4	369
37	37	144	144	1.0	0	0	2/2	2	1	1/4	1/4	1		4	40	E2	2	382
37	37	144	144	1.0	0	0	2/2	2	1	1/4	1/4	1		1	55	G3	3	382
37	37	144	144	0.5	0	0	2/2	1	1	1/8	1/8	1	-1	13	67	F##4	4	374
37	37	289/2	289/2	0.5	1/8	1/8	2/2	1	1	1/8	1/8	1		8	68	G#4	4	375
37	37	289/2	289/2	0.5	1/8	1/8	2/2	1	1	1/8	1/8	1		7	73	C#5	5	375
37	37	145	145	1.0	1/4	1/4	2/2	2	1	1/4	1/4	1		8	56	G#3	3	383
37	37	145	145	1.0	1/4	1/4	2/2	2	1	1/4	1/4	1		7	61	C#4	4	383
37	37	145	145	1.0	1/4	1/4	2/2	2	1	1/4	1/4	1		4	64	E4	4	383
37	37	145	145	0.5	1/4	1/4	2/2	1	1	1/8	1/8	1		3	69	A4	4	376
37	37	291/2	291/2	0.5	3/8	3/8	2/2	1	1	1/8	1/8	1	1	10	70	A#4	4	377
37	37	291/2	291/2	0.5	3/8	3/8	2/2	1	1	1/8	1/8	1	1	9	75	D#5	5	377
37	37	146	146	1.0	1/2	1/2	2/2	2	1	1/4	1/4	1		8	44	G#2	2	384
37	37	146	146	1.0	1/2	1/2	2/2	2	1	1/4	1/4	1		5	59	B3	3	384
37	37	146	146	0.5	1/2	1/2	2/2	1	1	1/8	1/8	1	-1	10	70	A#4	4	378
37	37	146	146	0.5	1/2	1/2	2/2	1	1	1/8	1/8	1	-1	9	75	D#5	5	378
37	37	293/2	293/2	0.5	5/8	5/8	2/2	1	1	1/8	1/8	1		5	71	B4	4	379
37	37	293/2	293/2	0.5	5/8	5/8	2/2	1	1	1/8	1/8	1		6	78	F#5	5	379
37	37	147	147	1.0	3/4	3/4	2/2	2	1	1/4	1/4	1		1	43	G2	2	385
37	37	147	147	1.0	3/4	3/4	2/2	2	1	1/4	1/4	1		-2	58	Bb3	3	385
37	37	147	147	0.5	3/4	3/4	2/2	1	1	1/8	1/8	1		10	70	A#4	4	380
37	37	147	147	0.5	3/4	3/4	2/2	1	1	1/8	1/8	1		4	76	E5	5	380
37	37	295/2	295/2	0.5	7/8	7/8	2/2	1	1	1/8	1/8	1		3	69	A4	4	381
37	37	295/2	295/2	0.5	7/8	7/8	2/2	1	1	1/8	1/8	1		7	73	C#5	5	381
38	38	148	148	1.0	0	0	2/2	2	1	1/4	1/4	1		6	42	F#2	2	391
38	38	148	148	1.0	0	0	2/2	2	1	1/4	1/4	1		3	57	A3	3	391
38	38	148	148	0.5	0	0	2/2	1	1	1/8	1/8	1		8	68	G#4	4	386
38	38	148	148	0.5	0	0	2/2	1	1	1/8	1/8	1		7	73	C#5	5	386
38	38	297/2	297/2	1.0	1/8	1/8	2/2	1	1	1/4	1/4	1		-1	65	F4	4	387
38	38	297/2	297/2	1.0	1/8	1/8	2/2	1	1	1/4	1/4	1		2	74	D5	5	387
38	38	149	149	1.0	1/4	1/4	2/2	2	1	1/4	1/4	1		3	57	A3	3	392
38	38	149	149	1.0	1/4	1/4	2/2	2	1	1/4	1/4	1		5	59	B3	3	392
38	38	149	149	1.0	1/4	1/4	2/2	2	1	1/4	1/4	1		9	63	D#4	4	392
38	38	299/2	299/2	1.5	3/8	3/8	2/2	1	1	3/8	1/4	3/2		6	66	F#4	4	388
38	38	299/2	299/2	1.5	3/8	3/8	2/2	1	1	3/8	1/4	3/2		5	71	B4	4	388
38	38	150	150	1.0	1/2	1/2	2/2	2	1	1/4	1/4	1		5	35	B1	1	393
38	38	150	150	1.0	1/2	1/2	2/2	2	1	1/4	1/4	1		5	47	B2	2	393
38	38	151	151	1.0	3/4	3/4	2/2	2	1	1/4	1/4	1		1	43	G2	2	394
38	38	151	151	1.0	3/4	3/4	2/2	2	1	1/4	1/4	1		-2	58	Bb3	3	394
38	38	151	151	0.5	3/4	3/4	2/2	1	1	1/8	1/8	1		8	80	G#5	5	389
38	38	151	151	0.5	3/4	3/4	2/2	1	1	1/8	1/8	1		7	85	C#6	6	389
38	38	303/2	303/2	0.5	7/8	7/8	2/2	1	1	1/8	1/8	1	1	11	77	E#5	5	390
38	38	303/2	303/2	0.5	7/8	7/8	2/2	1	1	1/8	1/8	1	1	2	86	D6	6	390
39	39	152	152	1.0	0	0	2/2	2	1	1/4	1/4	1		6	42	F#2	2	400
39	39	152	152	1.0	0	0	2/2	2	1	1/4	1/4	1		3	57	A3	3	400
39	39	152	152	0.5	0	0	2/2	1	1	1/8	1/8	1	-1	11	77	E#5	5	395
39	39	152	152	0.5	0	0	2/2	1	1	1/8	1/8	1	-1	2	86	D6	6	395
39	39	305/2	305/2	1.5	1/8	1/8	2/2	1	1	3/8	1/4	3/2		6	78	F#5	5	396
39	39	305/2	305/2	1.5	1/8	1/8	2/2	1	1	3/8	1/4	3/2		5	83	B5	5	396
39	39	153	153	1.0	1/4	1/4	2/2	2	1	1/4	1/4	1		3	57	A3	3	401
39	39	153	153	1.0	1/4	1/4	2/2	2	1	1/4	1/4	1		9	63	D#4	4	401
39	39	153	153	1.0	1/4	1/4	2/2	2	1	1/4	1/4	1		8	68	G#4	4	401
39	39	154	154	1.0	1/2	1/2	2/2	2	1	1/4	1/4	1		-2	34	Bb1	1	402
39	39	154	154	1.0	1/2	1/2	2/2	2	1	1/4	1/4	1		-2	46	Bb2	2	402
39	39	154	154	0.5	1/2	1/2	2/2	1	1	1/8	1/8	1		-4	80	Ab5	5	397
39	39	154	154	0.5	1/2	1/2	2/2	1	1	1/8	1/8	1		-5	85	Db6	6	397
39	39	309/2	309/2	1.0	5/8	5/8	2/2	1	1	1/4	1/4	1		-1	77	F5	5	398
39	39	309/2	309/2	1.0	5/8	5/8	2/2	1	1	1/4	1/4	1		2	86	D6	6	398
39	39	155	155	1.0	3/4	3/4	2/2	2	1	1/4	1/4	1		-4	56	Ab3	3	403
39	39	155	155	1.0	3/4	3/4	2/2	2	1	1/4	1/4	1		2	62	D4	4	403
39	39	155	155	1.0	3/4	3/4	2/2	2	1	1/4	1/4	1		1	67	G4	4	403
39	39	311/2	311/2	0.5	7/8	7/8	2/2	1	1	1/8	1/8	1		-6	78	Gb5	5	399
39	39	311/2	311/2	0.5	7/8	7/8	2/2	1	1	1/8	1/8	1		-7	83	Cb6	6	399
40	40	313/2	313/2	0.5	1/8	1/8	2/2	1	1	1/8	1/8	1		2	74	D5	5	404
40	40	313/2	313/2	0.5	1/8	1/8	2/2	1	1	1/8	1/8	1		6	78	F#5	5	404
40	40	157	157	0.5	1/4	1/4	2/2	1	1	1/8	1/8	1		8	68	G#4	4	405
40	40	157	157	0.5	1/4	1/4	2/2	1	1	1/8	1/8	1		11	77	E#5	5	405
40	40	315/2	315/2	0.5	3/8	3/8	2/2	1	1	1/8	1/8	1		4	52	E3	3	406
40	40	315/2	315/2	0.5	3/8	3/8	2/2	1	1	1/8	1/8	1		5	59	B3	3	406
40	40	315/2	315/2	0.5	3/8	3/8	2/2	1	1	1/8	1/8	1		4	64	E4	4	406
40	40	158	158	0.5	1/2	1/2	2/2	1	1	1/8	1/8	1		0	60	C4	4	407
40	40	158	158	0.5	1/2	1/2	2/2	1	1	1/8	1/8	1		-3	63	Eb4	4	407
40	40	317/2	317/2	0.5	5/8	5/8	2/2	1	1	1/8	1/8	1		6	54	F#3	3	408
40	40	317/2	317/2	0.5	5/8	5/8	2/2	1	1	1/8	1/8	1		2	62	D4	4	408
40	40	159	159	0.5	3/4	3/4	2/2	1	1	1/8	1/8	1		2	38	D2	2	409
40	40	159	159	0.5	3/4	3/4	2/2	1	1	1/8	1/8	1		2	50	D3	3	409
40	40	319/2	319/2	0.5	7/8	7/8	2/2	1	1	1/8	1/8	1	1	13	67	F##4	4	410
41	41	160	160	1.0	0	0	2/2	2	1	1/4	1/4	1		4	40	E2	2	418
41	41	160	160	1.0	0	0	2/2	2	1	1/4	1/4	1		1	55	G3	3	418
41	41	160	160	0.5	0	0	2/2	1	1	1/8	1/8	1	-1	13	67	F##4	4	411
41	41	321/2	321/2	0.5	1/8	1/8	2/2	1	1	1/8	1/8	1		8	68	G#4	4	412
41	41	321/2	321/2	0.5	1/8	1/8	2/2	1	1	1/8	1/8	1		7	73	C#5	5	412
41	41	161	161	1.0	1/4	1/4	2/2	2	1	1/4	1/4	1		8	56	G#3	3	419
41	41	161	161	1.0	1/4	1/4	2/2	2	1	1/4	1/4	1		7	61	C#4	4	419
41	41	161	161	1.0	1/4	1/4	2/2	2	1	1/4	1/4	1		4	64	E4	4	419
41	41	161	161	0.5	1/4	1/4	2/2	1	1	1/8	1/8	1		3	69	A4	4	413
41	41	323/2	323/2	0.5	3/8	3/8	2/2	1	1	1/8	1/8	1		10	70	A#4	4	414
41	41	323/2	323/2	0.5	3/8	3/8	2/2	1	1	1/8	1/8	1		9	75	D#5	5	414
41	41	162	162	1.0	1/2	1/2	2/2	2	1	1/4	1/4	1		8	44	G#2	2	420
41	41	162	162	1.0	1/2	1/2	2/2	2	1	1/4	1/4	1		5	59	B3	3	420
41	41	325/2	325/2	0.5	5/8	5/8	2/2	1	1	1/8	1/8	1		13	79	F##5	5	415
41	41	163	163	1.0	3/4	3/4	2/2	2	1	1/4	1/4	1		1	43	G2	2	421
41	41	163	163	1.0	3/4	3/4	2/2	2	1	1/4	1/4	1		-2	58	Bb3	3	421
41	41	163	163	0.5	3/4	3/4	2/2	1	1	1/8	1/8	1		8	80	G#5	5	416
41	41	163	163	0.5	3/4	3/4	2/2	1	1	1/8	1/8	1		7	85	C#6	6	416
41	41	327/2	327/2	0.5	7/8	7/8	2/2	1	1	1/8	1/8	1		3	81	A5	5	417
42	42	164	164	1.0	0	0	2/2	2	1	1/4	1/4	1		6	42	F#2	2	429
42	42	164	164	1.0	0	0	2/2	2	1	1/4	1/4	1		3	57	A3	3	429
42	42	164	164	0.5	0	0	2/2	1	1	1/8	1/8	1		10	82	A#5	5	422
42	42	164	164	0.5	0	0	2/2	1	1	1/8	1/8	1		9	87	D#6	6	422
42	42	329/2	329/2	0.5	1/8	1/8	2/2	1	1	1/8	1/8	1		6	90	F#6	6	423
42	42	165	165	1.0	1/4	1/4	2/2	2	1	1/4	1/4	1		3	57	A3	3	430
42	42	165	165	1.0	1/4	1/4	2/2	2	1	1/4	1/4	1		5	59	B3	3	430
42	42	165	165	1.0	1/4	1/4	2/2	2	1	1/4	1/4	1		9	63	D#4	4	430
42	42	165	165	0.5	1/4	1/4	2/2	1	1	1/8	1/8	1		10	82	A#5	5	424
42	42	165	165	0.5	1/4	1/4	2/2	1	1	1/8	1/8	1		9	87	D#6	6	424
42	42	331/2	331/2	0.5	3/8	3/8	2/2	1	1	1/8	1/8	1	1	3	81	A5	5	425
42	42	331/2	331/2	0.5	3/8	3/8	2/2	1	1	1/8	1/8	1	1	2	86	D6	6	425
42	42	166	166	1.0	1/2	1/2	2/2	2	1	1/4	1/4	1		5	35	B1	1	431
42	42	166	166	1.0	1/2	1/2	2/2	2	1	1/4	1/4	1		9	51	D#3	3	431
42	42	166	166	0.5	1/2	1/2	2/2	1	1	1/8	1/8	1	-1	3	81	A5	5	426
42	42	166	166	0.5	1/2	1/2	2/2	1	1	1/8	1/8	1	-1	2	86	D6	6	426
42	42	333/2	333/2	1.0	5/8	5/8	2/2	1	1	1/4	1/4	1		8	80	G#5	5	427
42	42	333/2	333/2	1.0	5/8	5/8	2/2	1	1	1/4	1/4	1		7	85	C#6	6	427
42	42	167	167	1.0	3/4	3/4	2/2	2	1	1/4	1/4	1		3	57	A3	3	432
42	42	167	167	1.0	3/4	3/4	2/2	2	1	1/4	1/4	1		5	59	B3	3	432
42	42	167	167	1.0	3/4	3/4	2/2	2	1	1/4	1/4	1		9	63	D#4	4	432
42	42	335/2	335/2	0.5	7/8	7/8	2/2	1	1	1/8	1/8	1	1	13	67	F##4	4	428
43	43	168	168	1.0	0	0	2/2	2	1	1/4	1/4	1		4	40	E2	2	440
43	43	168	168	1.0	0	0	2/2	2	1	1/4	1/4	1		1	55	G3	3	440
43	43	168	168	0.5	0	0	2/2	1	1	1/8	1/8	1	-1	13	67	F##4	4	433
43	43	337/2	337/2	0.5	1/8	1/8	2/2	1	1	1/8	1/8	1		8	68	G#4	4	434
43	43	337/2	337/2	0.5	1/8	1/8	2/2	1	1	1/8	1/8	1		7	73	C#5	5	434
43	43	169	169	1.0	1/4	1/4	2/2	2	1	1/4	1/4	1		8	56	G#3	3	441
43	43	169	169	1.0	1/4	1/4	2/2	2	1	1/4	1/4	1		7	61	C#4	4	441
43	43	169	169	1.0	1/4	1/4	2/2	2	1	1/4	1/4	1		4	64	E4	4	441
43	43	169	169	0.5	1/4	1/4	2/2	1	1	1/8	1/8	1		3	69	A4	4	435
43	43	339/2	339/2	0.5	3/8	3/8	2/2	1	1	1/8	1/8	1		10	70	A#4	4	436
43	43	339/2	339/2	0.5	3/8	3/8	2/2	1	1	1/8	1/8	1		9	75	D#5	5	436
43	43	170	170	1.0	1/2	1/2	2/2	2	1	1/4	1/4	1		8	44	G#2	2	442
43	43	170	170	1.0	1/2	1/2	2/2	2	1	1/4	1/4	1		5	59	B3	3	442
43	43	341/2	341/2	0.5	5/8	5/8	2/2	1	1	1/8	1/8	1		13	79	F##5	5	437
43	43	171	171	1.0	3/4	3/4	2/2	2	1	1/4	1/4	1		1	43	G2	2	443
43	43	171	171	1.0	3/4	3/4	2/2	2	1	1/4	1/4	1		-2	58	Bb3	3	443
43	43	171	171	0.5	3/4	3/4	2/2	1	1	1/8	1/8	1		8	80	G#5	5	438
43	43	171	171	0.5	3/4	3/4	2/2	1	1	1/8	1/8	1		7	85	C#6	6	438
43	43	343/2	343/2	0.5	7/8	7/8	2/2	1	1	1/8	1/8	1		3	81	A5	5	439
44	44	172	172	1.0	0	0	2/2	2	1	1/4	1/4	1		6	42	F#2	2	453
44	44	172	172	1.0	0	0	2/2	2	1	1/4	1/4	1		3	57	A3	3	453
44	44	172	172	0.5	0	0	2/2	1	1	1/8	1/8	1		10	82	A#5	5	444
44	44	172	172	0.5	0	0	2/2	1	1	1/8	1/8	1		9	87	D#6	6	444
44	44	345/2	345/2	0.5	1/8	1/8	2/2	1	1	1/8	1/8	1		6	90	F#6	6	445
44	44	173	173	1.0	1/4	1/4	2/2	2	1	1/4	1/4	1		3	57	A3	3	454
44	44	173	173	1.0	1/4	1/4	2/2	2	1	1/4	1/4	1		5	59	B3	3	454
44	44	173	173	1.0	1/4	1/4	2/2	2	1	1/4	1/4	1		9	63	D#4	4	454
44	44	173	173	0.5	1/4	1/4	2/2	1	1	1/8	1/8	1		10	82	A#5	5	446
44	44	173	173	0.5	1/4	1/4	2/2	1	1	1/8	1/8	1		9	87	D#6	6	446
44	44	347/2	347/2	0.5	3/8	3/8	2/2	1	1	1/8	1/8	1	1	3	81	A5	5	447
44	44	347/2	347/2	0.5	3/8	3/8	2/2	1	1	1/8	1/8	1	1	2	86	D6	6	447
44	44	174	174	1.0	1/2	1/2	2/2	2	1	1/4	1/4	1		5	35	B1	1	455
44	44	174	174	1.0	1/2	1/2	2/2	2	1	1/4	1/4	1		9	51	D#3	3	455
44	44	174	174	0.5	1/2	1/2	2/2	1	1	1/8	1/8	1	-1	3	81	A5	5	448
44	44	174	174	0.5	1/2	1/2	2/2	1	1	1/8	1/8	1	-1	2	86	D6	6	448
44	44	349/2	349/2	1.0	5/8	5/8	2/2	1	1	1/4	1/4	1		8	80	G#5	5	449
44	44	349/2	349/2	1.0	5/8	5/8	2/2	1	1	1/4	1/4	1		7	85	C#6	6	449
44	44	175	175	1.0	3/4	3/4	2/2	2	1	1/4	1/4	1		3	57	A3	3	456
44	44	175	175	1.0	3/4	3/4	2/2	2	1	1/4	1/4	1		5	59	B3	3	456
44	44	175	175	1.0	3/4	3/4	2/2	2	1	1/4	1/4	1		9	63	D#4	4	456
44	44	351/2	351/2	0.16666666666666666	7/8	7/8	2/2	1	1	1/24	1/16	2/3		13	67	F##4	4	450
44	44	527/3	527/3	0.16666666666666666	11/12	11/12	2/2	1	1	1/24	1/16	2/3		8	68	G#4	4	451
44	44	1055/6	1055/6	0.16666666666666666	23/24	23/24	2/2	1	1	1/24	1/16	2/3		3	69	A4	4	452
45	45	176	176	1.0	0	0	2/2	2	1	1/4	1/4	1		4	40	E2	2	461
45	45	176	176	1.0	0	0	2/2	2	1	1/4	1/4	1		1	55	G3	3	461
45	45	176	176	0.5	0	0	2/2	1	1	1/8	1/8	1		10	70	A#4	4	457
45	45	176	176	0.5	0	0	2/2	1	1	1/8	1/8	1		9	75	D#5	5	457
45	45	353/2	353/2	1.0	1/8	1/8	2/2	1	1	1/4	1/4	1		5	71	B4	4	458
45	45	353/2	353/2	1.0	1/8	1/8	2/2	1	1	1/4	1/4	1		6	78	F#5	5	458
45	45	177	177	1.0	1/4	1/4	2/2	2	1	1/4	1/4	1		8	56	G#3	3	462
45	45	177	177	1.0	1/4	1/4	2/2	2	1	1/4	1/4	1		7	61	C#4	4	462
45	45	177	177	1.0	1/4	1/4	2/2	2	1	1/4	1/4	1		4	64	E4	4	462
45	45	355/2	355/2	1.0	3/8	3/8	2/2	1	1	1/4	1/4	1		0	72	C5	5	459
45	45	355/2	355/2	1.0	3/8	3/8	2/2	1	1	1/4	1/4	1		4	76	E5	5	459
45	45	178	178	1.0	1/2	1/2	2/2	2	1	1/4	1/4	1		8	44	G#2	2	463
45	45	178	178	1.0	1/2	1/2	2/2	2	1	1/4	1/4	1		5	59	B3	3	463
45	45	357/2	357/2	1.5	5/8	5/8	2/2	1	1	3/8	1/4	3/2		7	73	C#5	5	460
45	45	357/2	357/2	1.5	5/8	5/8	2/2	1	1	3/8	1/4	3/2		1	79	G5	5	460
45	45	179	179	1.0	3/4	3/4	2/2	2	1	1/4	1/4	1		1	43	G2	2	464
45	45	179	179	1.0	3/4	3/4	2/2	2	1	1/4	1/4	1		-2	58	Bb3	3	464
46	46	180	180	1.0	0	0	2/2	2	1	1/4	1/4	1		0	36	C2	2	471
46	46	180	180	0.5	0	0	2/2	1	1	1/8	1/8	1		10	70	A#4	4	465
46	46	180	180	0.5	0	0	2/2	1	1	1/8	1/8	1		9	75	D#5	5	465
46	46	361/2	361/2	1.0	1/8	1/8	2/2	1	1	1/4	1/4	1		5	71	B4	4	466
46	46	361/2	361/2	1.0	1/8	1/8	2/2	1	1	1/4	1/4	1		-1	77	F5	5	466
46	46	181	181	1.0	1/4	1/4	2/2	2	1	1/4	1/4	1		2	62	D4	4	472
46	46	181	181	1.0	1/4	1/4	2/2	2	1	1/4	1/4	1		6	66	F#4	4	472
46	46	363/2	363/2	0.5	3/8	3/8	2/2	1	1	1/8	1/8	1		0	72	C5	5	467
46	46	363/2	363/2	0.5	3/8	3/8	2/2	1	1	1/8	1/8	1		4	76	E5	5	467
46	46	182	182	1.0	1/2	1/2	2/2	2	1	1/4	1/4	1		-2	58	Bb3	3	473
46	46	182	182	1.0	1/2	1/2	2/2	2	1	1/4	1/4	1		4	64	E4	4	473
46	46	182	182	0.5	1/2	1/2	2/2	1	1	1/8	1/8	1		7	73	C#5	5	468
46	46	182	182	0.5	1/2	1/2	2/2	1	1	1/8	1/8	1		1	79	G5	5	468
46	46	183	183	1.0	3/4	3/4	2/2	2	1	1/4	1/4	1		0	48	C3	3	474
46	46	183	183	0.5	3/4	3/4	2/2	1	1	1/8	1/8	1		10	70	A#4	4	469
46	46	183	183	0.5	3/4	3/4	2/2	1	1	1/8	1/8	1		9	75	D#5	5	469
46	46	367/2	367/2	0.5	7/8	7/8	2/2	1	1	1/8	1/8	1		5	71	B4	4	470
46	46	367/2	367/2	0.5	7/8	7/8	2/2	1	1	1/8	1/8	1		6	78	F#5	5	470
47	47	184	184	1.0	0	0	2/2	2	1	1/4	1/4	1		-2	46	Bb2	2	480
47	47	184	184	0.5	0	0	2/2	1	1	1/8	1/8	1		0	72	C5	5	475
47	47	184	184	0.5	0	0	2/2	1	1	1/8	1/8	1		4	76	E5	5	475
47	47	369/2	369/2	1.0	1/8	1/8	2/2	1	1	1/4	1/4	1		7	73	C#5	5	476
47	47	369/2	369/2	1.0	1/8	1/8	2/2	1	1	1/4	1/4	1		1	79	G5	5	476
47	47	185	185	1.0	1/4	1/4	2/2	2	1	1/4	1/4	1		-4	56	Ab3	3	481
47	47	185	185	1.0	1/4	1/4	2/2	2	1	1/4	1/4	1		2	62	D4	4	481
47	47	371/2	371/2	0.5	3/8	3/8	2/2	1	1	1/8	1/8	1	1	6	66	F#4	4	477
47	47	371/2	371/2	0.5	3/8	3/8	2/2	1	1	1/8	1/8	1	1	5	71	B4	4	477
47	47	186	186	1.0	1/2	1/2	2/2	2	1	1/4	1/4	1		3	45	A2	2	482
47	47	186	186	0.5	1/2	1/2	2/2	1	1	1/8	1/8	1	-1	6	66	F#4	4	478
47	47	186	186	0.5	1/2	1/2	2/2	1	1	1/8	1/8	1	-1	5	71	B4	4	478
47	47	373/2	373/2	1.5	5/8	5/8	2/2	1	1	3/8	1/4	3/2		-1	65	F4	4	479
47	47	373/2	373/2	1.5	5/8	5/8	2/2	1	1	3/8	1/4	3/2		0	72	C5	5	479
47	47	187	187	1.0	3/4	3/4	2/2	2	1	1/4	1/4	1		1	55	G3	3	483
47	47	187	187	1.0	3/4	3/4	2/2	2	1	1/4	1/4	1		7	61	C#4	4	483
48	48	188	188	1.5	0	0	2/2	2	1	3/8	1/4	3/2		2	50	D3	3	492
48	48	188	188	1.5	0	0	2/2	2	1	3/8	1/4	3/2		6	54	F#3	3	492
48	48	188	188	1.5	0	0	2/2	2	1	3/8	1/4	3/2		0	60	C4	4	492
48	48	188	188	1.5	0	0	2/2	1	1	3/8	1/4	3/2		4	64	E4	4	484
48	48	188	188	0.5	0	0	2/2	1	2	1/8	1/8	1		5	71	B4	4	487
48	48	188	188	1.5	0	0	2/2	1	1	3/8	1/4	3/2		4	76	E5	5	484
48	48	377/2	377/2	1.0	1/8	1/8	2/2	1	2	1/4	1/4	1		-2	70	Bb4	4	488
48	48	379/2	379/2	0.5	3/8	3/8	2/2	2	1	1/8	1/8	1	1	1	43	G2	2	493
48	48	379/2	379/2	0.5	3/8	3/8	2/2	2	1	1/8	1/8	1	1	-1	53	F3	3	493
48	48	379/2	379/2	0.5	3/8	3/8	2/2	1	1	1/8	1/8	1	1	5	59	B3	3	485
48	48	379/2	379/2	0.5	3/8	3/8	2/2	1	1	1/8	1/8	1	1	4	64	E4	4	485
48	48	379/2	379/2	0.5	3/8	3/8	2/2	1	2	1/8	1/8	1	1	3	69	A4	4	489
48	48	190	190	1.0	1/2	1/2	2/2	2	1	1/4	1/4	1	-1	1	43	G2	2	494
48	48	190	190	1.0	1/2	1/2	2/2	2	1	1/4	1/4	1	-1	-1	53	F3	3	494
48	48	190	190	2.0	1/2	1/2	2/2	1	1	1/2	1/2	1	-1	5	59	B3	3	486
48	48	190	190	2.0	1/2	1/2	2/2	1	1	1/2	1/2	1	-1	4	64	E4	4	486
48	48	190	190	0.5	1/2	1/2	2/2	1	2	1/8	1/8	1	-1	3	69	A4	4	490
48	48	381/2	381/2	1.5	5/8	5/8	2/2	1	2	3/8	1/4	3/2		8	68	G#4	4	491
48	48	191	191	1.0	3/4	3/4	2/2	2	1	1/4	1/4	1		1	31	G1	1	495
49	49	192	192	1.5	0	0	2/2	2	1	3/8	1/4	3/2		0	36	C2	2	503
49	49	192	192	1.5	0	0	2/2	2	1	3/8	1/4	3/2		4	52	E3	3	503
49	49	192	192	1.5	0	0	2/2	1	1	3/8	1/4	3/2		-2	58	Bb3	3	496
49	49	192	192	0.5	0	0	2/2	1	2	1/8	1/8	1		2	62	D4	4	500
49	49	192	192	1.5	0	0	2/2	1	1	3/8	1/4	3/2		1	67	G4	4	496
49	49	385/2	385/2	1.0	1/8	1/8	2/2	1	2	1/4	1/4	1		-5	61	Db4	4	501
49	49	387/2	387/2	1.5	3/8	3/8	2/2	2	1	3/8	1/4	3/2		-1	41	F2	2	504
49	49	387/2	387/2	1.5	3/8	3/8	2/2	2	1	3/8	1/4	3/2		-3	51	Eb3	3	504
49	49	387/2	387/2	1.5	3/8	3/8	2/2	1	1	3/8	1/4	3/2		3	57	A3	3	497
49	49	387/2	387/2	1.5	3/8	3/8	2/2	1	2	3/8	1/4	3/2		0	60	C4	4	502
49	49	387/2	387/2	1.5	3/8	3/8	2/2	1	1	3/8	1/4	3/2		-1	65	F4	4	497
49	49	195	195	1.0	3/4	3/4	2/2	2	1	1/4	1/4	1	1	-2	34	Bb1	1	505
49	49	195	195	1.0	3/4	3/4	2/2	2	1	1/4	1/4	1	1	-2	46	Bb2	2	505
49	49	195	195	1.0	3/4	3/4	2/2	2	1	1/4	1/4	1	1	2	50	D3	3	505
49	49	195	195	1.0	3/4	3/4	2/2	2	1	1/4	1/4	1	1	-4	56	Ab3	3	505
49	49	195	195	0.5	3/4	3/4	2/2	1	1	1/8	1/8	1		-7	59	Cb4	4	498
49	49	391/2	391/2	0.5	7/8	7/8	2/2	1	1	1/8	1/8	1	1	-2	58	Bb3	3	499
50	50	196	196	1.0	0	0	2/2	2	1	1/4	1/4	1	-1	-2	34	Bb1	1	509
50	50	196	196	1.0	0	0	2/2	2	1	1/4	1/4	1	-1	-2	46	Bb2	2	509
50	50	196	196	1.0	0	0	2/2	2	1	1/4	1/4	1	-1	2	50	D3	3	509
50	50	196	196	1.0	0	0	2/2	2	1	1/4	1/4	1	-1	-4	56	Ab3	3	509
50	50	196	196	1.0	0	0	2/2	1	1	1/4	1/4	1	-1	-2	58	Bb3	3	506
50	50	197	197	1.0	1/4	1/4	2/2	2	1	1/4	1/4	1		-3	27	Eb1	1	510
50	50	197	197	1.0	1/4	1/4	2/2	2	1	1/4	1/4	1		-3	39	Eb2	2	510
50	50	198	198	0.5	1/2	1/2	2/2	1	2	1/8	1/8	1		-5	61	Db4	4	508
50	50	198	198	0.5	1/2	1/2	2/2	1	2	1/8	1/8	1		1	67	G4	4	508
50	50	198	198	0.5	1/2	1/2	2/2	1	1	1/8	1/8	1		-7	71	Cb5	5	507
50	50	198	198	0.5	1/2	1/2	2/2	1	1	1/8	1/8	1		-8	76	Fb5	5	507
